2026-08-13 20:22:02  INFO      __main__  ──────────────────────────────────────────────────────────────────────
2026-08-13 20:22:02  INFO      __main__  FOLIO New Materials — run starting 2026-08-13 20:22:02
2026-08-13 20:22:02  INFO      __main__  Config: config.ini
2026-08-13 20:22:02  INFO      __main__  Date range: 2026-05-15 → 2026-08-13
2026-08-13 20:22:02  DEBUG     src.folio_client  Orders query: ((receiptDate>="2026-05-15T00:00:00" and receiptDate<="2026-08-13T23:59:59") and receiptStatus=="Fully Received") sortby metadata.updatedDate/sort.descending
2026-08-13 20:22:02  DEBUG     urllib3.connectionpool  Starting new HTTPS connection (1): api-lemoyne.folio.ebsco.com:443
2026-08-13 20:22:03  DEBUG     urllib3.connectionpool  https://api-lemoyne.folio.ebsco.com:443 "POST /authn/login-with-expiry HTTP/1.1" 201 None
2026-08-13 20:22:03  INFO      src.folio_client  FOLIO authentication successful (token cached)
2026-08-13 20:22:03  DEBUG     urllib3.connectionpool  Starting new HTTPS connection (1): api-lemoyne.folio.ebsco.com:443
2026-08-13 20:22:03  DEBUG     urllib3.connectionpool  https://api-lemoyne.folio.ebsco.com:443 "GET /orders/order-lines?query=%28%28receiptDate%3E%3D%222026-05-15T00%3A00%3A00%22+and+receiptDate%3C%3D%222026-08-13T23%3A59%3A59%22%29+and+receiptStatus%3D%3D%22Fully+Received%22%29+sortby+metadata.updatedDate%2Fsort.descending&limit=200&offset=0 HTTP/1.1" 200 32937
2026-08-13 20:22:03  INFO      __main__  Retrieved 104 order lines
2026-08-13 20:22:03  DEBUG     urllib3.connectionpool  https://api-lemoyne.folio.ebsco.com:443 "GET /search/instances?query=%28id%3D%3D%22353d2bb6-c4ab-49a1-bb09-c94a92d997a6%22+or+id%3D%3D%2215ec25be-13ce-49b6-984a-04a4ca9ad546%22+or+id%3D%3D%22ae6fed8b-eabe-4cc5-bf48-6b8bf6fc2497%22+or+id%3D%3D%224239356f-c5ff-4f80-8294-74313d748e37%22+or+id%3D%3D%22a758abc2-d7ea-4293-bfa9-2e20cb502a7c%22+or+id%3D%3D%221fc62f97-d8b4-570b-93b2-db2d38fbf8af%22+or+id%3D%3D%22054ab8f5-55c1-5458-8e9a-02ae739c91cd%22+or+id%3D%3D%22e291a0ae-09df-4842-baa3-e124870c3de4%22+or+id%3D%3D%22f3ba5444-cb7a-43f6-84f8-55a980e9d8a0%22+or+id%3D%3D%22cae3d197-eab8-43ef-b86b-d08b07946a61%22+or+id%3D%3D%227550874b-2da9-4dc7-9e99-e4c218790f1a%22+or+id%3D%3D%22d53831bc-dfa4-4dd8-9b93-b9cb7e4b89c3%22+or+id%3D%3D%223577a7ea-8742-4b59-b95f-e5edbdf57b9e%22+or+id%3D%3D%22e4da304e-798f-4d1e-a512-bced28e50a1e%22+or+id%3D%3D%22524068c8-e8b7-49cd-a885-160238b928eb%22+or+id%3D%3D%22b13690f5-18ef-4baa-8ec1-63e349399e9e%22+or+id%3D%3D%226051a792-421e-4b5b-8dae-3e0e3fcbdf65%22+or+id%3D%3D%22a444eeea-18da-4ea9-8d5b-b2453ad840af%22+or+id%3D%3D%22886c190e-993b-579f-9db2-b7d68e57a922%22+or+id%3D%3D%22ed664865-7963-4d43-9305-dc8d18f0997e%22+or+id%3D%3D%22ff1fb556-6c9e-50d0-beb5-125281389d8f%22+or+id%3D%3D%22609a0b37-f12f-4eb6-8876-04f0965e8a9e%22+or+id%3D%3D%22f8b0f741-7c0f-5ac5-ad8c-478966dd81c2%22+or+id%3D%3D%22ae4b384c-bcc6-47ab-81a6-566ea090502c%22+or+id%3D%3D%22adb3a199-0695-492d-b218-ad6b02b7a8f0%22+or+id%3D%3D%223d7f621c-d301-42ed-b8df-d73c423c04eb%22+or+id%3D%3D%22605791de-aa54-49fe-865e-1e9da1ff5065%22+or+id%3D%3D%2287518e5d-b3d8-509a-9cde-fb0f6ba16ecb%22+or+id%3D%3D%22432435ea-7677-4e22-92f6-63807b7d08dc%22+or+id%3D%3D%2275625d39-31e4-48e5-a76f-e387cf606a3f%22+or+id%3D%3D%223c5be1cb-7263-4b8a-9a9a-26f03858b7a1%22+or+id%3D%3D%22aff4110c-3073-56ac-8201-06af79a18435%22+or+id%3D%3D%22f36628f9-408d-4cfe-b52f-368ebc215071%22+or+id%3D%3D%2286c80696-0f9b-48d1-b5cb-b028ac4de3c4%22+or+id%3D%3D%22e6a9f53d-7e97-4a0c-b76b-c9f51e1d4532%22+or+id%3D%3D%2265d0f7c4-f8d2-45b4-a498-a9672b5a84d4%22+or+id%3D%3D%2221aacd1e-1438-4ee7-bf0f-a2a1f80cdf61%22+or+id%3D%3D%222d236822-4f1a-4046-a809-1b0755b00dc1%22+or+id%3D%3D%2268fd632e-79c3-4ddd-8a02-621a9b19a567%22+or+id%3D%3D%221622aa2f-7dbc-4991-90ee-05436550a362%22+or+id%3D%3D%220e392e26-f166-4f62-8b95-8898da1f7f36%22+or+id%3D%3D%224a90fd66-427a-47c4-bac7-08c9f2933a0c%22+or+id%3D%3D%22d6765922-19a7-448a-a148-67bdfe898820%22+or+id%3D%3D%22ef87a4aa-3860-4d33-a406-212807eb342a%22+or+id%3D%3D%22bbf45ff3-8e3a-4fc7-8a96-c4fdc21d59cc%22+or+id%3D%3D%221373dd9b-6148-43a1-8749-8f2d30609c58%22+or+id%3D%3D%22ad48aab2-19c8-4852-ab1f-a2b0fee61906%22+or+id%3D%3D%221697fc1e-bfa0-5862-97cd-b29fa469adbc%22+or+id%3D%3D%2219707bc4-8830-4749-b0cb-03353ff98fcf%22+or+id%3D%3D%2212bdf8ff-7909-488d-9f0a-78c14e67c7b3%22%29&limit=50&expandAll=true HTTP/1.1" 200 None
2026-08-13 20:22:03  DEBUG     urllib3.connectionpool  https://api-lemoyne.folio.ebsco.com:443 "GET /search/instances?query=%28id%3D%3D%22b2754740-252e-4985-b72d-dbf638e7cb31%22+or+id%3D%3D%22ae38c530-fe24-472f-8423-117f12508df6%22+or+id%3D%3D%22c9ca2c1f-2ae2-5bf8-af0c-a129f69b5639%22+or+id%3D%3D%2223650665-733f-4874-ab91-c3137d092de1%22+or+id%3D%3D%225f179ff1-e8a8-491d-8885-ea7a887409c7%22+or+id%3D%3D%22c823c7f1-9b4b-4ebd-be33-a27201f4c22e%22+or+id%3D%3D%22f95dbbc4-4722-44a4-b6d8-4fc76c816048%22+or+id%3D%3D%22ce83cf95-cccb-4c9f-8a16-06e6f10bf099%22+or+id%3D%3D%22cbd25b16-13ec-5314-8b39-e43d31e55fd5%22+or+id%3D%3D%22feedf627-b780-4db5-aabc-4a5d7866184b%22+or+id%3D%3D%22ed4d7ba3-f047-42b8-8550-873be5bf5d30%22+or+id%3D%3D%224b11fd46-a48b-4cf4-adbc-b1465e25fc4c%22+or+id%3D%3D%22c6cf09ce-d6c6-5c0a-83b7-deb514a912d0%22+or+id%3D%3D%221a97aad4-e5ae-497c-95ac-84f6f11a0a97%22+or+id%3D%3D%2237a91cb2-edb1-50b3-81e7-461a8043dd21%22+or+id%3D%3D%222b2f5589-e82a-445c-8201-43ac081cd0dc%22+or+id%3D%3D%22fd1c9f3b-99d0-5d75-ae31-83350383e9fa%22+or+id%3D%3D%2257c00041-77e4-4cd8-8b7b-6ff2527387b5%22+or+id%3D%3D%22498e3d96-fb01-4706-9ea2-579f90e01800%22+or+id%3D%3D%22e4a69f24-5c02-4341-b991-9bdff36a73e6%22+or+id%3D%3D%22adab5ea0-0f85-4e69-a35c-2fa12c6c2d4a%22+or+id%3D%3D%223e66bb17-7bc2-4e2e-b755-3b502e86faac%22+or+id%3D%3D%223607de06-841a-452c-968a-aecddaa06018%22+or+id%3D%3D%22a70b30bf-a34a-4353-83f4-9508c7aca75b%22+or+id%3D%3D%22ef494b13-386e-4e46-8d27-5b7efda6bad5%22+or+id%3D%3D%228eca126b-64ae-4705-9bb3-7a2027707eaf%22+or+id%3D%3D%22a7839b0c-84ee-4c57-aa8b-bcc10c06f5ea%22+or+id%3D%3D%22c1af76d5-cb27-442b-802c-273353304071%22+or+id%3D%3D%22dad5200b-4c52-4cdc-83ea-6bd5444d2b0c%22+or+id%3D%3D%2265dd071d-a3f7-41a2-b4f8-fa4e80b59196%22+or+id%3D%3D%22036fa639-36cd-41e4-9664-02adba8395ad%22+or+id%3D%3D%2275d1243f-4965-4c7f-9871-0a1561e72626%22+or+id%3D%3D%22473a6b80-c167-402f-a960-f5251c23f1c4%22+or+id%3D%3D%22b2bb0f44-62b8-4cdd-950b-2df23576f2ac%22+or+id%3D%3D%22df6d79d0-6a34-4eba-b617-2654cb7093aa%22+or+id%3D%3D%22aab9fadf-4166-4e1a-a3d9-1671e0aaaede%22+or+id%3D%3D%22affff187-c9fd-5010-859d-199063698fa4%22+or+id%3D%3D%22a50aca5b-9851-4268-9646-8806c3cd76c7%22+or+id%3D%3D%229bba34cd-a718-41b6-83a4-417d55872666%22+or+id%3D%3D%2279fbb5c4-ccd9-4c59-9c0d-6900f8ca1641%22+or+id%3D%3D%22ea92c0dc-9cb2-4ff3-b97c-e4190faf2a8d%22+or+id%3D%3D%2214157781-276e-4ab7-94af-e84e5efd2955%22+or+id%3D%3D%22d6c24703-e0ad-4426-bc57-6008471e6180%22+or+id%3D%3D%223a33ce5f-ee58-466a-968f-bee361f30e00%22+or+id%3D%3D%227d637bac-29b8-4e0b-b347-61c8e8bc3f00%22+or+id%3D%3D%22f0e478e3-b0b1-4e46-ae4d-1a1ac268e0df%22+or+id%3D%3D%2218944ed6-e85b-4953-95cd-e1153b0f120e%22+or+id%3D%3D%2268a469c0-df1f-4dbe-8355-27d0a08e1137%22+or+id%3D%3D%22ead52c52-4885-4f13-9e05-d2c3bc732b67%22+or+id%3D%3D%22eea76be1-e65e-5b2c-a03d-2643d089d051%22%29&limit=50&expandAll=true HTTP/1.1" 200 None
2026-08-13 20:22:04  DEBUG     urllib3.connectionpool  https://api-lemoyne.folio.ebsco.com:443 "GET /search/instances?query=%28id%3D%3D%225c5f1c4f-92d0-46ee-b964-dbd77dcf895d%22+or+id%3D%3D%22e636f130-49e6-4b98-82be-360c59c91621%22+or+id%3D%3D%2243be2c3b-daf2-4d0c-ad94-37b4a0844b37%22+or+id%3D%3D%22b0ee4622-984d-4b04-a813-c92dccf6c3d7%22%29&limit=4&expandAll=true HTTP/1.1" 200 None
2026-08-13 20:22:04  INFO      __main__  Fetched details for 104 instances
2026-08-13 20:22:04  DEBUG     urllib3.connectionpool  https://api-lemoyne.folio.ebsco.com:443 "GET /material-types?limit=500 HTTP/1.1" 200 1291
2026-08-13 20:22:04  INFO      __main__  Discovered 23 material types from FOLIO
2026-08-13 20:22:04  DEBUG     urllib3.connectionpool  https://api-lemoyne.folio.ebsco.com:443 "GET /locations?limit=1000 HTTP/1.1" 200 2498
2026-08-13 20:22:04  INFO      __main__  Loaded 33 location definitions
2026-08-13 20:22:04  INFO      __main__  Fetching cover images for 104 items …
2026-08-13 20:22:04  DEBUG     urllib3.connectionpool  Starting new HTTPS connection (1): books.google.com:443
2026-08-13 20:22:04  DEBUG     urllib3.connectionpool  https://books.google.com:443 "GET /books?jscmd=viewapi&bibkeys=ISBN%3A2026003056 HTTP/1.1" 200 None
2026-08-13 20:22:04  DEBUG     urllib3.connectionpool  Starting new HTTPS connection (1): books.google.com:443
2026-08-13 20:22:04  DEBUG     urllib3.connectionpool  https://books.google.com:443 "GET /books?jscmd=viewapi&bibkeys=OCLC%3A1570483056 HTTP/1.1" 200 None
2026-08-13 20:22:04  DEBUG     urllib3.connectionpool  Starting new HTTPS connection (1): books.google.com:443
2026-08-13 20:22:04  DEBUG     urllib3.connectionpool  https://books.google.com:443 "GET /books?jscmd=viewapi&bibkeys=ISBN%3A9798888905005 HTTP/1.1" 200 None
2026-08-13 20:22:04  DEBUG     urllib3.connectionpool  Starting new HTTPS connection (1): books.google.com:443
2026-08-13 20:22:04  DEBUG     urllib3.connectionpool  https://books.google.com:443 "GET /books?jscmd=viewapi&bibkeys=OCLC%3A1082149225 HTTP/1.1" 200 None
2026-08-13 20:22:04  DEBUG     urllib3.connectionpool  Starting new HTTPS connection (1): books.google.com:443
2026-08-13 20:22:04  DEBUG     urllib3.connectionpool  https://books.google.com:443 "GET /books?jscmd=viewapi&bibkeys=ISBN%3A2024943389 HTTP/1.1" 200 None
2026-08-13 20:22:04  DEBUG     urllib3.connectionpool  Starting new HTTPS connection (1): books.google.com:443
2026-08-13 20:22:04  DEBUG     urllib3.connectionpool  https://books.google.com:443 "GET /books?jscmd=viewapi&bibkeys=OCLC%3A1509695237 HTTP/1.1" 200 None
2026-08-13 20:22:04  DEBUG     urllib3.connectionpool  Starting new HTTPS connection (1): books.google.com:443
2026-08-13 20:22:05  DEBUG     urllib3.connectionpool  https://books.google.com:443 "GET /books?jscmd=viewapi&bibkeys=ISBN%3A9780925776228 HTTP/1.1" 200 None
2026-08-13 20:22:05  DEBUG     urllib3.connectionpool  Starting new HTTPS connection (1): books.google.com:443
2026-08-13 20:22:05  DEBUG     urllib3.connectionpool  https://books.google.com:443 "GET /books?jscmd=viewapi&bibkeys=ISBN%3A2024012516 HTTP/1.1" 200 None
2026-08-13 20:22:05  DEBUG     urllib3.connectionpool  Starting new HTTPS connection (1): books.google.com:443
2026-08-13 20:22:05  DEBUG     urllib3.connectionpool  https://books.google.com:443 "GET /books?jscmd=viewapi&bibkeys=OCLC%3A1417469967 HTTP/1.1" 200 None
2026-08-13 20:22:05  DEBUG     urllib3.connectionpool  Starting new HTTPS connection (1): books.google.com:443
2026-08-13 20:22:05  DEBUG     urllib3.connectionpool  https://books.google.com:443 "GET /books?jscmd=viewapi&bibkeys=ISBN%3A2022000906 HTTP/1.1" 200 None
2026-08-13 20:22:05  DEBUG     urllib3.connectionpool  Starting new HTTPS connection (1): books.google.com:443
2026-08-13 20:22:05  DEBUG     urllib3.connectionpool  https://books.google.com:443 "GET /books?jscmd=viewapi&bibkeys=OCLC%3A1302331379 HTTP/1.1" 200 None
2026-08-13 20:22:05  DEBUG     urllib3.connectionpool  Starting new HTTPS connection (1): api.themoviedb.org:443
2026-08-13 20:22:05  DEBUG     urllib3.connectionpool  https://api.themoviedb.org:443 "GET /3/search/multi?query=Gender+and+sexuality+in+the+classroom+%3A+an+educator%27s+guide+%2F+Marni+Brown%2C+Baker+A.+Rogers%2C+and+Martha+Caldwell.&api_key=0270b36dd719e939d079b611ba56fa7c HTTP/1.1" 200 None
2026-08-13 20:22:05  DEBUG     urllib3.connectionpool  Starting new HTTPS connection (1): books.google.com:443
2026-08-13 20:22:05  DEBUG     urllib3.connectionpool  https://books.google.com:443 "GET /books?jscmd=viewapi&bibkeys=ISBN%3A2024016523 HTTP/1.1" 200 None
2026-08-13 20:22:05  DEBUG     urllib3.connectionpool  Starting new HTTPS connection (1): books.google.com:443
2026-08-13 20:22:06  DEBUG     urllib3.connectionpool  https://books.google.com:443 "GET /books?jscmd=viewapi&bibkeys=OCLC%3A1437997463 HTTP/1.1" 200 None
2026-08-13 20:22:06  DEBUG     urllib3.connectionpool  Starting new HTTPS connection (1): books.google.com:443
2026-08-13 20:22:06  DEBUG     urllib3.connectionpool  https://books.google.com:443 "GET /books?jscmd=viewapi&bibkeys=ISBN%3A0063511630 HTTP/1.1" 200 None
2026-08-13 20:22:06  DEBUG     urllib3.connectionpool  Starting new HTTPS connection (1): books.google.com:443
2026-08-13 20:22:06  DEBUG     urllib3.connectionpool  https://books.google.com:443 "GET /books?jscmd=viewapi&bibkeys=ISBN%3A2025054230 HTTP/1.1" 200 None
2026-08-13 20:22:06  DEBUG     urllib3.connectionpool  Starting new HTTPS connection (1): books.google.com:443
2026-08-13 20:22:06  DEBUG     urllib3.connectionpool  https://books.google.com:443 "GET /books?jscmd=viewapi&bibkeys=OCLC%3A1520908122 HTTP/1.1" 200 None
2026-08-13 20:22:06  DEBUG     urllib3.connectionpool  Starting new HTTPS connection (1): books.google.com:443
2026-08-13 20:22:06  DEBUG     urllib3.connectionpool  https://books.google.com:443 "GET /books?jscmd=viewapi&bibkeys=ISBN%3A2021050502 HTTP/1.1" 200 None
2026-08-13 20:22:06  DEBUG     urllib3.connectionpool  Starting new HTTPS connection (1): books.google.com:443
2026-08-13 20:22:06  DEBUG     urllib3.connectionpool  https://books.google.com:443 "GET /books?jscmd=viewapi&bibkeys=OCLC%3A1288666177 HTTP/1.1" 200 None
2026-08-13 20:22:07  DEBUG     urllib3.connectionpool  Starting new HTTPS connection (1): books.google.com:443
2026-08-13 20:22:07  DEBUG     urllib3.connectionpool  https://books.google.com:443 "GET /books?jscmd=viewapi&bibkeys=ISBN%3A2017303895 HTTP/1.1" 200 None
2026-08-13 20:22:07  DEBUG     urllib3.connectionpool  Starting new HTTPS connection (1): books.google.com:443
2026-08-13 20:22:07  DEBUG     urllib3.connectionpool  https://books.google.com:443 "GET /books?jscmd=viewapi&bibkeys=OCLC%3A952789649 HTTP/1.1" 200 None
2026-08-13 20:22:07  DEBUG     urllib3.connectionpool  Starting new HTTPS connection (1): books.google.com:443
2026-08-13 20:22:08  DEBUG     urllib3.connectionpool  https://books.google.com:443 "GET /books?jscmd=viewapi&bibkeys=ISBN%3A1586921767 HTTP/1.1" 200 None
2026-08-13 20:22:08  DEBUG     urllib3.connectionpool  Starting new HTTPS connection (1): books.google.com:443
2026-08-13 20:22:08  DEBUG     urllib3.connectionpool  https://books.google.com:443 "GET /books?jscmd=viewapi&bibkeys=OCLC%3A1579017246 HTTP/1.1" 200 None
2026-08-13 20:22:08  DEBUG     urllib3.connectionpool  Starting new HTTPS connection (1): books.google.com:443
2026-08-13 20:22:08  DEBUG     urllib3.connectionpool  https://books.google.com:443 "GET /books?jscmd=viewapi&bibkeys=ISBN%3A2014949011 HTTP/1.1" 200 None
2026-08-13 20:22:08  DEBUG     urllib3.connectionpool  Starting new HTTPS connection (1): books.google.com:443
2026-08-13 20:22:08  DEBUG     urllib3.connectionpool  https://books.google.com:443 "GET /books?jscmd=viewapi&bibkeys=OCLC%3A898088225 HTTP/1.1" 200 None
2026-08-13 20:22:08  DEBUG     urllib3.connectionpool  Starting new HTTPS connection (1): books.google.com:443
2026-08-13 20:22:08  DEBUG     urllib3.connectionpool  https://books.google.com:443 "GET /books?jscmd=viewapi&bibkeys=ISBN%3A2025006793 HTTP/1.1" 200 None
2026-08-13 20:22:08  DEBUG     urllib3.connectionpool  Starting new HTTPS connection (1): books.google.com:443
2026-08-13 20:22:08  DEBUG     urllib3.connectionpool  https://books.google.com:443 "GET /books?jscmd=viewapi&bibkeys=OCLC%3A1500217614 HTTP/1.1" 200 None
2026-08-13 20:22:08  DEBUG     urllib3.connectionpool  Starting new HTTPS connection (1): books.google.com:443
2026-08-13 20:22:08  DEBUG     urllib3.connectionpool  https://books.google.com:443 "GET /books?jscmd=viewapi&bibkeys=ISBN%3A2018030408 HTTP/1.1" 200 None
2026-08-13 20:22:08  DEBUG     urllib3.connectionpool  Starting new HTTPS connection (1): books.google.com:443
2026-08-13 20:22:08  DEBUG     urllib3.connectionpool  https://books.google.com:443 "GET /books?jscmd=viewapi&bibkeys=OCLC%3A1043051113 HTTP/1.1" 200 None
2026-08-13 20:22:08  DEBUG     urllib3.connectionpool  Starting new HTTPS connection (1): books.google.com:443
2026-08-13 20:22:09  DEBUG     urllib3.connectionpool  https://books.google.com:443 "GET /books?jscmd=viewapi&bibkeys=ISBN%3A2026016846 HTTP/1.1" 200 None
2026-08-13 20:22:09  DEBUG     urllib3.connectionpool  Starting new HTTPS connection (1): books.google.com:443
2026-08-13 20:22:09  DEBUG     urllib3.connectionpool  https://books.google.com:443 "GET /books?jscmd=viewapi&bibkeys=OCLC%3A1570754080 HTTP/1.1" 200 None
2026-08-13 20:22:09  DEBUG     urllib3.connectionpool  Starting new HTTPS connection (1): api.themoviedb.org:443
2026-08-13 20:22:09  DEBUG     urllib3.connectionpool  https://api.themoviedb.org:443 "GET /3/search/multi?query=Creating+generative+AI+policies+%3A+a+guide+for+public+and+academic+libraries+%2F+Robin+Hastings.&api_key=0270b36dd719e939d079b611ba56fa7c HTTP/1.1" 200 None
2026-08-13 20:22:09  DEBUG     urllib3.connectionpool  Starting new HTTPS connection (1): books.google.com:443
2026-08-13 20:22:09  DEBUG     urllib3.connectionpool  https://books.google.com:443 "GET /books?jscmd=viewapi&bibkeys=ISBN%3A2021016303 HTTP/1.1" 200 None
2026-08-13 20:22:09  DEBUG     urllib3.connectionpool  Starting new HTTPS connection (1): books.google.com:443
2026-08-13 20:22:09  DEBUG     urllib3.connectionpool  https://books.google.com:443 "GET /books?jscmd=viewapi&bibkeys=OCLC%3A1240576417 HTTP/1.1" 200 None
2026-08-13 20:22:09  DEBUG     urllib3.connectionpool  Starting new HTTPS connection (1): books.google.com:443
2026-08-13 20:22:09  DEBUG     urllib3.connectionpool  https://books.google.com:443 "GET /books?jscmd=viewapi&bibkeys=ISBN%3A2021924408 HTTP/1.1" 200 None
2026-08-13 20:22:09  DEBUG     urllib3.connectionpool  Starting new HTTPS connection (1): books.google.com:443
2026-08-13 20:22:09  DEBUG     urllib3.connectionpool  https://books.google.com:443 "GET /books?jscmd=viewapi&bibkeys=OCLC%3A1282601295 HTTP/1.1" 200 None
2026-08-13 20:22:09  DEBUG     urllib3.connectionpool  Starting new HTTPS connection (1): books.google.com:443
2026-08-13 20:22:10  DEBUG     urllib3.connectionpool  https://books.google.com:443 "GET /books?jscmd=viewapi&bibkeys=OCLC%3A1518186166 HTTP/1.1" 200 None
2026-08-13 20:22:10  DEBUG     urllib3.connectionpool  Starting new HTTPS connection (1): books.google.com:443
2026-08-13 20:22:10  DEBUG     urllib3.connectionpool  https://books.google.com:443 "GET /books?jscmd=viewapi&bibkeys=ISBN%3A2025000127 HTTP/1.1" 200 None
2026-08-13 20:22:10  DEBUG     urllib3.connectionpool  Starting new HTTPS connection (1): books.google.com:443
2026-08-13 20:22:10  DEBUG     urllib3.connectionpool  https://books.google.com:443 "GET /books?jscmd=viewapi&bibkeys=OCLC%3A1514598684 HTTP/1.1" 200 None
2026-08-13 20:22:11  DEBUG     urllib3.connectionpool  Starting new HTTPS connection (1): books.google.com:443
2026-08-13 20:22:11  DEBUG     urllib3.connectionpool  https://books.google.com:443 "GET /books?jscmd=viewapi&bibkeys=ISBN%3A2023054363 HTTP/1.1" 200 None
2026-08-13 20:22:11  DEBUG     urllib3.connectionpool  Starting new HTTPS connection (1): books.google.com:443
2026-08-13 20:22:11  DEBUG     urllib3.connectionpool  https://books.google.com:443 "GET /books?jscmd=viewapi&bibkeys=OCLC%3A1415240396 HTTP/1.1" 200 None
2026-08-13 20:22:11  DEBUG     urllib3.connectionpool  Starting new HTTPS connection (1): books.google.com:443
2026-08-13 20:22:11  DEBUG     urllib3.connectionpool  https://books.google.com:443 "GET /books?jscmd=viewapi&bibkeys=ISBN%3A2023049476 HTTP/1.1" 200 None
2026-08-13 20:22:11  DEBUG     urllib3.connectionpool  Starting new HTTPS connection (1): books.google.com:443
2026-08-13 20:22:11  DEBUG     urllib3.connectionpool  https://books.google.com:443 "GET /books?jscmd=viewapi&bibkeys=OCLC%3A1408648878 HTTP/1.1" 200 None
2026-08-13 20:22:11  DEBUG     urllib3.connectionpool  Starting new HTTPS connection (1): books.google.com:443
2026-08-13 20:22:11  DEBUG     urllib3.connectionpool  https://books.google.com:443 "GET /books?jscmd=viewapi&bibkeys=OCLC%3A1521909326 HTTP/1.1" 200 None
2026-08-13 20:22:11  DEBUG     urllib3.connectionpool  Starting new HTTPS connection (1): api.themoviedb.org:443
2026-08-13 20:22:12  DEBUG     urllib3.connectionpool  https://api.themoviedb.org:443 "GET /3/search/multi?query=Thinking+AI+%3A+how+artificial+intelligence+emulates+human+understanding+%2F+John+MacCormick.&api_key=0270b36dd719e939d079b611ba56fa7c HTTP/1.1" 200 None
2026-08-13 20:22:12  DEBUG     urllib3.connectionpool  Starting new HTTPS connection (1): books.google.com:443
2026-08-13 20:22:12  DEBUG     urllib3.connectionpool  https://books.google.com:443 "GET /books?jscmd=viewapi&bibkeys=ISBN%3A2024059990 HTTP/1.1" 200 None
2026-08-13 20:22:12  DEBUG     urllib3.connectionpool  Starting new HTTPS connection (1): books.google.com:443
2026-08-13 20:22:12  DEBUG     urllib3.connectionpool  https://books.google.com:443 "GET /books?jscmd=viewapi&bibkeys=OCLC%3A1453071132 HTTP/1.1" 200 None
2026-08-13 20:22:12  DEBUG     urllib3.connectionpool  Starting new HTTPS connection (1): books.google.com:443
2026-08-13 20:22:12  DEBUG     urllib3.connectionpool  https://books.google.com:443 "GET /books?jscmd=viewapi&bibkeys=ISBN%3A2025016685 HTTP/1.1" 200 None
2026-08-13 20:22:12  DEBUG     urllib3.connectionpool  Starting new HTTPS connection (1): books.google.com:443
2026-08-13 20:22:12  DEBUG     urllib3.connectionpool  https://books.google.com:443 "GET /books?jscmd=viewapi&bibkeys=OCLC%3A1506131444 HTTP/1.1" 200 None
2026-08-13 20:22:12  DEBUG     urllib3.connectionpool  Starting new HTTPS connection (1): books.google.com:443
2026-08-13 20:22:12  DEBUG     urllib3.connectionpool  https://books.google.com:443 "GET /books?jscmd=viewapi&bibkeys=OCLC%3A1529593781 HTTP/1.1" 200 None
2026-08-13 20:22:12  DEBUG     urllib3.connectionpool  Starting new HTTPS connection (1): api.themoviedb.org:443
2026-08-13 20:22:12  DEBUG     urllib3.connectionpool  https://api.themoviedb.org:443 "GET /3/search/multi?query=Beyond+belief+%3A+how+evidence+shows+what+really+works+%2F+Helen+Pearson.&api_key=0270b36dd719e939d079b611ba56fa7c HTTP/1.1" 200 None
2026-08-13 20:22:12  DEBUG     urllib3.connectionpool  Starting new HTTPS connection (1): books.google.com:443
2026-08-13 20:22:12  DEBUG     urllib3.connectionpool  https://books.google.com:443 "GET /books?jscmd=viewapi&bibkeys=ISBN%3A2025936081 HTTP/1.1" 200 None
2026-08-13 20:22:12  DEBUG     urllib3.connectionpool  Starting new HTTPS connection (1): books.google.com:443
2026-08-13 20:22:12  DEBUG     urllib3.connectionpool  https://books.google.com:443 "GET /books?jscmd=viewapi&bibkeys=OCLC%3A1472919691 HTTP/1.1" 200 None
2026-08-13 20:22:12  DEBUG     urllib3.connectionpool  Starting new HTTPS connection (1): books.google.com:443
2026-08-13 20:22:13  DEBUG     urllib3.connectionpool  https://books.google.com:443 "GET /books?jscmd=viewapi&bibkeys=ISBN%3A2016021462 HTTP/1.1" 200 None
2026-08-13 20:22:13  DEBUG     urllib3.connectionpool  Starting new HTTPS connection (1): books.google.com:443
2026-08-13 20:22:13  DEBUG     urllib3.connectionpool  https://books.google.com:443 "GET /books?jscmd=viewapi&bibkeys=OCLC%3A949669599 HTTP/1.1" 200 None
2026-08-13 20:22:13  DEBUG     urllib3.connectionpool  Starting new HTTPS connection (1): books.google.com:443
2026-08-13 20:22:13  DEBUG     urllib3.connectionpool  https://books.google.com:443 "GET /books?jscmd=viewapi&bibkeys=ISBN%3A1296905252 HTTP/1.1" 200 None
2026-08-13 20:22:13  DEBUG     urllib3.connectionpool  Starting new HTTPS connection (1): books.google.com:443
2026-08-13 20:22:13  DEBUG     urllib3.connectionpool  https://books.google.com:443 "GET /books?jscmd=viewapi&bibkeys=OCLC%3A932001597 HTTP/1.1" 200 None
2026-08-13 20:22:13  DEBUG     urllib3.connectionpool  Starting new HTTPS connection (1): books.google.com:443
2026-08-13 20:22:13  DEBUG     urllib3.connectionpool  https://books.google.com:443 "GET /books?jscmd=viewapi&bibkeys=OCLC%3A1592965230 HTTP/1.1" 200 None
2026-08-13 20:22:13  DEBUG     urllib3.connectionpool  Starting new HTTPS connection (1): api.themoviedb.org:443
2026-08-13 20:22:13  DEBUG     urllib3.connectionpool  https://api.themoviedb.org:443 "GET /3/search/multi?query=80%2C000+hours+%3A+how+to+have+a+fulfilling+career+that+does+good+%2F+Benjamin+Todd.&api_key=0270b36dd719e939d079b611ba56fa7c HTTP/1.1" 200 None
2026-08-13 20:22:14  DEBUG     urllib3.connectionpool  Starting new HTTPS connection (1): books.google.com:443
2026-08-13 20:22:14  DEBUG     urllib3.connectionpool  https://books.google.com:443 "GET /books?jscmd=viewapi&bibkeys=ISBN%3A2020027770 HTTP/1.1" 200 None
2026-08-13 20:22:14  DEBUG     urllib3.connectionpool  Starting new HTTPS connection (1): books.google.com:443
2026-08-13 20:22:14  DEBUG     urllib3.connectionpool  https://books.google.com:443 "GET /books?jscmd=viewapi&bibkeys=OCLC%3A1151497573 HTTP/1.1" 200 None
2026-08-13 20:22:14  DEBUG     urllib3.connectionpool  Starting new HTTPS connection (1): books.google.com:443
2026-08-13 20:22:14  DEBUG     urllib3.connectionpool  https://books.google.com:443 "GET /books?jscmd=viewapi&bibkeys=ISBN%3A2021050092 HTTP/1.1" 200 None
2026-08-13 20:22:14  DEBUG     urllib3.connectionpool  Starting new HTTPS connection (1): books.google.com:443
2026-08-13 20:22:14  DEBUG     urllib3.connectionpool  https://books.google.com:443 "GET /books?jscmd=viewapi&bibkeys=OCLC%3A1285577176 HTTP/1.1" 200 None
2026-08-13 20:22:14  DEBUG     urllib3.connectionpool  Starting new HTTPS connection (1): books.google.com:443
2026-08-13 20:22:15  DEBUG     urllib3.connectionpool  https://books.google.com:443 "GET /books?jscmd=viewapi&bibkeys=ISBN%3A2020041583 HTTP/1.1" 200 None
2026-08-13 20:22:15  DEBUG     urllib3.connectionpool  Starting new HTTPS connection (1): books.google.com:443
2026-08-13 20:22:15  DEBUG     urllib3.connectionpool  https://books.google.com:443 "GET /books?jscmd=viewapi&bibkeys=OCLC%3A1196821778 HTTP/1.1" 200 None
2026-08-13 20:22:15  DEBUG     urllib3.connectionpool  Starting new HTTPS connection (1): books.google.com:443
2026-08-13 20:22:15  DEBUG     urllib3.connectionpool  https://books.google.com:443 "GET /books?jscmd=viewapi&bibkeys=ISBN%3A1311283879 HTTP/1.1" 200 None
2026-08-13 20:22:15  DEBUG     urllib3.connectionpool  Starting new HTTPS connection (1): books.google.com:443
2026-08-13 20:22:15  DEBUG     urllib3.connectionpool  https://books.google.com:443 "GET /books?jscmd=viewapi&bibkeys=OCLC%3A1259046336 HTTP/1.1" 200 None
2026-08-13 20:22:15  DEBUG     urllib3.connectionpool  Starting new HTTPS connection (1): books.google.com:443
2026-08-13 20:22:15  DEBUG     urllib3.connectionpool  https://books.google.com:443 "GET /books?jscmd=viewapi&bibkeys=ISBN%3A2024012575 HTTP/1.1" 200 None
2026-08-13 20:22:15  DEBUG     urllib3.connectionpool  Starting new HTTPS connection (1): books.google.com:443
2026-08-13 20:22:15  DEBUG     urllib3.connectionpool  https://books.google.com:443 "GET /books?jscmd=viewapi&bibkeys=OCLC%3A1420449549 HTTP/1.1" 200 None
2026-08-13 20:22:15  DEBUG     urllib3.connectionpool  Starting new HTTPS connection (1): books.google.com:443
2026-08-13 20:22:15  DEBUG     urllib3.connectionpool  https://books.google.com:443 "GET /books?jscmd=viewapi&bibkeys=ISBN%3A2025051097 HTTP/1.1" 200 None
2026-08-13 20:22:15  DEBUG     urllib3.connectionpool  Starting new HTTPS connection (1): books.google.com:443
2026-08-13 20:22:15  DEBUG     urllib3.connectionpool  https://books.google.com:443 "GET /books?jscmd=viewapi&bibkeys=OCLC%3A1541909718 HTTP/1.1" 200 None
2026-08-13 20:22:15  DEBUG     urllib3.connectionpool  Starting new HTTPS connection (1): api.themoviedb.org:443
2026-08-13 20:22:16  DEBUG     urllib3.connectionpool  https://api.themoviedb.org:443 "GET /3/search/multi?query=Sally+Rooney+%3A+perspectives+and+approaches+%2F+edited+by+Ellen+Scheible+and+Barry+Devine+%3B+Foreword+by+Claire+Bracken.&api_key=0270b36dd719e939d079b611ba56fa7c HTTP/1.1" 200 None
2026-08-13 20:22:16  DEBUG     urllib3.connectionpool  Starting new HTTPS connection (1): books.google.com:443
2026-08-13 20:22:16  DEBUG     urllib3.connectionpool  https://books.google.com:443 "GET /books?jscmd=viewapi&bibkeys=ISBN%3A2026016366 HTTP/1.1" 200 None
2026-08-13 20:22:16  DEBUG     urllib3.connectionpool  Starting new HTTPS connection (1): books.google.com:443
2026-08-13 20:22:16  DEBUG     urllib3.connectionpool  https://books.google.com:443 "GET /books?jscmd=viewapi&bibkeys=OCLC%3A1582422910 HTTP/1.1" 200 None
2026-08-13 20:22:16  DEBUG     urllib3.connectionpool  Starting new HTTPS connection (1): api.themoviedb.org:443
2026-08-13 20:22:16  DEBUG     urllib3.connectionpool  https://api.themoviedb.org:443 "GET /3/search/multi?query=The+unicorn+hunters+%3A+a+novel+%2F+Katherine+Arden.&api_key=0270b36dd719e939d079b611ba56fa7c HTTP/1.1" 200 None
2026-08-13 20:22:16  DEBUG     urllib3.connectionpool  Starting new HTTPS connection (1): books.google.com:443
2026-08-13 20:22:16  DEBUG     urllib3.connectionpool  https://books.google.com:443 "GET /books?jscmd=viewapi&bibkeys=ISBN%3A2025037346 HTTP/1.1" 200 None
2026-08-13 20:22:16  DEBUG     urllib3.connectionpool  Starting new HTTPS connection (1): books.google.com:443
2026-08-13 20:22:16  DEBUG     urllib3.connectionpool  https://books.google.com:443 "GET /books?jscmd=viewapi&bibkeys=OCLC%3A1524979901 HTTP/1.1" 200 None
2026-08-13 20:22:16  DEBUG     urllib3.connectionpool  Starting new HTTPS connection (1): api.themoviedb.org:443
2026-08-13 20:22:16  DEBUG     urllib3.connectionpool  https://api.themoviedb.org:443 "GET /3/search/multi?query=Patient%2C+female+%3A+stories+%2F+Julie+Schumacher.&api_key=0270b36dd719e939d079b611ba56fa7c HTTP/1.1" 200 None
2026-08-13 20:22:16  DEBUG     urllib3.connectionpool  Starting new HTTPS connection (1): books.google.com:443
2026-08-13 20:22:16  DEBUG     urllib3.connectionpool  https://books.google.com:443 "GET /books?jscmd=viewapi&bibkeys=ISBN%3A2020057139 HTTP/1.1" 200 None
2026-08-13 20:22:16  DEBUG     urllib3.connectionpool  Starting new HTTPS connection (1): books.google.com:443
2026-08-13 20:22:16  DEBUG     urllib3.connectionpool  https://books.google.com:443 "GET /books?jscmd=viewapi&bibkeys=OCLC%3A1175914589 HTTP/1.1" 200 None
2026-08-13 20:22:16  DEBUG     urllib3.connectionpool  Starting new HTTPS connection (1): books.google.com:443
2026-08-13 20:22:17  DEBUG     urllib3.connectionpool  https://books.google.com:443 "GET /books?jscmd=viewapi&bibkeys=ISBN%3A2016049811 HTTP/1.1" 200 None
2026-08-13 20:22:17  DEBUG     urllib3.connectionpool  Starting new HTTPS connection (1): books.google.com:443
2026-08-13 20:22:17  DEBUG     urllib3.connectionpool  https://books.google.com:443 "GET /books?jscmd=viewapi&bibkeys=OCLC%3A962025730 HTTP/1.1" 200 None
2026-08-13 20:22:18  DEBUG     urllib3.connectionpool  Starting new HTTPS connection (1): books.google.com:443
2026-08-13 20:22:18  DEBUG     urllib3.connectionpool  https://books.google.com:443 "GET /books?jscmd=viewapi&bibkeys=ISBN%3A2016058809 HTTP/1.1" 200 None
2026-08-13 20:22:18  DEBUG     urllib3.connectionpool  Starting new HTTPS connection (1): books.google.com:443
2026-08-13 20:22:18  DEBUG     urllib3.connectionpool  https://books.google.com:443 "GET /books?jscmd=viewapi&bibkeys=OCLC%3A959536312 HTTP/1.1" 200 None
2026-08-13 20:22:18  DEBUG     urllib3.connectionpool  Starting new HTTPS connection (1): books.google.com:443
2026-08-13 20:22:18  DEBUG     urllib3.connectionpool  https://books.google.com:443 "GET /books?jscmd=viewapi&bibkeys=ISBN%3A2023050723 HTTP/1.1" 200 None
2026-08-13 20:22:18  DEBUG     urllib3.connectionpool  Starting new HTTPS connection (1): books.google.com:443
2026-08-13 20:22:18  DEBUG     urllib3.connectionpool  https://books.google.com:443 "GET /books?jscmd=viewapi&bibkeys=OCLC%3A1412503493 HTTP/1.1" 200 None
2026-08-13 20:22:18  DEBUG     urllib3.connectionpool  Starting new HTTPS connection (1): books.google.com:443
2026-08-13 20:22:18  DEBUG     urllib3.connectionpool  https://books.google.com:443 "GET /books?jscmd=viewapi&bibkeys=ISBN%3A2015047167 HTTP/1.1" 200 None
2026-08-13 20:22:18  DEBUG     urllib3.connectionpool  Starting new HTTPS connection (1): books.google.com:443
2026-08-13 20:22:18  DEBUG     urllib3.connectionpool  https://books.google.com:443 "GET /books?jscmd=viewapi&bibkeys=OCLC%3A922454217 HTTP/1.1" 200 None
2026-08-13 20:22:18  DEBUG     urllib3.connectionpool  Starting new HTTPS connection (1): books.google.com:443
2026-08-13 20:22:18  DEBUG     urllib3.connectionpool  https://books.google.com:443 "GET /books?jscmd=viewapi&bibkeys=ISBN%3A2024041511 HTTP/1.1" 200 None
2026-08-13 20:22:18  DEBUG     urllib3.connectionpool  Starting new HTTPS connection (1): books.google.com:443
2026-08-13 20:22:19  DEBUG     urllib3.connectionpool  https://books.google.com:443 "GET /books?jscmd=viewapi&bibkeys=OCLC%3A1476523609 HTTP/1.1" 200 None
2026-08-13 20:22:19  DEBUG     urllib3.connectionpool  Starting new HTTPS connection (1): books.google.com:443
2026-08-13 20:22:19  DEBUG     urllib3.connectionpool  https://books.google.com:443 "GET /books?jscmd=viewapi&bibkeys=ISBN%3A2014039139 HTTP/1.1" 200 None
2026-08-13 20:22:19  DEBUG     urllib3.connectionpool  Starting new HTTPS connection (1): books.google.com:443
2026-08-13 20:22:19  DEBUG     urllib3.connectionpool  https://books.google.com:443 "GET /books?jscmd=viewapi&bibkeys=OCLC%3A872622573 HTTP/1.1" 200 None
2026-08-13 20:22:19  DEBUG     urllib3.connectionpool  Starting new HTTPS connection (1): books.google.com:443
2026-08-13 20:22:19  DEBUG     urllib3.connectionpool  https://books.google.com:443 "GET /books?jscmd=viewapi&bibkeys=ISBN%3A2015007184 HTTP/1.1" 200 None
2026-08-13 20:22:19  DEBUG     urllib3.connectionpool  Starting new HTTPS connection (1): books.google.com:443
2026-08-13 20:22:19  DEBUG     urllib3.connectionpool  https://books.google.com:443 "GET /books?jscmd=viewapi&bibkeys=OCLC%3A903635090 HTTP/1.1" 200 None
2026-08-13 20:22:19  DEBUG     urllib3.connectionpool  Starting new HTTPS connection (1): books.google.com:443
2026-08-13 20:22:19  DEBUG     urllib3.connectionpool  https://books.google.com:443 "GET /books?jscmd=viewapi&bibkeys=ISBN%3A2025039604 HTTP/1.1" 200 None
2026-08-13 20:22:19  DEBUG     urllib3.connectionpool  Starting new HTTPS connection (1): books.google.com:443
2026-08-13 20:22:19  DEBUG     urllib3.connectionpool  https://books.google.com:443 "GET /books?jscmd=viewapi&bibkeys=OCLC%3A1573038546 HTTP/1.1" 200 None
2026-08-13 20:22:19  DEBUG     urllib3.connectionpool  Starting new HTTPS connection (1): api.themoviedb.org:443
2026-08-13 20:22:19  DEBUG     urllib3.connectionpool  https://api.themoviedb.org:443 "GET /3/search/multi?query=Principles+and+practice+of+grief+counseling+%2F+Darcy+L.+Harris%2C+PhD%2C+RN%2C+RSW%2C+MEd%28Couns%29%2C+FT%2C+Evgenia+Milman%2C+PhD%2C+MA%2C+LP.&api_key=0270b36dd719e939d079b611ba56fa7c HTTP/1.1" 200 None
2026-08-13 20:22:19  DEBUG     urllib3.connectionpool  Starting new HTTPS connection (1): books.google.com:443
2026-08-13 20:22:20  DEBUG     urllib3.connectionpool  https://books.google.com:443 "GET /books?jscmd=viewapi&bibkeys=ISBN%3A1005494627 HTTP/1.1" 200 None
2026-08-13 20:22:20  DEBUG     urllib3.connectionpool  Starting new HTTPS connection (1): books.google.com:443
2026-08-13 20:22:20  DEBUG     urllib3.connectionpool  https://books.google.com:443 "GET /books?jscmd=viewapi&bibkeys=OCLC%3A29428773 HTTP/1.1" 200 None
2026-08-13 20:22:20  DEBUG     urllib3.connectionpool  Starting new HTTPS connection (1): books.google.com:443
2026-08-13 20:22:20  DEBUG     urllib3.connectionpool  https://books.google.com:443 "GET /books?jscmd=viewapi&bibkeys=ISBN%3A2024041341 HTTP/1.1" 200 None
2026-08-13 20:22:20  DEBUG     urllib3.connectionpool  Starting new HTTPS connection (1): books.google.com:443
2026-08-13 20:22:20  DEBUG     urllib3.connectionpool  https://books.google.com:443 "GET /books?jscmd=viewapi&bibkeys=OCLC%3A1472088920 HTTP/1.1" 200 None
2026-08-13 20:22:20  DEBUG     urllib3.connectionpool  Starting new HTTPS connection (1): books.google.com:443
2026-08-13 20:22:20  DEBUG     urllib3.connectionpool  https://books.google.com:443 "GET /books?jscmd=viewapi&bibkeys=OCLC%3A1393485907 HTTP/1.1" 200 None
2026-08-13 20:22:21  DEBUG     urllib3.connectionpool  Starting new HTTPS connection (1): books.google.com:443
2026-08-13 20:22:21  DEBUG     urllib3.connectionpool  https://books.google.com:443 "GET /books?jscmd=viewapi&bibkeys=ISBN%3A2017963192 HTTP/1.1" 200 None
2026-08-13 20:22:21  DEBUG     urllib3.connectionpool  Starting new HTTPS connection (1): books.google.com:443
2026-08-13 20:22:21  DEBUG     urllib3.connectionpool  https://books.google.com:443 "GET /books?jscmd=viewapi&bibkeys=OCLC%3A1040597238 HTTP/1.1" 200 None
2026-08-13 20:22:21  DEBUG     urllib3.connectionpool  Starting new HTTPS connection (1): books.google.com:443
2026-08-13 20:22:21  DEBUG     urllib3.connectionpool  https://books.google.com:443 "GET /books?jscmd=viewapi&bibkeys=ISBN%3A2020028806 HTTP/1.1" 200 None
2026-08-13 20:22:21  DEBUG     urllib3.connectionpool  Starting new HTTPS connection (1): books.google.com:443
2026-08-13 20:22:21  DEBUG     urllib3.connectionpool  https://books.google.com:443 "GET /books?jscmd=viewapi&bibkeys=OCLC%3A1161998512 HTTP/1.1" 200 None
2026-08-13 20:22:21  DEBUG     urllib3.connectionpool  Starting new HTTPS connection (1): books.google.com:443
2026-08-13 20:22:22  DEBUG     urllib3.connectionpool  https://books.google.com:443 "GET /books?jscmd=viewapi&bibkeys=ISBN%3A2008023436 HTTP/1.1" 200 None
2026-08-13 20:22:22  DEBUG     urllib3.connectionpool  Starting new HTTPS connection (1): books.google.com:443
2026-08-13 20:22:22  DEBUG     urllib3.connectionpool  https://books.google.com:443 "GET /books?jscmd=viewapi&bibkeys=OCLC%3A209594939 HTTP/1.1" 200 None
2026-08-13 20:22:22  DEBUG     urllib3.connectionpool  Starting new HTTPS connection (1): books.google.com:443
2026-08-13 20:22:22  DEBUG     urllib3.connectionpool  https://books.google.com:443 "GET /books?jscmd=viewapi&bibkeys=ISBN%3A2008021359 HTTP/1.1" 200 None
2026-08-13 20:22:22  DEBUG     urllib3.connectionpool  Starting new HTTPS connection (1): books.google.com:443
2026-08-13 20:22:22  DEBUG     urllib3.connectionpool  https://books.google.com:443 "GET /books?jscmd=viewapi&bibkeys=OCLC%3A228701289 HTTP/1.1" 200 None
2026-08-13 20:22:22  DEBUG     urllib3.connectionpool  Starting new HTTPS connection (1): books.google.com:443
2026-08-13 20:22:22  DEBUG     urllib3.connectionpool  https://books.google.com:443 "GET /books?jscmd=viewapi&bibkeys=ISBN%3A2025028315 HTTP/1.1" 200 None
2026-08-13 20:22:22  DEBUG     urllib3.connectionpool  Starting new HTTPS connection (1): books.google.com:443
2026-08-13 20:22:22  DEBUG     urllib3.connectionpool  https://books.google.com:443 "GET /books?jscmd=viewapi&bibkeys=OCLC%3A1517293860 HTTP/1.1" 200 None
2026-08-13 20:22:22  DEBUG     urllib3.connectionpool  Starting new HTTPS connection (1): books.google.com:443
2026-08-13 20:22:22  DEBUG     urllib3.connectionpool  https://books.google.com:443 "GET /books?jscmd=viewapi&bibkeys=ISBN%3A2022943294 HTTP/1.1" 200 None
2026-08-13 20:22:22  DEBUG     urllib3.connectionpool  Starting new HTTPS connection (1): books.google.com:443
2026-08-13 20:22:22  DEBUG     urllib3.connectionpool  https://books.google.com:443 "GET /books?jscmd=viewapi&bibkeys=OCLC%3A1470852652 HTTP/1.1" 200 None
2026-08-13 20:22:22  DEBUG     urllib3.connectionpool  Starting new HTTPS connection (1): books.google.com:443
2026-08-13 20:22:23  DEBUG     urllib3.connectionpool  https://books.google.com:443 "GET /books?jscmd=viewapi&bibkeys=ISBN%3A2019024983 HTTP/1.1" 200 None
2026-08-13 20:22:23  DEBUG     urllib3.connectionpool  Starting new HTTPS connection (1): books.google.com:443
2026-08-13 20:22:23  DEBUG     urllib3.connectionpool  https://books.google.com:443 "GET /books?jscmd=viewapi&bibkeys=OCLC%3A1104915225 HTTP/1.1" 200 None
2026-08-13 20:22:23  DEBUG     urllib3.connectionpool  Starting new HTTPS connection (1): books.google.com:443
2026-08-13 20:22:23  DEBUG     urllib3.connectionpool  https://books.google.com:443 "GET /books?jscmd=viewapi&bibkeys=ISBN%3A1166958971 HTTP/1.1" 200 None
2026-08-13 20:22:23  DEBUG     urllib3.connectionpool  Starting new HTTPS connection (1): books.google.com:443
2026-08-13 20:22:23  DEBUG     urllib3.connectionpool  https://books.google.com:443 "GET /books?jscmd=viewapi&bibkeys=OCLC%3A28256263 HTTP/1.1" 200 None
2026-08-13 20:22:23  DEBUG     urllib3.connectionpool  Starting new HTTPS connection (1): books.google.com:443
2026-08-13 20:22:23  DEBUG     urllib3.connectionpool  https://books.google.com:443 "GET /books?jscmd=viewapi&bibkeys=ISBN%3A2015037031 HTTP/1.1" 200 None
2026-08-13 20:22:23  DEBUG     urllib3.connectionpool  Starting new HTTPS connection (1): books.google.com:443
2026-08-13 20:22:23  DEBUG     urllib3.connectionpool  https://books.google.com:443 "GET /books?jscmd=viewapi&bibkeys=OCLC%3A913844831 HTTP/1.1" 200 None
2026-08-13 20:22:23  DEBUG     urllib3.connectionpool  Starting new HTTPS connection (1): books.google.com:443
2026-08-13 20:22:23  DEBUG     urllib3.connectionpool  https://books.google.com:443 "GET /books?jscmd=viewapi&bibkeys=ISBN%3A2009040505 HTTP/1.1" 200 None
2026-08-13 20:22:23  DEBUG     urllib3.connectionpool  Starting new HTTPS connection (1): books.google.com:443
2026-08-13 20:22:24  DEBUG     urllib3.connectionpool  https://books.google.com:443 "GET /books?jscmd=viewapi&bibkeys=OCLC%3A426814605 HTTP/1.1" 200 None
2026-08-13 20:22:25  DEBUG     urllib3.connectionpool  Starting new HTTPS connection (1): books.google.com:443
2026-08-13 20:22:25  DEBUG     urllib3.connectionpool  https://books.google.com:443 "GET /books?jscmd=viewapi&bibkeys=ISBN%3A1513889130 HTTP/1.1" 200 None
2026-08-13 20:22:25  DEBUG     urllib3.connectionpool  Starting new HTTPS connection (1): books.google.com:443
2026-08-13 20:22:25  DEBUG     urllib3.connectionpool  https://books.google.com:443 "GET /books?jscmd=viewapi&bibkeys=OCLC%3A1526060075 HTTP/1.1" 200 None
2026-08-13 20:22:25  DEBUG     urllib3.connectionpool  Starting new HTTPS connection (1): books.google.com:443
2026-08-13 20:22:25  DEBUG     urllib3.connectionpool  https://books.google.com:443 "GET /books?jscmd=viewapi&bibkeys=ISBN%3A1127748556 HTTP/1.1" 200 None
2026-08-13 20:22:25  DEBUG     urllib3.connectionpool  Starting new HTTPS connection (1): books.google.com:443
2026-08-13 20:22:25  DEBUG     urllib3.connectionpool  https://books.google.com:443 "GET /books?jscmd=viewapi&bibkeys=OCLC%3A229279169 HTTP/1.1" 200 None
2026-08-13 20:22:25  DEBUG     urllib3.connectionpool  Starting new HTTPS connection (1): books.google.com:443
2026-08-13 20:22:25  DEBUG     urllib3.connectionpool  https://books.google.com:443 "GET /books?jscmd=viewapi&bibkeys=ISBN%3A2014029056 HTTP/1.1" 200 None
2026-08-13 20:22:25  DEBUG     urllib3.connectionpool  Starting new HTTPS connection (1): books.google.com:443
2026-08-13 20:22:25  DEBUG     urllib3.connectionpool  https://books.google.com:443 "GET /books?jscmd=viewapi&bibkeys=OCLC%3A893099217 HTTP/1.1" 200 None
2026-08-13 20:22:25  DEBUG     urllib3.connectionpool  Starting new HTTPS connection (1): books.google.com:443
2026-08-13 20:22:25  DEBUG     urllib3.connectionpool  https://books.google.com:443 "GET /books?jscmd=viewapi&bibkeys=ISBN%3A2022036320 HTTP/1.1" 200 None
2026-08-13 20:22:25  DEBUG     urllib3.connectionpool  Starting new HTTPS connection (1): books.google.com:443
2026-08-13 20:22:26  DEBUG     urllib3.connectionpool  https://books.google.com:443 "GET /books?jscmd=viewapi&bibkeys=OCLC%3A1338165257 HTTP/1.1" 200 None
2026-08-13 20:22:26  DEBUG     urllib3.connectionpool  Starting new HTTPS connection (1): books.google.com:443
2026-08-13 20:22:26  DEBUG     urllib3.connectionpool  https://books.google.com:443 "GET /books?jscmd=viewapi&bibkeys=ISBN%3A2018049836 HTTP/1.1" 200 None
2026-08-13 20:22:26  DEBUG     urllib3.connectionpool  Starting new HTTPS connection (1): books.google.com:443
2026-08-13 20:22:26  DEBUG     urllib3.connectionpool  https://books.google.com:443 "GET /books?jscmd=viewapi&bibkeys=OCLC%3A1059251187 HTTP/1.1" 200 None
2026-08-13 20:22:26  DEBUG     urllib3.connectionpool  Starting new HTTPS connection (1): books.google.com:443
2026-08-13 20:22:26  DEBUG     urllib3.connectionpool  https://books.google.com:443 "GET /books?jscmd=viewapi&bibkeys=ISBN%3A1003809534 HTTP/1.1" 200 None
2026-08-13 20:22:26  DEBUG     urllib3.connectionpool  Starting new HTTPS connection (1): books.google.com:443
2026-08-13 20:22:26  DEBUG     urllib3.connectionpool  https://books.google.com:443 "GET /books?jscmd=viewapi&bibkeys=OCLC%3A885473030 HTTP/1.1" 200 None
2026-08-13 20:22:26  DEBUG     urllib3.connectionpool  Starting new HTTPS connection (1): books.google.com:443
2026-08-13 20:22:26  DEBUG     urllib3.connectionpool  https://books.google.com:443 "GET /books?jscmd=viewapi&bibkeys=ISBN%3A2017004274 HTTP/1.1" 200 None
2026-08-13 20:22:26  DEBUG     urllib3.connectionpool  Starting new HTTPS connection (1): books.google.com:443
2026-08-13 20:22:27  DEBUG     urllib3.connectionpool  https://books.google.com:443 "GET /books?jscmd=viewapi&bibkeys=OCLC%3A979993504 HTTP/1.1" 200 None
2026-08-13 20:22:27  DEBUG     urllib3.connectionpool  Starting new HTTPS connection (1): books.google.com:443
2026-08-13 20:22:27  DEBUG     urllib3.connectionpool  https://books.google.com:443 "GET /books?jscmd=viewapi&bibkeys=OCLC%3A1470945617 HTTP/1.1" 200 None
2026-08-13 20:22:27  DEBUG     urllib3.connectionpool  Starting new HTTPS connection (1): api.themoviedb.org:443
2026-08-13 20:22:27  DEBUG     urllib3.connectionpool  https://api.themoviedb.org:443 "GET /3/search/multi?query=The+best+ten-minute+plays+2024+%2F+edited+by+Debbie+Lamedman.&api_key=0270b36dd719e939d079b611ba56fa7c HTTP/1.1" 200 None
2026-08-13 20:22:27  DEBUG     urllib3.connectionpool  Starting new HTTPS connection (1): books.google.com:443
2026-08-13 20:22:27  DEBUG     urllib3.connectionpool  https://books.google.com:443 "GET /books?jscmd=viewapi&bibkeys=ISBN%3A1034934884 HTTP/1.1" 200 None
2026-08-13 20:22:27  DEBUG     urllib3.connectionpool  Starting new HTTPS connection (1): books.google.com:443
2026-08-13 20:22:27  DEBUG     urllib3.connectionpool  https://books.google.com:443 "GET /books?jscmd=viewapi&bibkeys=OCLC%3A33947563 HTTP/1.1" 200 None
2026-08-13 20:22:27  DEBUG     urllib3.connectionpool  Starting new HTTPS connection (1): books.google.com:443
2026-08-13 20:22:27  DEBUG     urllib3.connectionpool  https://books.google.com:443 "GET /books?jscmd=viewapi&bibkeys=ISBN%3A1305012657 HTTP/1.1" 200 None
2026-08-13 20:22:27  DEBUG     urllib3.connectionpool  Starting new HTTPS connection (1): books.google.com:443
2026-08-13 20:22:27  DEBUG     urllib3.connectionpool  https://books.google.com:443 "GET /books?jscmd=viewapi&bibkeys=OCLC%3A1304816219 HTTP/1.1" 200 None
2026-08-13 20:22:28  DEBUG     urllib3.connectionpool  Starting new HTTPS connection (1): books.google.com:443
2026-08-13 20:22:28  DEBUG     urllib3.connectionpool  https://books.google.com:443 "GET /books?jscmd=viewapi&bibkeys=ISBN%3A2020005807 HTTP/1.1" 200 None
2026-08-13 20:22:28  DEBUG     urllib3.connectionpool  Starting new HTTPS connection (1): books.google.com:443
2026-08-13 20:22:28  DEBUG     urllib3.connectionpool  https://books.google.com:443 "GET /books?jscmd=viewapi&bibkeys=OCLC%3A1129778655 HTTP/1.1" 200 None
2026-08-13 20:22:28  DEBUG     urllib3.connectionpool  Starting new HTTPS connection (1): books.google.com:443
2026-08-13 20:22:29  DEBUG     urllib3.connectionpool  https://books.google.com:443 "GET /books?jscmd=viewapi&bibkeys=OCLC%3A1386701132 HTTP/1.1" 200 None
2026-08-13 20:22:29  DEBUG     urllib3.connectionpool  Starting new HTTPS connection (1): books.google.com:443
2026-08-13 20:22:29  DEBUG     urllib3.connectionpool  https://books.google.com:443 "GET /books?jscmd=viewapi&bibkeys=ISBN%3A2020032761 HTTP/1.1" 200 None
2026-08-13 20:22:29  DEBUG     urllib3.connectionpool  Starting new HTTPS connection (1): books.google.com:443
2026-08-13 20:22:29  DEBUG     urllib3.connectionpool  https://books.google.com:443 "GET /books?jscmd=viewapi&bibkeys=OCLC%3A1191456301 HTTP/1.1" 200 None
2026-08-13 20:22:29  DEBUG     urllib3.connectionpool  Starting new HTTPS connection (1): api.themoviedb.org:443
2026-08-13 20:22:29  DEBUG     urllib3.connectionpool  https://api.themoviedb.org:443 "GET /3/search/multi?query=Raising+the+eleventh+pillar+%3A+the+ratification+debate+of+1788+%2F+John+Patrick+Coby%2C+Smith+College.&api_key=0270b36dd719e939d079b611ba56fa7c HTTP/1.1" 200 None
2026-08-13 20:22:29  DEBUG     urllib3.connectionpool  Starting new HTTPS connection (1): books.google.com:443
2026-08-13 20:22:29  DEBUG     urllib3.connectionpool  https://books.google.com:443 "GET /books?jscmd=viewapi&bibkeys=OCLC%3A808924324 HTTP/1.1" 200 None
2026-08-13 20:22:29  DEBUG     urllib3.connectionpool  Starting new HTTPS connection (1): books.google.com:443
2026-08-13 20:22:29  DEBUG     urllib3.connectionpool  https://books.google.com:443 "GET /books?jscmd=viewapi&bibkeys=ISBN%3A2024044769 HTTP/1.1" 200 None
2026-08-13 20:22:29  DEBUG     urllib3.connectionpool  Starting new HTTPS connection (1): books.google.com:443
2026-08-13 20:22:29  DEBUG     urllib3.connectionpool  https://books.google.com:443 "GET /books?jscmd=viewapi&bibkeys=OCLC%3A1466097097 HTTP/1.1" 200 None
2026-08-13 20:22:29  DEBUG     urllib3.connectionpool  Starting new HTTPS connection (1): books.google.com:443
2026-08-13 20:22:29  DEBUG     urllib3.connectionpool  https://books.google.com:443 "GET /books?jscmd=viewapi&bibkeys=ISBN%3A1324103388 HTTP/1.1" 200 None
2026-08-13 20:22:29  DEBUG     urllib3.connectionpool  Starting new HTTPS connection (1): books.google.com:443
2026-08-13 20:22:30  DEBUG     urllib3.connectionpool  https://books.google.com:443 "GET /books?jscmd=viewapi&bibkeys=ISBN%3A0865164339 HTTP/1.1" 200 None
2026-08-13 20:22:30  DEBUG     urllib3.connectionpool  Starting new HTTPS connection (1): books.google.com:443
2026-08-13 20:22:30  DEBUG     urllib3.connectionpool  https://books.google.com:443 "GET /books?jscmd=viewapi&bibkeys=ISBN%3A1027309594 HTTP/1.1" 200 None
2026-08-13 20:22:30  DEBUG     urllib3.connectionpool  Starting new HTTPS connection (1): books.google.com:443
2026-08-13 20:22:30  DEBUG     urllib3.connectionpool  https://books.google.com:443 "GET /books?jscmd=viewapi&bibkeys=OCLC%3A40756376 HTTP/1.1" 200 None
2026-08-13 20:22:30  DEBUG     urllib3.connectionpool  Starting new HTTPS connection (1): books.google.com:443
2026-08-13 20:22:30  DEBUG     urllib3.connectionpool  https://books.google.com:443 "GET /books?jscmd=viewapi&bibkeys=OCLC%3A29792423 HTTP/1.1" 200 None
2026-08-13 20:22:30  DEBUG     urllib3.connectionpool  Starting new HTTPS connection (1): books.google.com:443
2026-08-13 20:22:30  DEBUG     urllib3.connectionpool  https://books.google.com:443 "GET /books?jscmd=viewapi&bibkeys=ISBN%3A1035417239 HTTP/1.1" 200 None
2026-08-13 20:22:30  DEBUG     urllib3.connectionpool  Starting new HTTPS connection (1): books.google.com:443
2026-08-13 20:22:30  DEBUG     urllib3.connectionpool  https://books.google.com:443 "GET /books?jscmd=viewapi&bibkeys=OCLC%3A40248681 HTTP/1.1" 200 None
2026-08-13 20:22:31  DEBUG     urllib3.connectionpool  Starting new HTTPS connection (1): books.google.com:443
2026-08-13 20:22:31  DEBUG     urllib3.connectionpool  https://books.google.com:443 "GET /books?jscmd=viewapi&bibkeys=ISBN%3A1138650170 HTTP/1.1" 200 None
2026-08-13 20:22:31  DEBUG     urllib3.connectionpool  Starting new HTTPS connection (1): books.google.com:443
2026-08-13 20:22:31  DEBUG     urllib3.connectionpool  https://books.google.com:443 "GET /books?jscmd=viewapi&bibkeys=OCLC%3A1129459894 HTTP/1.1" 200 None
2026-08-13 20:22:31  DEBUG     urllib3.connectionpool  Starting new HTTPS connection (1): books.google.com:443
2026-08-13 20:22:31  DEBUG     urllib3.connectionpool  https://books.google.com:443 "GET /books?jscmd=viewapi&bibkeys=ISBN%3A1154290773 HTTP/1.1" 200 None
2026-08-13 20:22:31  DEBUG     urllib3.connectionpool  Starting new HTTPS connection (1): books.google.com:443
2026-08-13 20:22:32  DEBUG     urllib3.connectionpool  https://books.google.com:443 "GET /books?jscmd=viewapi&bibkeys=OCLC%3A17482829 HTTP/1.1" 200 None
2026-08-13 20:22:32  DEBUG     urllib3.connectionpool  Starting new HTTPS connection (1): books.google.com:443
2026-08-13 20:22:32  DEBUG     urllib3.connectionpool  https://books.google.com:443 "GET /books?jscmd=viewapi&bibkeys=ISBN%3A2020051054 HTTP/1.1" 200 None
2026-08-13 20:22:32  DEBUG     urllib3.connectionpool  Starting new HTTPS connection (1): books.google.com:443
2026-08-13 20:22:32  DEBUG     urllib3.connectionpool  https://books.google.com:443 "GET /books?jscmd=viewapi&bibkeys=OCLC%3A1224043158 HTTP/1.1" 200 None
2026-08-13 20:22:32  DEBUG     urllib3.connectionpool  Starting new HTTPS connection (1): books.google.com:443
2026-08-13 20:22:32  DEBUG     urllib3.connectionpool  https://books.google.com:443 "GET /books?jscmd=viewapi&bibkeys=OCLC%3A898086843 HTTP/1.1" 200 None
2026-08-13 20:22:32  DEBUG     urllib3.connectionpool  Starting new HTTPS connection (1): books.google.com:443
2026-08-13 20:22:32  DEBUG     urllib3.connectionpool  https://books.google.com:443 "GET /books?jscmd=viewapi&bibkeys=OCLC%3A1412257855 HTTP/1.1" 200 None
2026-08-13 20:22:32  DEBUG     urllib3.connectionpool  Starting new HTTPS connection (1): books.google.com:443
2026-08-13 20:22:32  DEBUG     urllib3.connectionpool  https://books.google.com:443 "GET /books?jscmd=viewapi&bibkeys=ISBN%3A1255413457 HTTP/1.1" 200 None
2026-08-13 20:22:32  DEBUG     urllib3.connectionpool  Starting new HTTPS connection (1): books.google.com:443
2026-08-13 20:22:33  DEBUG     urllib3.connectionpool  https://books.google.com:443 "GET /books?jscmd=viewapi&bibkeys=OCLC%3A1057635605 HTTP/1.1" 200 None
2026-08-13 20:22:33  DEBUG     urllib3.connectionpool  Starting new HTTPS connection (1): books.google.com:443
2026-08-13 20:22:33  DEBUG     urllib3.connectionpool  https://books.google.com:443 "GET /books?jscmd=viewapi&bibkeys=OCLC%3A41302618 HTTP/1.1" 200 None
2026-08-13 20:22:33  DEBUG     urllib3.connectionpool  Starting new HTTPS connection (1): books.google.com:443
2026-08-13 20:22:33  DEBUG     urllib3.connectionpool  https://books.google.com:443 "GET /books?jscmd=viewapi&bibkeys=ISBN%3A2017299760 HTTP/1.1" 200 None
2026-08-13 20:22:33  DEBUG     urllib3.connectionpool  Starting new HTTPS connection (1): books.google.com:443
2026-08-13 20:22:33  DEBUG     urllib3.connectionpool  https://books.google.com:443 "GET /books?jscmd=viewapi&bibkeys=OCLC%3A962008670 HTTP/1.1" 200 None
2026-08-13 20:22:33  DEBUG     urllib3.connectionpool  Starting new HTTPS connection (1): books.google.com:443
2026-08-13 20:22:33  DEBUG     urllib3.connectionpool  https://books.google.com:443 "GET /books?jscmd=viewapi&bibkeys=ISBN%3A2020049221 HTTP/1.1" 200 None
2026-08-13 20:22:33  DEBUG     urllib3.connectionpool  Starting new HTTPS connection (1): books.google.com:443
2026-08-13 20:22:33  DEBUG     urllib3.connectionpool  https://books.google.com:443 "GET /books?jscmd=viewapi&bibkeys=OCLC%3A1201298698 HTTP/1.1" 200 None
2026-08-13 20:22:33  DEBUG     urllib3.connectionpool  Starting new HTTPS connection (1): books.google.com:443
2026-08-13 20:22:33  DEBUG     urllib3.connectionpool  https://books.google.com:443 "GET /books?jscmd=viewapi&bibkeys=ISBN%3A1165622189 HTTP/1.1" 200 None
2026-08-13 20:22:33  DEBUG     urllib3.connectionpool  Starting new HTTPS connection (1): books.google.com:443
2026-08-13 20:22:33  DEBUG     urllib3.connectionpool  https://books.google.com:443 "GET /books?jscmd=viewapi&bibkeys=OCLC%3A1140193062 HTTP/1.1" 200 None
2026-08-13 20:22:34  DEBUG     urllib3.connectionpool  Starting new HTTPS connection (1): books.google.com:443
2026-08-13 20:22:34  DEBUG     urllib3.connectionpool  https://books.google.com:443 "GET /books?jscmd=viewapi&bibkeys=ISBN%3A2021051253 HTTP/1.1" 200 None
2026-08-13 20:22:34  DEBUG     urllib3.connectionpool  Starting new HTTPS connection (1): books.google.com:443
2026-08-13 20:22:35  DEBUG     urllib3.connectionpool  https://books.google.com:443 "GET /books?jscmd=viewapi&bibkeys=OCLC%3A1287744960 HTTP/1.1" 200 None
2026-08-13 20:22:35  DEBUG     urllib3.connectionpool  Starting new HTTPS connection (1): books.google.com:443
2026-08-13 20:22:35  DEBUG     urllib3.connectionpool  https://books.google.com:443 "GET /books?jscmd=viewapi&bibkeys=ISBN%3A2020935500 HTTP/1.1" 200 None
2026-08-13 20:22:35  DEBUG     urllib3.connectionpool  Starting new HTTPS connection (1): books.google.com:443
2026-08-13 20:22:35  DEBUG     urllib3.connectionpool  https://books.google.com:443 "GET /books?jscmd=viewapi&bibkeys=OCLC%3A1235880188 HTTP/1.1" 200 None
2026-08-13 20:22:35  DEBUG     urllib3.connectionpool  Starting new HTTPS connection (1): books.google.com:443
2026-08-13 20:22:35  DEBUG     urllib3.connectionpool  https://books.google.com:443 "GET /books?jscmd=viewapi&bibkeys=ISBN%3A2022051892 HTTP/1.1" 200 None
2026-08-13 20:22:35  DEBUG     urllib3.connectionpool  Starting new HTTPS connection (1): books.google.com:443
2026-08-13 20:22:35  DEBUG     urllib3.connectionpool  https://books.google.com:443 "GET /books?jscmd=viewapi&bibkeys=OCLC%3A1313902762 HTTP/1.1" 200 None
2026-08-13 20:22:35  DEBUG     urllib3.connectionpool  Starting new HTTPS connection (1): api.themoviedb.org:443
2026-08-13 20:22:35  DEBUG     urllib3.connectionpool  https://api.themoviedb.org:443 "GET /3/search/multi?query=Building+honor+in+academics+%3A+case+studies+in+academic+integrity+%2F+Valerie+P.+Denney%2C+Camilla+J.+Roberts.&api_key=0270b36dd719e939d079b611ba56fa7c HTTP/1.1" 200 None
2026-08-13 20:22:35  DEBUG     urllib3.connectionpool  Starting new HTTPS connection (1): books.google.com:443
2026-08-13 20:22:35  DEBUG     urllib3.connectionpool  https://books.google.com:443 "GET /books?jscmd=viewapi&bibkeys=ISBN%3A2025046546 HTTP/1.1" 200 None
2026-08-13 20:22:35  DEBUG     urllib3.connectionpool  Starting new HTTPS connection (1): books.google.com:443
2026-08-13 20:22:35  DEBUG     urllib3.connectionpool  https://books.google.com:443 "GET /books?jscmd=viewapi&bibkeys=OCLC%3A1573155706 HTTP/1.1" 200 None
2026-08-13 20:22:35  DEBUG     urllib3.connectionpool  Starting new HTTPS connection (1): api.themoviedb.org:443
2026-08-13 20:22:35  DEBUG     urllib3.connectionpool  https://api.themoviedb.org:443 "GET /3/search/multi?query=The+games+that+computers+%28and+humans%29+play+%3A+a+non-technical+introduction+to+artificial+intelligence+%2F+Jonathan+Schaeffer.&api_key=0270b36dd719e939d079b611ba56fa7c HTTP/1.1" 200 None
2026-08-13 20:22:35  DEBUG     urllib3.connectionpool  Starting new HTTPS connection (1): books.google.com:443
2026-08-13 20:22:35  DEBUG     urllib3.connectionpool  https://books.google.com:443 "GET /books?jscmd=viewapi&bibkeys=ISBN%3A2019051714 HTTP/1.1" 200 None
2026-08-13 20:22:35  DEBUG     urllib3.connectionpool  Starting new HTTPS connection (1): books.google.com:443
2026-08-13 20:22:36  DEBUG     urllib3.connectionpool  https://books.google.com:443 "GET /books?jscmd=viewapi&bibkeys=OCLC%3A1119533085 HTTP/1.1" 200 None
2026-08-13 20:22:36  DEBUG     urllib3.connectionpool  Starting new HTTPS connection (1): books.google.com:443
2026-08-13 20:22:36  DEBUG     urllib3.connectionpool  https://books.google.com:443 "GET /books?jscmd=viewapi&bibkeys=ISBN%3A1591829470 HTTP/1.1" 200 None
2026-08-13 20:22:36  DEBUG     urllib3.connectionpool  Starting new HTTPS connection (1): books.google.com:443
2026-08-13 20:22:36  DEBUG     urllib3.connectionpool  https://books.google.com:443 "GET /books?jscmd=viewapi&bibkeys=OCLC%3A1551446380 HTTP/1.1" 200 None
2026-08-13 20:22:36  DEBUG     urllib3.connectionpool  Starting new HTTPS connection (1): books.google.com:443
2026-08-13 20:22:36  DEBUG     urllib3.connectionpool  https://books.google.com:443 "GET /books?jscmd=viewapi&bibkeys=ISBN%3A1523045339 HTTP/1.1" 200 None
2026-08-13 20:22:36  DEBUG     urllib3.connectionpool  Starting new HTTPS connection (1): books.google.com:443
2026-08-13 20:22:36  DEBUG     urllib3.connectionpool  https://books.google.com:443 "GET /books?jscmd=viewapi&bibkeys=OCLC%3A1574784009 HTTP/1.1" 200 None
2026-08-13 20:22:36  DEBUG     urllib3.connectionpool  Starting new HTTPS connection (1): books.google.com:443
2026-08-13 20:22:36  DEBUG     urllib3.connectionpool  https://books.google.com:443 "GET /books?jscmd=viewapi&bibkeys=ISBN%3A2024009783 HTTP/1.1" 200 None
2026-08-13 20:22:36  DEBUG     urllib3.connectionpool  Starting new HTTPS connection (1): books.google.com:443
2026-08-13 20:22:36  DEBUG     urllib3.connectionpool  https://books.google.com:443 "GET /books?jscmd=viewapi&bibkeys=OCLC%3A1425246958 HTTP/1.1" 200 None
2026-08-13 20:22:36  DEBUG     urllib3.connectionpool  Starting new HTTPS connection (1): books.google.com:443
2026-08-13 20:22:36  DEBUG     urllib3.connectionpool  https://books.google.com:443 "GET /books?jscmd=viewapi&bibkeys=ISBN%3A2025015767 HTTP/1.1" 200 None
2026-08-13 20:22:36  DEBUG     urllib3.connectionpool  Starting new HTTPS connection (1): books.google.com:443
2026-08-13 20:22:36  DEBUG     urllib3.connectionpool  https://books.google.com:443 "GET /books?jscmd=viewapi&bibkeys=OCLC%3A1552153923 HTTP/1.1" 200 None
2026-08-13 20:22:36  DEBUG     urllib3.connectionpool  Starting new HTTPS connection (1): books.google.com:443
2026-08-13 20:22:37  DEBUG     urllib3.connectionpool  https://books.google.com:443 "GET /books?jscmd=viewapi&bibkeys=ISBN%3A1064489040 HTTP/1.1" 200 None
2026-08-13 20:22:37  DEBUG     urllib3.connectionpool  Starting new HTTPS connection (1): books.google.com:443
2026-08-13 20:22:37  DEBUG     urllib3.connectionpool  https://books.google.com:443 "GET /books?jscmd=viewapi&bibkeys=OCLC%3A894900970 HTTP/1.1" 200 None
2026-08-13 20:22:38  DEBUG     urllib3.connectionpool  Starting new HTTPS connection (1): books.google.com:443
2026-08-13 20:22:38  DEBUG     urllib3.connectionpool  https://books.google.com:443 "GET /books?jscmd=viewapi&bibkeys=ISBN%3A2025029822 HTTP/1.1" 200 None
2026-08-13 20:22:38  DEBUG     urllib3.connectionpool  Starting new HTTPS connection (1): books.google.com:443
2026-08-13 20:22:38  DEBUG     urllib3.connectionpool  https://books.google.com:443 "GET /books?jscmd=viewapi&bibkeys=OCLC%3A1530056475 HTTP/1.1" 200 None
2026-08-13 20:22:38  DEBUG     urllib3.connectionpool  Starting new HTTPS connection (1): api.themoviedb.org:443
2026-08-13 20:22:38  DEBUG     urllib3.connectionpool  https://api.themoviedb.org:443 "GET /3/search/multi?query=Leadership+lessons+from+the+Jesuits+%3A+cura+apostolica+and+the+mission-driven+organization+%2F+Matthew+E.+Carnes%2C+SJ%2C+editor+%3B+afterword+by+Michael+J.+Garanzini%2C+SJ+and+Arturo+Sosa%2C+SJ.&api_key=0270b36dd719e939d079b611ba56fa7c HTTP/1.1" 200 None
2026-08-13 20:22:38  DEBUG     urllib3.connectionpool  Starting new HTTPS connection (1): books.google.com:443
2026-08-13 20:22:38  DEBUG     urllib3.connectionpool  https://books.google.com:443 "GET /books?jscmd=viewapi&bibkeys=ISBN%3A1805265695 HTTP/1.1" 200 None
2026-08-13 20:22:38  DEBUG     urllib3.connectionpool  Starting new HTTPS connection (1): books.google.com:443
2026-08-13 20:22:38  DEBUG     urllib3.connectionpool  https://books.google.com:443 "GET /books?jscmd=viewapi&bibkeys=ISBN%3A2024036105 HTTP/1.1" 200 None
2026-08-13 20:22:38  DEBUG     urllib3.connectionpool  Starting new HTTPS connection (1): books.google.com:443
2026-08-13 20:22:39  DEBUG     urllib3.connectionpool  https://books.google.com:443 "GET /books?jscmd=viewapi&bibkeys=OCLC%3A1440028218 HTTP/1.1" 200 None
2026-08-13 20:22:39  INFO      src.html_generator  HTML written to /home/runner/work/folio-new-books/folio-new-books/output/new-materials.html
2026-08-13 20:22:39  DEBUG     src.html_generator  Assets copied to output/assets
2026-08-13 20:22:39  DEBUG     src.html_generator  Item data written to output/data/items.json
2026-08-13 20:22:39  INFO      __main__  Done — 104 items written to output/new-materials.html (plus assets/ and data/items.json)
2026-08-14 06:20:25  INFO      __main__  ──────────────────────────────────────────────────────────────────────
2026-08-14 06:20:25  INFO      __main__  FOLIO New Materials — run starting 2026-08-14 06:20:25
2026-08-14 06:20:25  INFO      __main__  Config: config.ini
2026-08-14 06:20:25  INFO      __main__  Date range: 2026-05-16 → 2026-08-14
2026-08-14 06:20:25  DEBUG     src.folio_client  Orders query: ((receiptDate>="2026-05-16T00:00:00" and receiptDate<="2026-08-14T23:59:59") and receiptStatus=="Fully Received") sortby metadata.updatedDate/sort.descending
2026-08-14 06:20:25  DEBUG     urllib3.connectionpool  Starting new HTTPS connection (1): api-lemoyne.folio.ebsco.com:443
2026-08-14 06:20:26  DEBUG     urllib3.connectionpool  https://api-lemoyne.folio.ebsco.com:443 "POST /authn/login-with-expiry HTTP/1.1" 201 None
2026-08-14 06:20:26  INFO      src.folio_client  FOLIO authentication successful (token cached)
2026-08-14 06:20:26  DEBUG     urllib3.connectionpool  Starting new HTTPS connection (1): api-lemoyne.folio.ebsco.com:443
2026-08-14 06:20:26  DEBUG     urllib3.connectionpool  https://api-lemoyne.folio.ebsco.com:443 "GET /orders/order-lines?query=%28%28receiptDate%3E%3D%222026-05-16T00%3A00%3A00%22+and+receiptDate%3C%3D%222026-08-14T23%3A59%3A59%22%29+and+receiptStatus%3D%3D%22Fully+Received%22%29+sortby+metadata.updatedDate%2Fsort.descending&limit=200&offset=0 HTTP/1.1" 200 32937
2026-08-14 06:20:26  INFO      __main__  Retrieved 104 order lines
2026-08-14 06:20:26  DEBUG     urllib3.connectionpool  https://api-lemoyne.folio.ebsco.com:443 "GET /search/instances?query=%28id%3D%3D%22498e3d96-fb01-4706-9ea2-579f90e01800%22+or+id%3D%3D%22adab5ea0-0f85-4e69-a35c-2fa12c6c2d4a%22+or+id%3D%3D%22ce83cf95-cccb-4c9f-8a16-06e6f10bf099%22+or+id%3D%3D%223577a7ea-8742-4b59-b95f-e5edbdf57b9e%22+or+id%3D%3D%22df6d79d0-6a34-4eba-b617-2654cb7093aa%22+or+id%3D%3D%22c6cf09ce-d6c6-5c0a-83b7-deb514a912d0%22+or+id%3D%3D%227550874b-2da9-4dc7-9e99-e4c218790f1a%22+or+id%3D%3D%22f95dbbc4-4722-44a4-b6d8-4fc76c816048%22+or+id%3D%3D%2243be2c3b-daf2-4d0c-ad94-37b4a0844b37%22+or+id%3D%3D%22e291a0ae-09df-4842-baa3-e124870c3de4%22+or+id%3D%3D%22ef494b13-386e-4e46-8d27-5b7efda6bad5%22+or+id%3D%3D%2214157781-276e-4ab7-94af-e84e5efd2955%22+or+id%3D%3D%22bbf45ff3-8e3a-4fc7-8a96-c4fdc21d59cc%22+or+id%3D%3D%22c823c7f1-9b4b-4ebd-be33-a27201f4c22e%22+or+id%3D%3D%22d6765922-19a7-448a-a148-67bdfe898820%22+or+id%3D%3D%2212bdf8ff-7909-488d-9f0a-78c14e67c7b3%22+or+id%3D%3D%2223650665-733f-4874-ab91-c3137d092de1%22+or+id%3D%3D%22b0ee4622-984d-4b04-a813-c92dccf6c3d7%22+or+id%3D%3D%220e392e26-f166-4f62-8b95-8898da1f7f36%22+or+id%3D%3D%22ead52c52-4885-4f13-9e05-d2c3bc732b67%22+or+id%3D%3D%224239356f-c5ff-4f80-8294-74313d748e37%22+or+id%3D%3D%22cae3d197-eab8-43ef-b86b-d08b07946a61%22+or+id%3D%3D%2215ec25be-13ce-49b6-984a-04a4ca9ad546%22+or+id%3D%3D%2286c80696-0f9b-48d1-b5cb-b028ac4de3c4%22+or+id%3D%3D%22a758abc2-d7ea-4293-bfa9-2e20cb502a7c%22+or+id%3D%3D%223c5be1cb-7263-4b8a-9a9a-26f03858b7a1%22+or+id%3D%3D%22eea76be1-e65e-5b2c-a03d-2643d089d051%22+or+id%3D%3D%22c1af76d5-cb27-442b-802c-273353304071%22+or+id%3D%3D%2265d0f7c4-f8d2-45b4-a498-a9672b5a84d4%22+or+id%3D%3D%22a7839b0c-84ee-4c57-aa8b-bcc10c06f5ea%22+or+id%3D%3D%22609a0b37-f12f-4eb6-8876-04f0965e8a9e%22+or+id%3D%3D%221697fc1e-bfa0-5862-97cd-b29fa469adbc%22+or+id%3D%3D%2221aacd1e-1438-4ee7-bf0f-a2a1f80cdf61%22+or+id%3D%3D%22d53831bc-dfa4-4dd8-9b93-b9cb7e4b89c3%22+or+id%3D%3D%2268fd632e-79c3-4ddd-8a02-621a9b19a567%22+or+id%3D%3D%223e66bb17-7bc2-4e2e-b755-3b502e86faac%22+or+id%3D%3D%2257c00041-77e4-4cd8-8b7b-6ff2527387b5%22+or+id%3D%3D%229bba34cd-a718-41b6-83a4-417d55872666%22+or+id%3D%3D%22ae6fed8b-eabe-4cc5-bf48-6b8bf6fc2497%22+or+id%3D%3D%221fc62f97-d8b4-570b-93b2-db2d38fbf8af%22+or+id%3D%3D%224b11fd46-a48b-4cf4-adbc-b1465e25fc4c%22+or+id%3D%3D%2265dd071d-a3f7-41a2-b4f8-fa4e80b59196%22+or+id%3D%3D%22b2bb0f44-62b8-4cdd-950b-2df23576f2ac%22+or+id%3D%3D%22aff4110c-3073-56ac-8201-06af79a18435%22+or+id%3D%3D%2219707bc4-8830-4749-b0cb-03353ff98fcf%22+or+id%3D%3D%22ae4b384c-bcc6-47ab-81a6-566ea090502c%22+or+id%3D%3D%22a444eeea-18da-4ea9-8d5b-b2453ad840af%22+or+id%3D%3D%221622aa2f-7dbc-4991-90ee-05436550a362%22+or+id%3D%3D%22ef87a4aa-3860-4d33-a406-212807eb342a%22+or+id%3D%3D%222d236822-4f1a-4046-a809-1b0755b00dc1%22%29&limit=50&expandAll=true HTTP/1.1" 200 None
2026-08-14 06:20:26  DEBUG     urllib3.connectionpool  https://api-lemoyne.folio.ebsco.com:443 "GET /search/instances?query=%28id%3D%3D%223a33ce5f-ee58-466a-968f-bee361f30e00%22+or+id%3D%3D%223d7f621c-d301-42ed-b8df-d73c423c04eb%22+or+id%3D%3D%22036fa639-36cd-41e4-9664-02adba8395ad%22+or+id%3D%3D%222b2f5589-e82a-445c-8201-43ac081cd0dc%22+or+id%3D%3D%22ed4d7ba3-f047-42b8-8550-873be5bf5d30%22+or+id%3D%3D%22b13690f5-18ef-4baa-8ec1-63e349399e9e%22+or+id%3D%3D%22a70b30bf-a34a-4353-83f4-9508c7aca75b%22+or+id%3D%3D%2237a91cb2-edb1-50b3-81e7-461a8043dd21%22+or+id%3D%3D%221373dd9b-6148-43a1-8749-8f2d30609c58%22+or+id%3D%3D%22ff1fb556-6c9e-50d0-beb5-125281389d8f%22+or+id%3D%3D%22353d2bb6-c4ab-49a1-bb09-c94a92d997a6%22+or+id%3D%3D%221a97aad4-e5ae-497c-95ac-84f6f11a0a97%22+or+id%3D%3D%226051a792-421e-4b5b-8dae-3e0e3fcbdf65%22+or+id%3D%3D%22feedf627-b780-4db5-aabc-4a5d7866184b%22+or+id%3D%3D%22ad48aab2-19c8-4852-ab1f-a2b0fee61906%22+or+id%3D%3D%2287518e5d-b3d8-509a-9cde-fb0f6ba16ecb%22+or+id%3D%3D%22b2754740-252e-4985-b72d-dbf638e7cb31%22+or+id%3D%3D%22e636f130-49e6-4b98-82be-360c59c91621%22+or+id%3D%3D%22432435ea-7677-4e22-92f6-63807b7d08dc%22+or+id%3D%3D%2268a469c0-df1f-4dbe-8355-27d0a08e1137%22+or+id%3D%3D%2275d1243f-4965-4c7f-9871-0a1561e72626%22+or+id%3D%3D%22affff187-c9fd-5010-859d-199063698fa4%22+or+id%3D%3D%22adb3a199-0695-492d-b218-ad6b02b7a8f0%22+or+id%3D%3D%22ae38c530-fe24-472f-8423-117f12508df6%22+or+id%3D%3D%22524068c8-e8b7-49cd-a885-160238b928eb%22+or+id%3D%3D%22f0e478e3-b0b1-4e46-ae4d-1a1ac268e0df%22+or+id%3D%3D%22c9ca2c1f-2ae2-5bf8-af0c-a129f69b5639%22+or+id%3D%3D%22e4da304e-798f-4d1e-a512-bced28e50a1e%22+or+id%3D%3D%22ed664865-7963-4d43-9305-dc8d18f0997e%22+or+id%3D%3D%22ea92c0dc-9cb2-4ff3-b97c-e4190faf2a8d%22+or+id%3D%3D%22886c190e-993b-579f-9db2-b7d68e57a922%22+or+id%3D%3D%225f179ff1-e8a8-491d-8885-ea7a887409c7%22+or+id%3D%3D%224a90fd66-427a-47c4-bac7-08c9f2933a0c%22+or+id%3D%3D%22473a6b80-c167-402f-a960-f5251c23f1c4%22+or+id%3D%3D%22d6c24703-e0ad-4426-bc57-6008471e6180%22+or+id%3D%3D%22f36628f9-408d-4cfe-b52f-368ebc215071%22+or+id%3D%3D%227d637bac-29b8-4e0b-b347-61c8e8bc3f00%22+or+id%3D%3D%2279fbb5c4-ccd9-4c59-9c0d-6900f8ca1641%22+or+id%3D%3D%223607de06-841a-452c-968a-aecddaa06018%22+or+id%3D%3D%22605791de-aa54-49fe-865e-1e9da1ff5065%22+or+id%3D%3D%22aab9fadf-4166-4e1a-a3d9-1671e0aaaede%22+or+id%3D%3D%228eca126b-64ae-4705-9bb3-7a2027707eaf%22+or+id%3D%3D%225c5f1c4f-92d0-46ee-b964-dbd77dcf895d%22+or+id%3D%3D%2275625d39-31e4-48e5-a76f-e387cf606a3f%22+or+id%3D%3D%22e4a69f24-5c02-4341-b991-9bdff36a73e6%22+or+id%3D%3D%22cbd25b16-13ec-5314-8b39-e43d31e55fd5%22+or+id%3D%3D%2218944ed6-e85b-4953-95cd-e1153b0f120e%22+or+id%3D%3D%22dad5200b-4c52-4cdc-83ea-6bd5444d2b0c%22+or+id%3D%3D%22054ab8f5-55c1-5458-8e9a-02ae739c91cd%22+or+id%3D%3D%22f3ba5444-cb7a-43f6-84f8-55a980e9d8a0%22%29&limit=50&expandAll=true HTTP/1.1" 200 None
2026-08-14 06:20:27  DEBUG     urllib3.connectionpool  https://api-lemoyne.folio.ebsco.com:443 "GET /search/instances?query=%28id%3D%3D%22a50aca5b-9851-4268-9646-8806c3cd76c7%22+or+id%3D%3D%22e6a9f53d-7e97-4a0c-b76b-c9f51e1d4532%22+or+id%3D%3D%22fd1c9f3b-99d0-5d75-ae31-83350383e9fa%22+or+id%3D%3D%22f8b0f741-7c0f-5ac5-ad8c-478966dd81c2%22%29&limit=4&expandAll=true HTTP/1.1" 200 None
2026-08-14 06:20:27  INFO      __main__  Fetched details for 104 instances
2026-08-14 06:20:27  DEBUG     urllib3.connectionpool  https://api-lemoyne.folio.ebsco.com:443 "GET /material-types?limit=500 HTTP/1.1" 200 1291
2026-08-14 06:20:27  INFO      __main__  Discovered 23 material types from FOLIO
2026-08-14 06:20:27  DEBUG     urllib3.connectionpool  https://api-lemoyne.folio.ebsco.com:443 "GET /locations?limit=1000 HTTP/1.1" 200 2498
2026-08-14 06:20:27  INFO      __main__  Loaded 33 location definitions
2026-08-14 06:20:27  INFO      __main__  Fetching cover images for 104 items …
2026-08-14 06:20:27  DEBUG     urllib3.connectionpool  Starting new HTTPS connection (1): books.google.com:443
2026-08-14 06:20:27  DEBUG     urllib3.connectionpool  https://books.google.com:443 "GET /books?jscmd=viewapi&bibkeys=ISBN%3A2026003056 HTTP/1.1" 200 None
2026-08-14 06:20:27  DEBUG     urllib3.connectionpool  Starting new HTTPS connection (1): books.google.com:443
2026-08-14 06:20:27  DEBUG     urllib3.connectionpool  https://books.google.com:443 "GET /books?jscmd=viewapi&bibkeys=OCLC%3A1570483056 HTTP/1.1" 200 None
2026-08-14 06:20:27  DEBUG     urllib3.connectionpool  Starting new HTTPS connection (1): books.google.com:443
2026-08-14 06:20:27  DEBUG     urllib3.connectionpool  https://books.google.com:443 "GET /books?jscmd=viewapi&bibkeys=ISBN%3A9798888905005 HTTP/1.1" 200 None
2026-08-14 06:20:27  DEBUG     urllib3.connectionpool  Starting new HTTPS connection (1): books.google.com:443
2026-08-14 06:20:27  DEBUG     urllib3.connectionpool  https://books.google.com:443 "GET /books?jscmd=viewapi&bibkeys=OCLC%3A1082149225 HTTP/1.1" 200 None
2026-08-14 06:20:27  DEBUG     urllib3.connectionpool  Starting new HTTPS connection (1): books.google.com:443
2026-08-14 06:20:27  DEBUG     urllib3.connectionpool  https://books.google.com:443 "GET /books?jscmd=viewapi&bibkeys=ISBN%3A2024943389 HTTP/1.1" 200 None
2026-08-14 06:20:27  DEBUG     urllib3.connectionpool  Starting new HTTPS connection (1): books.google.com:443
2026-08-14 06:20:27  DEBUG     urllib3.connectionpool  https://books.google.com:443 "GET /books?jscmd=viewapi&bibkeys=OCLC%3A1509695237 HTTP/1.1" 200 None
2026-08-14 06:20:27  DEBUG     urllib3.connectionpool  Starting new HTTPS connection (1): books.google.com:443
2026-08-14 06:20:27  DEBUG     urllib3.connectionpool  https://books.google.com:443 "GET /books?jscmd=viewapi&bibkeys=ISBN%3A9780925776228 HTTP/1.1" 200 None
2026-08-14 06:20:27  DEBUG     urllib3.connectionpool  Starting new HTTPS connection (1): books.google.com:443
2026-08-14 06:20:27  DEBUG     urllib3.connectionpool  https://books.google.com:443 "GET /books?jscmd=viewapi&bibkeys=ISBN%3A2024012516 HTTP/1.1" 200 None
2026-08-14 06:20:27  DEBUG     urllib3.connectionpool  Starting new HTTPS connection (1): books.google.com:443
2026-08-14 06:20:27  DEBUG     urllib3.connectionpool  https://books.google.com:443 "GET /books?jscmd=viewapi&bibkeys=OCLC%3A1417469967 HTTP/1.1" 200 None
2026-08-14 06:20:27  DEBUG     urllib3.connectionpool  Starting new HTTPS connection (1): books.google.com:443
2026-08-14 06:20:27  DEBUG     urllib3.connectionpool  https://books.google.com:443 "GET /books?jscmd=viewapi&bibkeys=ISBN%3A2022000906 HTTP/1.1" 200 None
2026-08-14 06:20:27  DEBUG     urllib3.connectionpool  Starting new HTTPS connection (1): books.google.com:443
2026-08-14 06:20:27  DEBUG     urllib3.connectionpool  https://books.google.com:443 "GET /books?jscmd=viewapi&bibkeys=OCLC%3A1302331379 HTTP/1.1" 200 None
2026-08-14 06:20:27  DEBUG     urllib3.connectionpool  Starting new HTTPS connection (1): api.themoviedb.org:443
2026-08-14 06:20:27  DEBUG     urllib3.connectionpool  https://api.themoviedb.org:443 "GET /3/search/multi?query=Gender+and+sexuality+in+the+classroom+%3A+an+educator%27s+guide+%2F+Marni+Brown%2C+Baker+A.+Rogers%2C+and+Martha+Caldwell.&api_key=0270b36dd719e939d079b611ba56fa7c HTTP/1.1" 200 None
2026-08-14 06:20:27  DEBUG     urllib3.connectionpool  Starting new HTTPS connection (1): books.google.com:443
2026-08-14 06:20:27  DEBUG     urllib3.connectionpool  https://books.google.com:443 "GET /books?jscmd=viewapi&bibkeys=ISBN%3A2024016523 HTTP/1.1" 200 None
2026-08-14 06:20:27  DEBUG     urllib3.connectionpool  Starting new HTTPS connection (1): books.google.com:443
2026-08-14 06:20:28  DEBUG     urllib3.connectionpool  https://books.google.com:443 "GET /books?jscmd=viewapi&bibkeys=OCLC%3A1437997463 HTTP/1.1" 200 None
2026-08-14 06:20:28  DEBUG     urllib3.connectionpool  Starting new HTTPS connection (1): books.google.com:443
2026-08-14 06:20:28  DEBUG     urllib3.connectionpool  https://books.google.com:443 "GET /books?jscmd=viewapi&bibkeys=ISBN%3A0063511630 HTTP/1.1" 200 None
2026-08-14 06:20:28  DEBUG     urllib3.connectionpool  Starting new HTTPS connection (1): books.google.com:443
2026-08-14 06:20:28  DEBUG     urllib3.connectionpool  https://books.google.com:443 "GET /books?jscmd=viewapi&bibkeys=ISBN%3A2025054230 HTTP/1.1" 200 None
2026-08-14 06:20:28  DEBUG     urllib3.connectionpool  Starting new HTTPS connection (1): books.google.com:443
2026-08-14 06:20:28  DEBUG     urllib3.connectionpool  https://books.google.com:443 "GET /books?jscmd=viewapi&bibkeys=OCLC%3A1520908122 HTTP/1.1" 200 None
2026-08-14 06:20:28  DEBUG     urllib3.connectionpool  Starting new HTTPS connection (1): books.google.com:443
2026-08-14 06:20:28  DEBUG     urllib3.connectionpool  https://books.google.com:443 "GET /books?jscmd=viewapi&bibkeys=ISBN%3A2021050502 HTTP/1.1" 200 None
2026-08-14 06:20:28  DEBUG     urllib3.connectionpool  Starting new HTTPS connection (1): books.google.com:443
2026-08-14 06:20:28  DEBUG     urllib3.connectionpool  https://books.google.com:443 "GET /books?jscmd=viewapi&bibkeys=OCLC%3A1288666177 HTTP/1.1" 200 None
2026-08-14 06:20:29  DEBUG     urllib3.connectionpool  Starting new HTTPS connection (1): books.google.com:443
2026-08-14 06:20:29  DEBUG     urllib3.connectionpool  https://books.google.com:443 "GET /books?jscmd=viewapi&bibkeys=ISBN%3A2017303895 HTTP/1.1" 200 None
2026-08-14 06:20:29  DEBUG     urllib3.connectionpool  Starting new HTTPS connection (1): books.google.com:443
2026-08-14 06:20:29  DEBUG     urllib3.connectionpool  https://books.google.com:443 "GET /books?jscmd=viewapi&bibkeys=OCLC%3A952789649 HTTP/1.1" 200 None
2026-08-14 06:20:29  DEBUG     urllib3.connectionpool  Starting new HTTPS connection (1): books.google.com:443
2026-08-14 06:20:29  DEBUG     urllib3.connectionpool  https://books.google.com:443 "GET /books?jscmd=viewapi&bibkeys=ISBN%3A1586921767 HTTP/1.1" 200 None
2026-08-14 06:20:29  DEBUG     urllib3.connectionpool  Starting new HTTPS connection (1): books.google.com:443
2026-08-14 06:20:29  DEBUG     urllib3.connectionpool  https://books.google.com:443 "GET /books?jscmd=viewapi&bibkeys=OCLC%3A1579017246 HTTP/1.1" 200 None
2026-08-14 06:20:29  DEBUG     urllib3.connectionpool  Starting new HTTPS connection (1): books.google.com:443
2026-08-14 06:20:29  DEBUG     urllib3.connectionpool  https://books.google.com:443 "GET /books?jscmd=viewapi&bibkeys=ISBN%3A2014949011 HTTP/1.1" 200 None
2026-08-14 06:20:29  DEBUG     urllib3.connectionpool  Starting new HTTPS connection (1): books.google.com:443
2026-08-14 06:20:29  DEBUG     urllib3.connectionpool  https://books.google.com:443 "GET /books?jscmd=viewapi&bibkeys=OCLC%3A898088225 HTTP/1.1" 200 None
2026-08-14 06:20:29  DEBUG     urllib3.connectionpool  Starting new HTTPS connection (1): books.google.com:443
2026-08-14 06:20:29  DEBUG     urllib3.connectionpool  https://books.google.com:443 "GET /books?jscmd=viewapi&bibkeys=ISBN%3A2025006793 HTTP/1.1" 200 None
2026-08-14 06:20:29  DEBUG     urllib3.connectionpool  Starting new HTTPS connection (1): books.google.com:443
2026-08-14 06:20:29  DEBUG     urllib3.connectionpool  https://books.google.com:443 "GET /books?jscmd=viewapi&bibkeys=OCLC%3A1500217614 HTTP/1.1" 200 None
2026-08-14 06:20:29  DEBUG     urllib3.connectionpool  Starting new HTTPS connection (1): books.google.com:443
2026-08-14 06:20:29  DEBUG     urllib3.connectionpool  https://books.google.com:443 "GET /books?jscmd=viewapi&bibkeys=ISBN%3A2018030408 HTTP/1.1" 200 None
2026-08-14 06:20:29  DEBUG     urllib3.connectionpool  Starting new HTTPS connection (1): books.google.com:443
2026-08-14 06:20:29  DEBUG     urllib3.connectionpool  https://books.google.com:443 "GET /books?jscmd=viewapi&bibkeys=OCLC%3A1043051113 HTTP/1.1" 200 None
2026-08-14 06:20:29  DEBUG     urllib3.connectionpool  Starting new HTTPS connection (1): books.google.com:443
2026-08-14 06:20:29  DEBUG     urllib3.connectionpool  https://books.google.com:443 "GET /books?jscmd=viewapi&bibkeys=ISBN%3A2026016846 HTTP/1.1" 200 None
2026-08-14 06:20:29  DEBUG     urllib3.connectionpool  Starting new HTTPS connection (1): books.google.com:443
2026-08-14 06:20:29  DEBUG     urllib3.connectionpool  https://books.google.com:443 "GET /books?jscmd=viewapi&bibkeys=OCLC%3A1570754080 HTTP/1.1" 200 None
2026-08-14 06:20:29  DEBUG     urllib3.connectionpool  Starting new HTTPS connection (1): api.themoviedb.org:443
2026-08-14 06:20:29  DEBUG     urllib3.connectionpool  https://api.themoviedb.org:443 "GET /3/search/multi?query=Creating+generative+AI+policies+%3A+a+guide+for+public+and+academic+libraries+%2F+Robin+Hastings.&api_key=0270b36dd719e939d079b611ba56fa7c HTTP/1.1" 200 None
2026-08-14 06:20:29  DEBUG     urllib3.connectionpool  Starting new HTTPS connection (1): books.google.com:443
2026-08-14 06:20:30  DEBUG     urllib3.connectionpool  https://books.google.com:443 "GET /books?jscmd=viewapi&bibkeys=ISBN%3A2021016303 HTTP/1.1" 200 None
2026-08-14 06:20:30  DEBUG     urllib3.connectionpool  Starting new HTTPS connection (1): books.google.com:443
2026-08-14 06:20:30  DEBUG     urllib3.connectionpool  https://books.google.com:443 "GET /books?jscmd=viewapi&bibkeys=OCLC%3A1240576417 HTTP/1.1" 200 None
2026-08-14 06:20:30  DEBUG     urllib3.connectionpool  Starting new HTTPS connection (1): books.google.com:443
2026-08-14 06:20:30  DEBUG     urllib3.connectionpool  https://books.google.com:443 "GET /books?jscmd=viewapi&bibkeys=ISBN%3A2021924408 HTTP/1.1" 200 None
2026-08-14 06:20:30  DEBUG     urllib3.connectionpool  Starting new HTTPS connection (1): books.google.com:443
2026-08-14 06:20:30  DEBUG     urllib3.connectionpool  https://books.google.com:443 "GET /books?jscmd=viewapi&bibkeys=OCLC%3A1282601295 HTTP/1.1" 200 None
2026-08-14 06:20:30  DEBUG     urllib3.connectionpool  Starting new HTTPS connection (1): books.google.com:443
2026-08-14 06:20:30  DEBUG     urllib3.connectionpool  https://books.google.com:443 "GET /books?jscmd=viewapi&bibkeys=OCLC%3A1518186166 HTTP/1.1" 200 None
2026-08-14 06:20:30  DEBUG     urllib3.connectionpool  Starting new HTTPS connection (1): books.google.com:443
2026-08-14 06:20:30  DEBUG     urllib3.connectionpool  https://books.google.com:443 "GET /books?jscmd=viewapi&bibkeys=ISBN%3A2025000127 HTTP/1.1" 200 None
2026-08-14 06:20:30  DEBUG     urllib3.connectionpool  Starting new HTTPS connection (1): books.google.com:443
2026-08-14 06:20:30  DEBUG     urllib3.connectionpool  https://books.google.com:443 "GET /books?jscmd=viewapi&bibkeys=OCLC%3A1514598684 HTTP/1.1" 200 None
2026-08-14 06:20:31  DEBUG     urllib3.connectionpool  Starting new HTTPS connection (1): books.google.com:443
2026-08-14 06:20:31  DEBUG     urllib3.connectionpool  https://books.google.com:443 "GET /books?jscmd=viewapi&bibkeys=ISBN%3A2023054363 HTTP/1.1" 200 None
2026-08-14 06:20:31  DEBUG     urllib3.connectionpool  Starting new HTTPS connection (1): books.google.com:443
2026-08-14 06:20:31  DEBUG     urllib3.connectionpool  https://books.google.com:443 "GET /books?jscmd=viewapi&bibkeys=OCLC%3A1415240396 HTTP/1.1" 200 None
2026-08-14 06:20:31  DEBUG     urllib3.connectionpool  Starting new HTTPS connection (1): books.google.com:443
2026-08-14 06:20:31  DEBUG     urllib3.connectionpool  https://books.google.com:443 "GET /books?jscmd=viewapi&bibkeys=ISBN%3A2023049476 HTTP/1.1" 200 None
2026-08-14 06:20:31  DEBUG     urllib3.connectionpool  Starting new HTTPS connection (1): books.google.com:443
2026-08-14 06:20:31  DEBUG     urllib3.connectionpool  https://books.google.com:443 "GET /books?jscmd=viewapi&bibkeys=OCLC%3A1408648878 HTTP/1.1" 200 None
2026-08-14 06:20:31  DEBUG     urllib3.connectionpool  Starting new HTTPS connection (1): books.google.com:443
2026-08-14 06:20:31  DEBUG     urllib3.connectionpool  https://books.google.com:443 "GET /books?jscmd=viewapi&bibkeys=OCLC%3A1521909326 HTTP/1.1" 200 None
2026-08-14 06:20:31  DEBUG     urllib3.connectionpool  Starting new HTTPS connection (1): api.themoviedb.org:443
2026-08-14 06:20:31  DEBUG     urllib3.connectionpool  https://api.themoviedb.org:443 "GET /3/search/multi?query=Thinking+AI+%3A+how+artificial+intelligence+emulates+human+understanding+%2F+John+MacCormick.&api_key=0270b36dd719e939d079b611ba56fa7c HTTP/1.1" 200 None
2026-08-14 06:20:31  DEBUG     urllib3.connectionpool  Starting new HTTPS connection (1): books.google.com:443
2026-08-14 06:20:31  DEBUG     urllib3.connectionpool  https://books.google.com:443 "GET /books?jscmd=viewapi&bibkeys=ISBN%3A2024059990 HTTP/1.1" 200 None
2026-08-14 06:20:31  DEBUG     urllib3.connectionpool  Starting new HTTPS connection (1): books.google.com:443
2026-08-14 06:20:31  DEBUG     urllib3.connectionpool  https://books.google.com:443 "GET /books?jscmd=viewapi&bibkeys=OCLC%3A1453071132 HTTP/1.1" 200 None
2026-08-14 06:20:31  DEBUG     urllib3.connectionpool  Starting new HTTPS connection (1): books.google.com:443
2026-08-14 06:20:32  DEBUG     urllib3.connectionpool  https://books.google.com:443 "GET /books?jscmd=viewapi&bibkeys=ISBN%3A2025016685 HTTP/1.1" 200 None
2026-08-14 06:20:32  DEBUG     urllib3.connectionpool  Starting new HTTPS connection (1): books.google.com:443
2026-08-14 06:20:32  DEBUG     urllib3.connectionpool  https://books.google.com:443 "GET /books?jscmd=viewapi&bibkeys=OCLC%3A1506131444 HTTP/1.1" 200 None
2026-08-14 06:20:32  DEBUG     urllib3.connectionpool  Starting new HTTPS connection (1): books.google.com:443
2026-08-14 06:20:32  DEBUG     urllib3.connectionpool  https://books.google.com:443 "GET /books?jscmd=viewapi&bibkeys=OCLC%3A1529593781 HTTP/1.1" 200 None
2026-08-14 06:20:32  DEBUG     urllib3.connectionpool  Starting new HTTPS connection (1): api.themoviedb.org:443
2026-08-14 06:20:32  DEBUG     urllib3.connectionpool  https://api.themoviedb.org:443 "GET /3/search/multi?query=Beyond+belief+%3A+how+evidence+shows+what+really+works+%2F+Helen+Pearson.&api_key=0270b36dd719e939d079b611ba56fa7c HTTP/1.1" 200 None
2026-08-14 06:20:32  DEBUG     urllib3.connectionpool  Starting new HTTPS connection (1): books.google.com:443
2026-08-14 06:20:32  DEBUG     urllib3.connectionpool  https://books.google.com:443 "GET /books?jscmd=viewapi&bibkeys=ISBN%3A2025936081 HTTP/1.1" 200 None
2026-08-14 06:20:32  DEBUG     urllib3.connectionpool  Starting new HTTPS connection (1): books.google.com:443
2026-08-14 06:20:32  DEBUG     urllib3.connectionpool  https://books.google.com:443 "GET /books?jscmd=viewapi&bibkeys=OCLC%3A1472919691 HTTP/1.1" 200 None
2026-08-14 06:20:32  DEBUG     urllib3.connectionpool  Starting new HTTPS connection (1): books.google.com:443
2026-08-14 06:20:32  DEBUG     urllib3.connectionpool  https://books.google.com:443 "GET /books?jscmd=viewapi&bibkeys=ISBN%3A2016021462 HTTP/1.1" 200 None
2026-08-14 06:20:32  DEBUG     urllib3.connectionpool  Starting new HTTPS connection (1): books.google.com:443
2026-08-14 06:20:32  DEBUG     urllib3.connectionpool  https://books.google.com:443 "GET /books?jscmd=viewapi&bibkeys=OCLC%3A949669599 HTTP/1.1" 200 None
2026-08-14 06:20:32  DEBUG     urllib3.connectionpool  Starting new HTTPS connection (1): books.google.com:443
2026-08-14 06:20:32  DEBUG     urllib3.connectionpool  https://books.google.com:443 "GET /books?jscmd=viewapi&bibkeys=ISBN%3A1296905252 HTTP/1.1" 200 None
2026-08-14 06:20:32  DEBUG     urllib3.connectionpool  Starting new HTTPS connection (1): books.google.com:443
2026-08-14 06:20:32  DEBUG     urllib3.connectionpool  https://books.google.com:443 "GET /books?jscmd=viewapi&bibkeys=OCLC%3A932001597 HTTP/1.1" 200 None
2026-08-14 06:20:32  DEBUG     urllib3.connectionpool  Starting new HTTPS connection (1): books.google.com:443
2026-08-14 06:20:32  DEBUG     urllib3.connectionpool  https://books.google.com:443 "GET /books?jscmd=viewapi&bibkeys=OCLC%3A1592965230 HTTP/1.1" 200 None
2026-08-14 06:20:32  DEBUG     urllib3.connectionpool  Starting new HTTPS connection (1): api.themoviedb.org:443
2026-08-14 06:20:32  DEBUG     urllib3.connectionpool  https://api.themoviedb.org:443 "GET /3/search/multi?query=80%2C000+hours+%3A+how+to+have+a+fulfilling+career+that+does+good+%2F+Benjamin+Todd.&api_key=0270b36dd719e939d079b611ba56fa7c HTTP/1.1" 200 None
2026-08-14 06:20:33  DEBUG     urllib3.connectionpool  Starting new HTTPS connection (1): books.google.com:443
2026-08-14 06:20:33  DEBUG     urllib3.connectionpool  https://books.google.com:443 "GET /books?jscmd=viewapi&bibkeys=ISBN%3A2020027770 HTTP/1.1" 200 None
2026-08-14 06:20:33  DEBUG     urllib3.connectionpool  Starting new HTTPS connection (1): books.google.com:443
2026-08-14 06:20:33  DEBUG     urllib3.connectionpool  https://books.google.com:443 "GET /books?jscmd=viewapi&bibkeys=OCLC%3A1151497573 HTTP/1.1" 200 None
2026-08-14 06:20:33  DEBUG     urllib3.connectionpool  Starting new HTTPS connection (1): books.google.com:443
2026-08-14 06:20:33  DEBUG     urllib3.connectionpool  https://books.google.com:443 "GET /books?jscmd=viewapi&bibkeys=ISBN%3A2021050092 HTTP/1.1" 200 None
2026-08-14 06:20:33  DEBUG     urllib3.connectionpool  Starting new HTTPS connection (1): books.google.com:443
2026-08-14 06:20:33  DEBUG     urllib3.connectionpool  https://books.google.com:443 "GET /books?jscmd=viewapi&bibkeys=OCLC%3A1285577176 HTTP/1.1" 200 None
2026-08-14 06:20:33  DEBUG     urllib3.connectionpool  Starting new HTTPS connection (1): books.google.com:443
2026-08-14 06:20:33  DEBUG     urllib3.connectionpool  https://books.google.com:443 "GET /books?jscmd=viewapi&bibkeys=ISBN%3A2020041583 HTTP/1.1" 200 None
2026-08-14 06:20:33  DEBUG     urllib3.connectionpool  Starting new HTTPS connection (1): books.google.com:443
2026-08-14 06:20:34  DEBUG     urllib3.connectionpool  https://books.google.com:443 "GET /books?jscmd=viewapi&bibkeys=OCLC%3A1196821778 HTTP/1.1" 200 None
2026-08-14 06:20:34  DEBUG     urllib3.connectionpool  Starting new HTTPS connection (1): books.google.com:443
2026-08-14 06:20:34  DEBUG     urllib3.connectionpool  https://books.google.com:443 "GET /books?jscmd=viewapi&bibkeys=ISBN%3A1311283879 HTTP/1.1" 200 None
2026-08-14 06:20:34  DEBUG     urllib3.connectionpool  Starting new HTTPS connection (1): books.google.com:443
2026-08-14 06:20:34  DEBUG     urllib3.connectionpool  https://books.google.com:443 "GET /books?jscmd=viewapi&bibkeys=OCLC%3A1259046336 HTTP/1.1" 200 None
2026-08-14 06:20:34  DEBUG     urllib3.connectionpool  Starting new HTTPS connection (1): books.google.com:443
2026-08-14 06:20:34  DEBUG     urllib3.connectionpool  https://books.google.com:443 "GET /books?jscmd=viewapi&bibkeys=ISBN%3A2024012575 HTTP/1.1" 200 None
2026-08-14 06:20:34  DEBUG     urllib3.connectionpool  Starting new HTTPS connection (1): books.google.com:443
2026-08-14 06:20:34  DEBUG     urllib3.connectionpool  https://books.google.com:443 "GET /books?jscmd=viewapi&bibkeys=OCLC%3A1420449549 HTTP/1.1" 200 None
2026-08-14 06:20:34  DEBUG     urllib3.connectionpool  Starting new HTTPS connection (1): books.google.com:443
2026-08-14 06:20:34  DEBUG     urllib3.connectionpool  https://books.google.com:443 "GET /books?jscmd=viewapi&bibkeys=ISBN%3A2025051097 HTTP/1.1" 200 None
2026-08-14 06:20:34  DEBUG     urllib3.connectionpool  Starting new HTTPS connection (1): books.google.com:443
2026-08-14 06:20:34  DEBUG     urllib3.connectionpool  https://books.google.com:443 "GET /books?jscmd=viewapi&bibkeys=OCLC%3A1541909718 HTTP/1.1" 200 None
2026-08-14 06:20:34  DEBUG     urllib3.connectionpool  Starting new HTTPS connection (1): api.themoviedb.org:443
2026-08-14 06:20:34  DEBUG     urllib3.connectionpool  https://api.themoviedb.org:443 "GET /3/search/multi?query=Sally+Rooney+%3A+perspectives+and+approaches+%2F+edited+by+Ellen+Scheible+and+Barry+Devine+%3B+Foreword+by+Claire+Bracken.&api_key=0270b36dd719e939d079b611ba56fa7c HTTP/1.1" 200 None
2026-08-14 06:20:34  DEBUG     urllib3.connectionpool  Starting new HTTPS connection (1): books.google.com:443
2026-08-14 06:20:34  DEBUG     urllib3.connectionpool  https://books.google.com:443 "GET /books?jscmd=viewapi&bibkeys=ISBN%3A2026016366 HTTP/1.1" 200 None
2026-08-14 06:20:34  DEBUG     urllib3.connectionpool  Starting new HTTPS connection (1): books.google.com:443
2026-08-14 06:20:34  DEBUG     urllib3.connectionpool  https://books.google.com:443 "GET /books?jscmd=viewapi&bibkeys=OCLC%3A1582422910 HTTP/1.1" 200 None
2026-08-14 06:20:34  DEBUG     urllib3.connectionpool  Starting new HTTPS connection (1): api.themoviedb.org:443
2026-08-14 06:20:34  DEBUG     urllib3.connectionpool  https://api.themoviedb.org:443 "GET /3/search/multi?query=The+unicorn+hunters+%3A+a+novel+%2F+Katherine+Arden.&api_key=0270b36dd719e939d079b611ba56fa7c HTTP/1.1" 200 None
2026-08-14 06:20:34  DEBUG     urllib3.connectionpool  Starting new HTTPS connection (1): books.google.com:443
2026-08-14 06:20:34  DEBUG     urllib3.connectionpool  https://books.google.com:443 "GET /books?jscmd=viewapi&bibkeys=ISBN%3A2025037346 HTTP/1.1" 200 None
2026-08-14 06:20:34  DEBUG     urllib3.connectionpool  Starting new HTTPS connection (1): books.google.com:443
2026-08-14 06:20:34  DEBUG     urllib3.connectionpool  https://books.google.com:443 "GET /books?jscmd=viewapi&bibkeys=OCLC%3A1524979901 HTTP/1.1" 200 None
2026-08-14 06:20:34  DEBUG     urllib3.connectionpool  Starting new HTTPS connection (1): api.themoviedb.org:443
2026-08-14 06:20:34  DEBUG     urllib3.connectionpool  https://api.themoviedb.org:443 "GET /3/search/multi?query=Patient%2C+female+%3A+stories+%2F+Julie+Schumacher.&api_key=0270b36dd719e939d079b611ba56fa7c HTTP/1.1" 200 None
2026-08-14 06:20:34  DEBUG     urllib3.connectionpool  Starting new HTTPS connection (1): books.google.com:443
2026-08-14 06:20:34  DEBUG     urllib3.connectionpool  https://books.google.com:443 "GET /books?jscmd=viewapi&bibkeys=ISBN%3A2020057139 HTTP/1.1" 200 None
2026-08-14 06:20:34  DEBUG     urllib3.connectionpool  Starting new HTTPS connection (1): books.google.com:443
2026-08-14 06:20:34  DEBUG     urllib3.connectionpool  https://books.google.com:443 "GET /books?jscmd=viewapi&bibkeys=OCLC%3A1175914589 HTTP/1.1" 200 None
2026-08-14 06:20:34  DEBUG     urllib3.connectionpool  Starting new HTTPS connection (1): books.google.com:443
2026-08-14 06:20:34  DEBUG     urllib3.connectionpool  https://books.google.com:443 "GET /books?jscmd=viewapi&bibkeys=ISBN%3A2016049811 HTTP/1.1" 200 None
2026-08-14 06:20:34  DEBUG     urllib3.connectionpool  Starting new HTTPS connection (1): books.google.com:443
2026-08-14 06:20:34  DEBUG     urllib3.connectionpool  https://books.google.com:443 "GET /books?jscmd=viewapi&bibkeys=OCLC%3A962025730 HTTP/1.1" 200 None
2026-08-14 06:20:35  DEBUG     urllib3.connectionpool  Starting new HTTPS connection (1): books.google.com:443
2026-08-14 06:20:35  DEBUG     urllib3.connectionpool  https://books.google.com:443 "GET /books?jscmd=viewapi&bibkeys=ISBN%3A2016058809 HTTP/1.1" 200 None
2026-08-14 06:20:35  DEBUG     urllib3.connectionpool  Starting new HTTPS connection (1): books.google.com:443
2026-08-14 06:20:36  DEBUG     urllib3.connectionpool  https://books.google.com:443 "GET /books?jscmd=viewapi&bibkeys=OCLC%3A959536312 HTTP/1.1" 200 None
2026-08-14 06:20:36  DEBUG     urllib3.connectionpool  Starting new HTTPS connection (1): books.google.com:443
2026-08-14 06:20:36  DEBUG     urllib3.connectionpool  https://books.google.com:443 "GET /books?jscmd=viewapi&bibkeys=ISBN%3A2023050723 HTTP/1.1" 200 None
2026-08-14 06:20:36  DEBUG     urllib3.connectionpool  Starting new HTTPS connection (1): books.google.com:443
2026-08-14 06:20:36  DEBUG     urllib3.connectionpool  https://books.google.com:443 "GET /books?jscmd=viewapi&bibkeys=OCLC%3A1412503493 HTTP/1.1" 200 None
2026-08-14 06:20:36  DEBUG     urllib3.connectionpool  Starting new HTTPS connection (1): books.google.com:443
2026-08-14 06:20:36  DEBUG     urllib3.connectionpool  https://books.google.com:443 "GET /books?jscmd=viewapi&bibkeys=ISBN%3A2015047167 HTTP/1.1" 200 None
2026-08-14 06:20:36  DEBUG     urllib3.connectionpool  Starting new HTTPS connection (1): books.google.com:443
2026-08-14 06:20:36  DEBUG     urllib3.connectionpool  https://books.google.com:443 "GET /books?jscmd=viewapi&bibkeys=OCLC%3A922454217 HTTP/1.1" 200 None
2026-08-14 06:20:36  DEBUG     urllib3.connectionpool  Starting new HTTPS connection (1): books.google.com:443
2026-08-14 06:20:36  DEBUG     urllib3.connectionpool  https://books.google.com:443 "GET /books?jscmd=viewapi&bibkeys=ISBN%3A2024041511 HTTP/1.1" 200 None
2026-08-14 06:20:36  DEBUG     urllib3.connectionpool  Starting new HTTPS connection (1): books.google.com:443
2026-08-14 06:20:36  DEBUG     urllib3.connectionpool  https://books.google.com:443 "GET /books?jscmd=viewapi&bibkeys=OCLC%3A1476523609 HTTP/1.1" 200 None
2026-08-14 06:20:36  DEBUG     urllib3.connectionpool  Starting new HTTPS connection (1): books.google.com:443
2026-08-14 06:20:36  DEBUG     urllib3.connectionpool  https://books.google.com:443 "GET /books?jscmd=viewapi&bibkeys=ISBN%3A2014039139 HTTP/1.1" 200 None
2026-08-14 06:20:36  DEBUG     urllib3.connectionpool  Starting new HTTPS connection (1): books.google.com:443
2026-08-14 06:20:36  DEBUG     urllib3.connectionpool  https://books.google.com:443 "GET /books?jscmd=viewapi&bibkeys=OCLC%3A872622573 HTTP/1.1" 200 None
2026-08-14 06:20:36  DEBUG     urllib3.connectionpool  Starting new HTTPS connection (1): books.google.com:443
2026-08-14 06:20:36  DEBUG     urllib3.connectionpool  https://books.google.com:443 "GET /books?jscmd=viewapi&bibkeys=ISBN%3A2015007184 HTTP/1.1" 200 None
2026-08-14 06:20:36  DEBUG     urllib3.connectionpool  Starting new HTTPS connection (1): books.google.com:443
2026-08-14 06:20:36  DEBUG     urllib3.connectionpool  https://books.google.com:443 "GET /books?jscmd=viewapi&bibkeys=OCLC%3A903635090 HTTP/1.1" 200 None
2026-08-14 06:20:36  DEBUG     urllib3.connectionpool  Starting new HTTPS connection (1): books.google.com:443
2026-08-14 06:20:36  DEBUG     urllib3.connectionpool  https://books.google.com:443 "GET /books?jscmd=viewapi&bibkeys=ISBN%3A2025039604 HTTP/1.1" 200 None
2026-08-14 06:20:36  DEBUG     urllib3.connectionpool  Starting new HTTPS connection (1): books.google.com:443
2026-08-14 06:20:36  DEBUG     urllib3.connectionpool  https://books.google.com:443 "GET /books?jscmd=viewapi&bibkeys=OCLC%3A1573038546 HTTP/1.1" 200 None
2026-08-14 06:20:36  DEBUG     urllib3.connectionpool  Starting new HTTPS connection (1): api.themoviedb.org:443
2026-08-14 06:20:36  DEBUG     urllib3.connectionpool  https://api.themoviedb.org:443 "GET /3/search/multi?query=Principles+and+practice+of+grief+counseling+%2F+Darcy+L.+Harris%2C+PhD%2C+RN%2C+RSW%2C+MEd%28Couns%29%2C+FT%2C+Evgenia+Milman%2C+PhD%2C+MA%2C+LP.&api_key=0270b36dd719e939d079b611ba56fa7c HTTP/1.1" 200 None
2026-08-14 06:20:36  DEBUG     urllib3.connectionpool  Starting new HTTPS connection (1): books.google.com:443
2026-08-14 06:20:36  DEBUG     urllib3.connectionpool  https://books.google.com:443 "GET /books?jscmd=viewapi&bibkeys=ISBN%3A1005494627 HTTP/1.1" 200 None
2026-08-14 06:20:36  DEBUG     urllib3.connectionpool  Starting new HTTPS connection (1): books.google.com:443
2026-08-14 06:20:36  DEBUG     urllib3.connectionpool  https://books.google.com:443 "GET /books?jscmd=viewapi&bibkeys=OCLC%3A29428773 HTTP/1.1" 200 None
2026-08-14 06:20:36  DEBUG     urllib3.connectionpool  Starting new HTTPS connection (1): books.google.com:443
2026-08-14 06:20:36  DEBUG     urllib3.connectionpool  https://books.google.com:443 "GET /books?jscmd=viewapi&bibkeys=ISBN%3A2024041341 HTTP/1.1" 200 None
2026-08-14 06:20:36  DEBUG     urllib3.connectionpool  Starting new HTTPS connection (1): books.google.com:443
2026-08-14 06:20:37  DEBUG     urllib3.connectionpool  https://books.google.com:443 "GET /books?jscmd=viewapi&bibkeys=OCLC%3A1472088920 HTTP/1.1" 200 None
2026-08-14 06:20:37  DEBUG     urllib3.connectionpool  Starting new HTTPS connection (1): books.google.com:443
2026-08-14 06:20:37  DEBUG     urllib3.connectionpool  https://books.google.com:443 "GET /books?jscmd=viewapi&bibkeys=OCLC%3A1393485907 HTTP/1.1" 200 None
2026-08-14 06:20:38  DEBUG     urllib3.connectionpool  Starting new HTTPS connection (1): books.google.com:443
2026-08-14 06:20:38  DEBUG     urllib3.connectionpool  https://books.google.com:443 "GET /books?jscmd=viewapi&bibkeys=ISBN%3A2017963192 HTTP/1.1" 200 None
2026-08-14 06:20:38  DEBUG     urllib3.connectionpool  Starting new HTTPS connection (1): books.google.com:443
2026-08-14 06:20:38  DEBUG     urllib3.connectionpool  https://books.google.com:443 "GET /books?jscmd=viewapi&bibkeys=OCLC%3A1040597238 HTTP/1.1" 200 None
2026-08-14 06:20:38  DEBUG     urllib3.connectionpool  Starting new HTTPS connection (1): books.google.com:443
2026-08-14 06:20:38  DEBUG     urllib3.connectionpool  https://books.google.com:443 "GET /books?jscmd=viewapi&bibkeys=ISBN%3A2020028806 HTTP/1.1" 200 None
2026-08-14 06:20:38  DEBUG     urllib3.connectionpool  Starting new HTTPS connection (1): books.google.com:443
2026-08-14 06:20:38  DEBUG     urllib3.connectionpool  https://books.google.com:443 "GET /books?jscmd=viewapi&bibkeys=OCLC%3A1161998512 HTTP/1.1" 200 None
2026-08-14 06:20:38  DEBUG     urllib3.connectionpool  Starting new HTTPS connection (1): books.google.com:443
2026-08-14 06:20:38  DEBUG     urllib3.connectionpool  https://books.google.com:443 "GET /books?jscmd=viewapi&bibkeys=ISBN%3A2008023436 HTTP/1.1" 200 None
2026-08-14 06:20:38  DEBUG     urllib3.connectionpool  Starting new HTTPS connection (1): books.google.com:443
2026-08-14 06:20:38  DEBUG     urllib3.connectionpool  https://books.google.com:443 "GET /books?jscmd=viewapi&bibkeys=OCLC%3A209594939 HTTP/1.1" 200 None
2026-08-14 06:20:38  DEBUG     urllib3.connectionpool  Starting new HTTPS connection (1): books.google.com:443
2026-08-14 06:20:38  DEBUG     urllib3.connectionpool  https://books.google.com:443 "GET /books?jscmd=viewapi&bibkeys=ISBN%3A2008021359 HTTP/1.1" 200 None
2026-08-14 06:20:38  DEBUG     urllib3.connectionpool  Starting new HTTPS connection (1): books.google.com:443
2026-08-14 06:20:38  DEBUG     urllib3.connectionpool  https://books.google.com:443 "GET /books?jscmd=viewapi&bibkeys=OCLC%3A228701289 HTTP/1.1" 200 None
2026-08-14 06:20:38  DEBUG     urllib3.connectionpool  Starting new HTTPS connection (1): books.google.com:443
2026-08-14 06:20:38  DEBUG     urllib3.connectionpool  https://books.google.com:443 "GET /books?jscmd=viewapi&bibkeys=ISBN%3A2025028315 HTTP/1.1" 200 None
2026-08-14 06:20:38  DEBUG     urllib3.connectionpool  Starting new HTTPS connection (1): books.google.com:443
2026-08-14 06:20:38  DEBUG     urllib3.connectionpool  https://books.google.com:443 "GET /books?jscmd=viewapi&bibkeys=OCLC%3A1517293860 HTTP/1.1" 200 None
2026-08-14 06:20:38  DEBUG     urllib3.connectionpool  Starting new HTTPS connection (1): books.google.com:443
2026-08-14 06:20:38  DEBUG     urllib3.connectionpool  https://books.google.com:443 "GET /books?jscmd=viewapi&bibkeys=ISBN%3A2022943294 HTTP/1.1" 200 None
2026-08-14 06:20:38  DEBUG     urllib3.connectionpool  Starting new HTTPS connection (1): books.google.com:443
2026-08-14 06:20:38  DEBUG     urllib3.connectionpool  https://books.google.com:443 "GET /books?jscmd=viewapi&bibkeys=OCLC%3A1470852652 HTTP/1.1" 200 None
2026-08-14 06:20:38  DEBUG     urllib3.connectionpool  Starting new HTTPS connection (1): books.google.com:443
2026-08-14 06:20:38  DEBUG     urllib3.connectionpool  https://books.google.com:443 "GET /books?jscmd=viewapi&bibkeys=ISBN%3A2019024983 HTTP/1.1" 200 None
2026-08-14 06:20:38  DEBUG     urllib3.connectionpool  Starting new HTTPS connection (1): books.google.com:443
2026-08-14 06:20:38  DEBUG     urllib3.connectionpool  https://books.google.com:443 "GET /books?jscmd=viewapi&bibkeys=OCLC%3A1104915225 HTTP/1.1" 200 None
2026-08-14 06:20:38  DEBUG     urllib3.connectionpool  Starting new HTTPS connection (1): books.google.com:443
2026-08-14 06:20:38  DEBUG     urllib3.connectionpool  https://books.google.com:443 "GET /books?jscmd=viewapi&bibkeys=ISBN%3A1166958971 HTTP/1.1" 200 None
2026-08-14 06:20:38  DEBUG     urllib3.connectionpool  Starting new HTTPS connection (1): books.google.com:443
2026-08-14 06:20:38  DEBUG     urllib3.connectionpool  https://books.google.com:443 "GET /books?jscmd=viewapi&bibkeys=OCLC%3A28256263 HTTP/1.1" 200 None
2026-08-14 06:20:38  DEBUG     urllib3.connectionpool  Starting new HTTPS connection (1): books.google.com:443
2026-08-14 06:20:38  DEBUG     urllib3.connectionpool  https://books.google.com:443 "GET /books?jscmd=viewapi&bibkeys=ISBN%3A2015037031 HTTP/1.1" 200 None
2026-08-14 06:20:38  DEBUG     urllib3.connectionpool  Starting new HTTPS connection (1): books.google.com:443
2026-08-14 06:20:39  DEBUG     urllib3.connectionpool  https://books.google.com:443 "GET /books?jscmd=viewapi&bibkeys=OCLC%3A913844831 HTTP/1.1" 200 None
2026-08-14 06:20:39  DEBUG     urllib3.connectionpool  Starting new HTTPS connection (1): books.google.com:443
2026-08-14 06:20:39  DEBUG     urllib3.connectionpool  https://books.google.com:443 "GET /books?jscmd=viewapi&bibkeys=ISBN%3A2009040505 HTTP/1.1" 200 None
2026-08-14 06:20:39  DEBUG     urllib3.connectionpool  Starting new HTTPS connection (1): books.google.com:443
2026-08-14 06:20:39  DEBUG     urllib3.connectionpool  https://books.google.com:443 "GET /books?jscmd=viewapi&bibkeys=OCLC%3A426814605 HTTP/1.1" 200 None
2026-08-14 06:20:40  DEBUG     urllib3.connectionpool  Starting new HTTPS connection (1): books.google.com:443
2026-08-14 06:20:40  DEBUG     urllib3.connectionpool  https://books.google.com:443 "GET /books?jscmd=viewapi&bibkeys=ISBN%3A1513889130 HTTP/1.1" 200 None
2026-08-14 06:20:40  DEBUG     urllib3.connectionpool  Starting new HTTPS connection (1): books.google.com:443
2026-08-14 06:20:40  DEBUG     urllib3.connectionpool  https://books.google.com:443 "GET /books?jscmd=viewapi&bibkeys=OCLC%3A1526060075 HTTP/1.1" 200 None
2026-08-14 06:20:40  DEBUG     urllib3.connectionpool  Starting new HTTPS connection (1): books.google.com:443
2026-08-14 06:20:40  DEBUG     urllib3.connectionpool  https://books.google.com:443 "GET /books?jscmd=viewapi&bibkeys=ISBN%3A1127748556 HTTP/1.1" 200 None
2026-08-14 06:20:40  DEBUG     urllib3.connectionpool  Starting new HTTPS connection (1): books.google.com:443
2026-08-14 06:20:40  DEBUG     urllib3.connectionpool  https://books.google.com:443 "GET /books?jscmd=viewapi&bibkeys=OCLC%3A229279169 HTTP/1.1" 200 None
2026-08-14 06:20:40  DEBUG     urllib3.connectionpool  Starting new HTTPS connection (1): books.google.com:443
2026-08-14 06:20:40  DEBUG     urllib3.connectionpool  https://books.google.com:443 "GET /books?jscmd=viewapi&bibkeys=ISBN%3A2014029056 HTTP/1.1" 200 None
2026-08-14 06:20:40  DEBUG     urllib3.connectionpool  Starting new HTTPS connection (1): books.google.com:443
2026-08-14 06:20:40  DEBUG     urllib3.connectionpool  https://books.google.com:443 "GET /books?jscmd=viewapi&bibkeys=OCLC%3A893099217 HTTP/1.1" 200 None
2026-08-14 06:20:40  DEBUG     urllib3.connectionpool  Starting new HTTPS connection (1): books.google.com:443
2026-08-14 06:20:40  DEBUG     urllib3.connectionpool  https://books.google.com:443 "GET /books?jscmd=viewapi&bibkeys=ISBN%3A2022036320 HTTP/1.1" 200 None
2026-08-14 06:20:40  DEBUG     urllib3.connectionpool  Starting new HTTPS connection (1): books.google.com:443
2026-08-14 06:20:40  DEBUG     urllib3.connectionpool  https://books.google.com:443 "GET /books?jscmd=viewapi&bibkeys=OCLC%3A1338165257 HTTP/1.1" 200 None
2026-08-14 06:20:40  DEBUG     urllib3.connectionpool  Starting new HTTPS connection (1): books.google.com:443
2026-08-14 06:20:40  DEBUG     urllib3.connectionpool  https://books.google.com:443 "GET /books?jscmd=viewapi&bibkeys=ISBN%3A2018049836 HTTP/1.1" 200 None
2026-08-14 06:20:40  DEBUG     urllib3.connectionpool  Starting new HTTPS connection (1): books.google.com:443
2026-08-14 06:20:40  DEBUG     urllib3.connectionpool  https://books.google.com:443 "GET /books?jscmd=viewapi&bibkeys=OCLC%3A1059251187 HTTP/1.1" 200 None
2026-08-14 06:20:40  DEBUG     urllib3.connectionpool  Starting new HTTPS connection (1): books.google.com:443
2026-08-14 06:20:40  DEBUG     urllib3.connectionpool  https://books.google.com:443 "GET /books?jscmd=viewapi&bibkeys=ISBN%3A1003809534 HTTP/1.1" 200 None
2026-08-14 06:20:40  DEBUG     urllib3.connectionpool  Starting new HTTPS connection (1): books.google.com:443
2026-08-14 06:20:40  DEBUG     urllib3.connectionpool  https://books.google.com:443 "GET /books?jscmd=viewapi&bibkeys=OCLC%3A885473030 HTTP/1.1" 200 None
2026-08-14 06:20:40  DEBUG     urllib3.connectionpool  Starting new HTTPS connection (1): books.google.com:443
2026-08-14 06:20:40  DEBUG     urllib3.connectionpool  https://books.google.com:443 "GET /books?jscmd=viewapi&bibkeys=ISBN%3A2017004274 HTTP/1.1" 200 None
2026-08-14 06:20:40  DEBUG     urllib3.connectionpool  Starting new HTTPS connection (1): books.google.com:443
2026-08-14 06:20:41  DEBUG     urllib3.connectionpool  https://books.google.com:443 "GET /books?jscmd=viewapi&bibkeys=OCLC%3A979993504 HTTP/1.1" 200 None
2026-08-14 06:20:41  DEBUG     urllib3.connectionpool  Starting new HTTPS connection (1): books.google.com:443
2026-08-14 06:20:41  DEBUG     urllib3.connectionpool  https://books.google.com:443 "GET /books?jscmd=viewapi&bibkeys=OCLC%3A1470945617 HTTP/1.1" 200 None
2026-08-14 06:20:41  DEBUG     urllib3.connectionpool  Starting new HTTPS connection (1): api.themoviedb.org:443
2026-08-14 06:20:41  DEBUG     urllib3.connectionpool  https://api.themoviedb.org:443 "GET /3/search/multi?query=The+best+ten-minute+plays+2024+%2F+edited+by+Debbie+Lamedman.&api_key=0270b36dd719e939d079b611ba56fa7c HTTP/1.1" 200 None
2026-08-14 06:20:41  DEBUG     urllib3.connectionpool  Starting new HTTPS connection (1): books.google.com:443
2026-08-14 06:20:41  DEBUG     urllib3.connectionpool  https://books.google.com:443 "GET /books?jscmd=viewapi&bibkeys=ISBN%3A1034934884 HTTP/1.1" 200 None
2026-08-14 06:20:41  DEBUG     urllib3.connectionpool  Starting new HTTPS connection (1): books.google.com:443
2026-08-14 06:20:41  DEBUG     urllib3.connectionpool  https://books.google.com:443 "GET /books?jscmd=viewapi&bibkeys=OCLC%3A33947563 HTTP/1.1" 200 None
2026-08-14 06:20:41  DEBUG     urllib3.connectionpool  Starting new HTTPS connection (1): books.google.com:443
2026-08-14 06:20:41  DEBUG     urllib3.connectionpool  https://books.google.com:443 "GET /books?jscmd=viewapi&bibkeys=ISBN%3A1305012657 HTTP/1.1" 200 None
2026-08-14 06:20:41  DEBUG     urllib3.connectionpool  Starting new HTTPS connection (1): books.google.com:443
2026-08-14 06:20:41  DEBUG     urllib3.connectionpool  https://books.google.com:443 "GET /books?jscmd=viewapi&bibkeys=OCLC%3A1304816219 HTTP/1.1" 200 None
2026-08-14 06:20:42  DEBUG     urllib3.connectionpool  Starting new HTTPS connection (1): books.google.com:443
2026-08-14 06:20:42  DEBUG     urllib3.connectionpool  https://books.google.com:443 "GET /books?jscmd=viewapi&bibkeys=ISBN%3A2020005807 HTTP/1.1" 200 None
2026-08-14 06:20:42  DEBUG     urllib3.connectionpool  Starting new HTTPS connection (1): books.google.com:443
2026-08-14 06:20:42  DEBUG     urllib3.connectionpool  https://books.google.com:443 "GET /books?jscmd=viewapi&bibkeys=OCLC%3A1129778655 HTTP/1.1" 200 None
2026-08-14 06:20:42  DEBUG     urllib3.connectionpool  Starting new HTTPS connection (1): books.google.com:443
2026-08-14 06:20:42  DEBUG     urllib3.connectionpool  https://books.google.com:443 "GET /books?jscmd=viewapi&bibkeys=OCLC%3A1386701132 HTTP/1.1" 200 None
2026-08-14 06:20:42  DEBUG     urllib3.connectionpool  Starting new HTTPS connection (1): books.google.com:443
2026-08-14 06:20:42  DEBUG     urllib3.connectionpool  https://books.google.com:443 "GET /books?jscmd=viewapi&bibkeys=ISBN%3A2020032761 HTTP/1.1" 200 None
2026-08-14 06:20:42  DEBUG     urllib3.connectionpool  Starting new HTTPS connection (1): books.google.com:443
2026-08-14 06:20:42  DEBUG     urllib3.connectionpool  https://books.google.com:443 "GET /books?jscmd=viewapi&bibkeys=OCLC%3A1191456301 HTTP/1.1" 200 None
2026-08-14 06:20:42  DEBUG     urllib3.connectionpool  Starting new HTTPS connection (1): api.themoviedb.org:443
2026-08-14 06:20:42  DEBUG     urllib3.connectionpool  https://api.themoviedb.org:443 "GET /3/search/multi?query=Raising+the+eleventh+pillar+%3A+the+ratification+debate+of+1788+%2F+John+Patrick+Coby%2C+Smith+College.&api_key=0270b36dd719e939d079b611ba56fa7c HTTP/1.1" 200 None
2026-08-14 06:20:42  DEBUG     urllib3.connectionpool  Starting new HTTPS connection (1): books.google.com:443
2026-08-14 06:20:42  DEBUG     urllib3.connectionpool  https://books.google.com:443 "GET /books?jscmd=viewapi&bibkeys=OCLC%3A808924324 HTTP/1.1" 200 None
2026-08-14 06:20:42  DEBUG     urllib3.connectionpool  Starting new HTTPS connection (1): books.google.com:443
2026-08-14 06:20:42  DEBUG     urllib3.connectionpool  https://books.google.com:443 "GET /books?jscmd=viewapi&bibkeys=ISBN%3A2024044769 HTTP/1.1" 200 None
2026-08-14 06:20:42  DEBUG     urllib3.connectionpool  Starting new HTTPS connection (1): books.google.com:443
2026-08-14 06:20:42  DEBUG     urllib3.connectionpool  https://books.google.com:443 "GET /books?jscmd=viewapi&bibkeys=OCLC%3A1466097097 HTTP/1.1" 200 None
2026-08-14 06:20:42  DEBUG     urllib3.connectionpool  Starting new HTTPS connection (1): books.google.com:443
2026-08-14 06:20:42  DEBUG     urllib3.connectionpool  https://books.google.com:443 "GET /books?jscmd=viewapi&bibkeys=ISBN%3A1324103388 HTTP/1.1" 200 None
2026-08-14 06:20:42  DEBUG     urllib3.connectionpool  Starting new HTTPS connection (1): books.google.com:443
2026-08-14 06:20:42  DEBUG     urllib3.connectionpool  https://books.google.com:443 "GET /books?jscmd=viewapi&bibkeys=ISBN%3A0865164339 HTTP/1.1" 200 None
2026-08-14 06:20:42  DEBUG     urllib3.connectionpool  Starting new HTTPS connection (1): books.google.com:443
2026-08-14 06:20:42  DEBUG     urllib3.connectionpool  https://books.google.com:443 "GET /books?jscmd=viewapi&bibkeys=ISBN%3A1027309594 HTTP/1.1" 200 None
2026-08-14 06:20:42  DEBUG     urllib3.connectionpool  Starting new HTTPS connection (1): books.google.com:443
2026-08-14 06:20:42  DEBUG     urllib3.connectionpool  https://books.google.com:443 "GET /books?jscmd=viewapi&bibkeys=OCLC%3A40756376 HTTP/1.1" 200 None
2026-08-14 06:20:42  DEBUG     urllib3.connectionpool  Starting new HTTPS connection (1): books.google.com:443
2026-08-14 06:20:43  DEBUG     urllib3.connectionpool  https://books.google.com:443 "GET /books?jscmd=viewapi&bibkeys=OCLC%3A29792423 HTTP/1.1" 200 None
2026-08-14 06:20:43  DEBUG     urllib3.connectionpool  Starting new HTTPS connection (1): books.google.com:443
2026-08-14 06:20:43  DEBUG     urllib3.connectionpool  https://books.google.com:443 "GET /books?jscmd=viewapi&bibkeys=ISBN%3A1035417239 HTTP/1.1" 200 None
2026-08-14 06:20:43  DEBUG     urllib3.connectionpool  Starting new HTTPS connection (1): books.google.com:443
2026-08-14 06:20:43  DEBUG     urllib3.connectionpool  https://books.google.com:443 "GET /books?jscmd=viewapi&bibkeys=OCLC%3A40248681 HTTP/1.1" 200 None
2026-08-14 06:20:44  DEBUG     urllib3.connectionpool  Starting new HTTPS connection (1): books.google.com:443
2026-08-14 06:20:44  DEBUG     urllib3.connectionpool  https://books.google.com:443 "GET /books?jscmd=viewapi&bibkeys=ISBN%3A1138650170 HTTP/1.1" 200 None
2026-08-14 06:20:44  DEBUG     urllib3.connectionpool  Starting new HTTPS connection (1): books.google.com:443
2026-08-14 06:20:44  DEBUG     urllib3.connectionpool  https://books.google.com:443 "GET /books?jscmd=viewapi&bibkeys=OCLC%3A1129459894 HTTP/1.1" 200 None
2026-08-14 06:20:44  DEBUG     urllib3.connectionpool  Starting new HTTPS connection (1): books.google.com:443
2026-08-14 06:20:44  DEBUG     urllib3.connectionpool  https://books.google.com:443 "GET /books?jscmd=viewapi&bibkeys=ISBN%3A1154290773 HTTP/1.1" 200 None
2026-08-14 06:20:44  DEBUG     urllib3.connectionpool  Starting new HTTPS connection (1): books.google.com:443
2026-08-14 06:20:44  DEBUG     urllib3.connectionpool  https://books.google.com:443 "GET /books?jscmd=viewapi&bibkeys=OCLC%3A17482829 HTTP/1.1" 200 None
2026-08-14 06:20:44  DEBUG     urllib3.connectionpool  Starting new HTTPS connection (1): books.google.com:443
2026-08-14 06:20:44  DEBUG     urllib3.connectionpool  https://books.google.com:443 "GET /books?jscmd=viewapi&bibkeys=ISBN%3A2020051054 HTTP/1.1" 200 None
2026-08-14 06:20:44  DEBUG     urllib3.connectionpool  Starting new HTTPS connection (1): books.google.com:443
2026-08-14 06:20:44  DEBUG     urllib3.connectionpool  https://books.google.com:443 "GET /books?jscmd=viewapi&bibkeys=OCLC%3A1224043158 HTTP/1.1" 200 None
2026-08-14 06:20:44  DEBUG     urllib3.connectionpool  Starting new HTTPS connection (1): books.google.com:443
2026-08-14 06:20:44  DEBUG     urllib3.connectionpool  https://books.google.com:443 "GET /books?jscmd=viewapi&bibkeys=OCLC%3A898086843 HTTP/1.1" 200 None
2026-08-14 06:20:44  DEBUG     urllib3.connectionpool  Starting new HTTPS connection (1): books.google.com:443
2026-08-14 06:20:44  DEBUG     urllib3.connectionpool  https://books.google.com:443 "GET /books?jscmd=viewapi&bibkeys=OCLC%3A1412257855 HTTP/1.1" 200 None
2026-08-14 06:20:44  DEBUG     urllib3.connectionpool  Starting new HTTPS connection (1): books.google.com:443
2026-08-14 06:20:44  DEBUG     urllib3.connectionpool  https://books.google.com:443 "GET /books?jscmd=viewapi&bibkeys=ISBN%3A1255413457 HTTP/1.1" 200 None
2026-08-14 06:20:44  DEBUG     urllib3.connectionpool  Starting new HTTPS connection (1): books.google.com:443
2026-08-14 06:20:44  DEBUG     urllib3.connectionpool  https://books.google.com:443 "GET /books?jscmd=viewapi&bibkeys=OCLC%3A1057635605 HTTP/1.1" 200 None
2026-08-14 06:20:44  DEBUG     urllib3.connectionpool  Starting new HTTPS connection (1): books.google.com:443
2026-08-14 06:20:44  DEBUG     urllib3.connectionpool  https://books.google.com:443 "GET /books?jscmd=viewapi&bibkeys=OCLC%3A41302618 HTTP/1.1" 200 None
2026-08-14 06:20:44  DEBUG     urllib3.connectionpool  Starting new HTTPS connection (1): books.google.com:443
2026-08-14 06:20:44  DEBUG     urllib3.connectionpool  https://books.google.com:443 "GET /books?jscmd=viewapi&bibkeys=ISBN%3A2017299760 HTTP/1.1" 200 None
2026-08-14 06:20:44  DEBUG     urllib3.connectionpool  Starting new HTTPS connection (1): books.google.com:443
2026-08-14 06:20:44  DEBUG     urllib3.connectionpool  https://books.google.com:443 "GET /books?jscmd=viewapi&bibkeys=OCLC%3A962008670 HTTP/1.1" 200 None
2026-08-14 06:20:44  DEBUG     urllib3.connectionpool  Starting new HTTPS connection (1): books.google.com:443
2026-08-14 06:20:44  DEBUG     urllib3.connectionpool  https://books.google.com:443 "GET /books?jscmd=viewapi&bibkeys=ISBN%3A2020049221 HTTP/1.1" 200 None
2026-08-14 06:20:44  DEBUG     urllib3.connectionpool  Starting new HTTPS connection (1): books.google.com:443
2026-08-14 06:20:45  DEBUG     urllib3.connectionpool  https://books.google.com:443 "GET /books?jscmd=viewapi&bibkeys=OCLC%3A1201298698 HTTP/1.1" 200 None
2026-08-14 06:20:45  DEBUG     urllib3.connectionpool  Starting new HTTPS connection (1): books.google.com:443
2026-08-14 06:20:45  DEBUG     urllib3.connectionpool  https://books.google.com:443 "GET /books?jscmd=viewapi&bibkeys=ISBN%3A1165622189 HTTP/1.1" 200 None
2026-08-14 06:20:45  DEBUG     urllib3.connectionpool  Starting new HTTPS connection (1): books.google.com:443
2026-08-14 06:20:45  DEBUG     urllib3.connectionpool  https://books.google.com:443 "GET /books?jscmd=viewapi&bibkeys=OCLC%3A1140193062 HTTP/1.1" 200 None
2026-08-14 06:20:46  DEBUG     urllib3.connectionpool  Starting new HTTPS connection (1): books.google.com:443
2026-08-14 06:20:46  DEBUG     urllib3.connectionpool  https://books.google.com:443 "GET /books?jscmd=viewapi&bibkeys=ISBN%3A2021051253 HTTP/1.1" 200 None
2026-08-14 06:20:46  DEBUG     urllib3.connectionpool  Starting new HTTPS connection (1): books.google.com:443
2026-08-14 06:20:46  DEBUG     urllib3.connectionpool  https://books.google.com:443 "GET /books?jscmd=viewapi&bibkeys=OCLC%3A1287744960 HTTP/1.1" 200 None
2026-08-14 06:20:46  DEBUG     urllib3.connectionpool  Starting new HTTPS connection (1): books.google.com:443
2026-08-14 06:20:46  DEBUG     urllib3.connectionpool  https://books.google.com:443 "GET /books?jscmd=viewapi&bibkeys=ISBN%3A2020935500 HTTP/1.1" 200 None
2026-08-14 06:20:46  DEBUG     urllib3.connectionpool  Starting new HTTPS connection (1): books.google.com:443
2026-08-14 06:20:46  DEBUG     urllib3.connectionpool  https://books.google.com:443 "GET /books?jscmd=viewapi&bibkeys=OCLC%3A1235880188 HTTP/1.1" 200 None
2026-08-14 06:20:46  DEBUG     urllib3.connectionpool  Starting new HTTPS connection (1): books.google.com:443
2026-08-14 06:20:46  DEBUG     urllib3.connectionpool  https://books.google.com:443 "GET /books?jscmd=viewapi&bibkeys=ISBN%3A2022051892 HTTP/1.1" 200 None
2026-08-14 06:20:46  DEBUG     urllib3.connectionpool  Starting new HTTPS connection (1): books.google.com:443
2026-08-14 06:20:46  DEBUG     urllib3.connectionpool  https://books.google.com:443 "GET /books?jscmd=viewapi&bibkeys=OCLC%3A1313902762 HTTP/1.1" 200 None
2026-08-14 06:20:46  DEBUG     urllib3.connectionpool  Starting new HTTPS connection (1): api.themoviedb.org:443
2026-08-14 06:20:46  DEBUG     urllib3.connectionpool  https://api.themoviedb.org:443 "GET /3/search/multi?query=Building+honor+in+academics+%3A+case+studies+in+academic+integrity+%2F+Valerie+P.+Denney%2C+Camilla+J.+Roberts.&api_key=0270b36dd719e939d079b611ba56fa7c HTTP/1.1" 200 None
2026-08-14 06:20:46  DEBUG     urllib3.connectionpool  Starting new HTTPS connection (1): books.google.com:443
2026-08-14 06:20:46  DEBUG     urllib3.connectionpool  https://books.google.com:443 "GET /books?jscmd=viewapi&bibkeys=ISBN%3A2025046546 HTTP/1.1" 200 None
2026-08-14 06:20:46  DEBUG     urllib3.connectionpool  Starting new HTTPS connection (1): books.google.com:443
2026-08-14 06:20:46  DEBUG     urllib3.connectionpool  https://books.google.com:443 "GET /books?jscmd=viewapi&bibkeys=OCLC%3A1573155706 HTTP/1.1" 200 None
2026-08-14 06:20:46  DEBUG     urllib3.connectionpool  Starting new HTTPS connection (1): api.themoviedb.org:443
2026-08-14 06:20:46  DEBUG     urllib3.connectionpool  https://api.themoviedb.org:443 "GET /3/search/multi?query=The+games+that+computers+%28and+humans%29+play+%3A+a+non-technical+introduction+to+artificial+intelligence+%2F+Jonathan+Schaeffer.&api_key=0270b36dd719e939d079b611ba56fa7c HTTP/1.1" 200 None
2026-08-14 06:20:46  DEBUG     urllib3.connectionpool  Starting new HTTPS connection (1): books.google.com:443
2026-08-14 06:20:46  DEBUG     urllib3.connectionpool  https://books.google.com:443 "GET /books?jscmd=viewapi&bibkeys=ISBN%3A2019051714 HTTP/1.1" 200 None
2026-08-14 06:20:46  DEBUG     urllib3.connectionpool  Starting new HTTPS connection (1): books.google.com:443
2026-08-14 06:20:46  DEBUG     urllib3.connectionpool  https://books.google.com:443 "GET /books?jscmd=viewapi&bibkeys=OCLC%3A1119533085 HTTP/1.1" 200 None
2026-08-14 06:20:46  DEBUG     urllib3.connectionpool  Starting new HTTPS connection (1): books.google.com:443
2026-08-14 06:20:47  DEBUG     urllib3.connectionpool  https://books.google.com:443 "GET /books?jscmd=viewapi&bibkeys=ISBN%3A1591829470 HTTP/1.1" 200 None
2026-08-14 06:20:47  DEBUG     urllib3.connectionpool  Starting new HTTPS connection (1): books.google.com:443
2026-08-14 06:20:47  DEBUG     urllib3.connectionpool  https://books.google.com:443 "GET /books?jscmd=viewapi&bibkeys=OCLC%3A1551446380 HTTP/1.1" 200 None
2026-08-14 06:20:47  DEBUG     urllib3.connectionpool  Starting new HTTPS connection (1): books.google.com:443
2026-08-14 06:20:47  DEBUG     urllib3.connectionpool  https://books.google.com:443 "GET /books?jscmd=viewapi&bibkeys=ISBN%3A1523045339 HTTP/1.1" 200 None
2026-08-14 06:20:47  DEBUG     urllib3.connectionpool  Starting new HTTPS connection (1): books.google.com:443
2026-08-14 06:20:47  DEBUG     urllib3.connectionpool  https://books.google.com:443 "GET /books?jscmd=viewapi&bibkeys=OCLC%3A1574784009 HTTP/1.1" 200 None
2026-08-14 06:20:47  DEBUG     urllib3.connectionpool  Starting new HTTPS connection (1): books.google.com:443
2026-08-14 06:20:47  DEBUG     urllib3.connectionpool  https://books.google.com:443 "GET /books?jscmd=viewapi&bibkeys=ISBN%3A2024009783 HTTP/1.1" 200 None
2026-08-14 06:20:47  DEBUG     urllib3.connectionpool  Starting new HTTPS connection (1): books.google.com:443
2026-08-14 06:20:47  DEBUG     urllib3.connectionpool  https://books.google.com:443 "GET /books?jscmd=viewapi&bibkeys=OCLC%3A1425246958 HTTP/1.1" 200 None
2026-08-14 06:20:47  DEBUG     urllib3.connectionpool  Starting new HTTPS connection (1): books.google.com:443
2026-08-14 06:20:47  DEBUG     urllib3.connectionpool  https://books.google.com:443 "GET /books?jscmd=viewapi&bibkeys=ISBN%3A2025015767 HTTP/1.1" 200 None
2026-08-14 06:20:47  DEBUG     urllib3.connectionpool  Starting new HTTPS connection (1): books.google.com:443
2026-08-14 06:20:47  DEBUG     urllib3.connectionpool  https://books.google.com:443 "GET /books?jscmd=viewapi&bibkeys=OCLC%3A1552153923 HTTP/1.1" 200 None
2026-08-14 06:20:47  DEBUG     urllib3.connectionpool  Starting new HTTPS connection (1): books.google.com:443
2026-08-14 06:20:47  DEBUG     urllib3.connectionpool  https://books.google.com:443 "GET /books?jscmd=viewapi&bibkeys=ISBN%3A1064489040 HTTP/1.1" 200 None
2026-08-14 06:20:47  DEBUG     urllib3.connectionpool  Starting new HTTPS connection (1): books.google.com:443
2026-08-14 06:20:47  DEBUG     urllib3.connectionpool  https://books.google.com:443 "GET /books?jscmd=viewapi&bibkeys=OCLC%3A894900970 HTTP/1.1" 200 None
2026-08-14 06:20:48  DEBUG     urllib3.connectionpool  Starting new HTTPS connection (1): books.google.com:443
2026-08-14 06:20:48  DEBUG     urllib3.connectionpool  https://books.google.com:443 "GET /books?jscmd=viewapi&bibkeys=ISBN%3A2025029822 HTTP/1.1" 200 None
2026-08-14 06:20:48  DEBUG     urllib3.connectionpool  Starting new HTTPS connection (1): books.google.com:443
2026-08-14 06:20:48  DEBUG     urllib3.connectionpool  https://books.google.com:443 "GET /books?jscmd=viewapi&bibkeys=OCLC%3A1530056475 HTTP/1.1" 200 None
2026-08-14 06:20:48  DEBUG     urllib3.connectionpool  Starting new HTTPS connection (1): api.themoviedb.org:443
2026-08-14 06:20:48  DEBUG     urllib3.connectionpool  https://api.themoviedb.org:443 "GET /3/search/multi?query=Leadership+lessons+from+the+Jesuits+%3A+cura+apostolica+and+the+mission-driven+organization+%2F+Matthew+E.+Carnes%2C+SJ%2C+editor+%3B+afterword+by+Michael+J.+Garanzini%2C+SJ+and+Arturo+Sosa%2C+SJ.&api_key=0270b36dd719e939d079b611ba56fa7c HTTP/1.1" 200 None
2026-08-14 06:20:48  DEBUG     urllib3.connectionpool  Starting new HTTPS connection (1): books.google.com:443
2026-08-14 06:20:48  DEBUG     urllib3.connectionpool  https://books.google.com:443 "GET /books?jscmd=viewapi&bibkeys=ISBN%3A1805265695 HTTP/1.1" 200 None
2026-08-14 06:20:48  DEBUG     urllib3.connectionpool  Starting new HTTPS connection (1): books.google.com:443
2026-08-14 06:20:48  DEBUG     urllib3.connectionpool  https://books.google.com:443 "GET /books?jscmd=viewapi&bibkeys=ISBN%3A2024036105 HTTP/1.1" 200 None
2026-08-14 06:20:48  DEBUG     urllib3.connectionpool  Starting new HTTPS connection (1): books.google.com:443
2026-08-14 06:20:48  DEBUG     urllib3.connectionpool  https://books.google.com:443 "GET /books?jscmd=viewapi&bibkeys=OCLC%3A1440028218 HTTP/1.1" 200 None
2026-08-14 06:20:48  INFO      src.html_generator  HTML written to /home/runner/work/folio-new-books/folio-new-books/output/new-materials.html
2026-08-14 06:20:48  DEBUG     src.html_generator  Assets copied to output/assets
2026-08-14 06:20:48  DEBUG     src.html_generator  Item data written to output/data/items.json
2026-08-14 06:20:48  INFO      __main__  Done — 104 items written to output/new-materials.html (plus assets/ and data/items.json)
2026-08-15 05:31:29  INFO      __main__  ──────────────────────────────────────────────────────────────────────
2026-08-15 05:31:29  INFO      __main__  FOLIO New Materials — run starting 2026-08-15 05:31:29
2026-08-15 05:31:29  INFO      __main__  Config: config.ini
2026-08-15 05:31:29  INFO      __main__  Date range: 2026-05-17 → 2026-08-15
2026-08-15 05:31:29  DEBUG     src.folio_client  Orders query: ((receiptDate>="2026-05-17T00:00:00" and receiptDate<="2026-08-15T23:59:59") and receiptStatus=="Fully Received") sortby metadata.updatedDate/sort.descending
2026-08-15 05:31:29  DEBUG     urllib3.connectionpool  Starting new HTTPS connection (1): api-lemoyne.folio.ebsco.com:443
2026-08-15 05:31:29  DEBUG     urllib3.connectionpool  https://api-lemoyne.folio.ebsco.com:443 "POST /authn/login-with-expiry HTTP/1.1" 201 None
2026-08-15 05:31:29  INFO      src.folio_client  FOLIO authentication successful (token cached)
2026-08-15 05:31:29  DEBUG     urllib3.connectionpool  Starting new HTTPS connection (1): api-lemoyne.folio.ebsco.com:443
2026-08-15 05:31:30  DEBUG     urllib3.connectionpool  https://api-lemoyne.folio.ebsco.com:443 "GET /orders/order-lines?query=%28%28receiptDate%3E%3D%222026-05-17T00%3A00%3A00%22+and+receiptDate%3C%3D%222026-08-15T23%3A59%3A59%22%29+and+receiptStatus%3D%3D%22Fully+Received%22%29+sortby+metadata.updatedDate%2Fsort.descending&limit=200&offset=0 HTTP/1.1" 200 32937
2026-08-15 05:31:30  INFO      __main__  Retrieved 104 order lines
2026-08-15 05:31:30  DEBUG     urllib3.connectionpool  https://api-lemoyne.folio.ebsco.com:443 "GET /search/instances?query=%28id%3D%3D%22432435ea-7677-4e22-92f6-63807b7d08dc%22+or+id%3D%3D%22a758abc2-d7ea-4293-bfa9-2e20cb502a7c%22+or+id%3D%3D%22df6d79d0-6a34-4eba-b617-2654cb7093aa%22+or+id%3D%3D%22498e3d96-fb01-4706-9ea2-579f90e01800%22+or+id%3D%3D%2286c80696-0f9b-48d1-b5cb-b028ac4de3c4%22+or+id%3D%3D%22524068c8-e8b7-49cd-a885-160238b928eb%22+or+id%3D%3D%2221aacd1e-1438-4ee7-bf0f-a2a1f80cdf61%22+or+id%3D%3D%223d7f621c-d301-42ed-b8df-d73c423c04eb%22+or+id%3D%3D%22aab9fadf-4166-4e1a-a3d9-1671e0aaaede%22+or+id%3D%3D%22ff1fb556-6c9e-50d0-beb5-125281389d8f%22+or+id%3D%3D%22adab5ea0-0f85-4e69-a35c-2fa12c6c2d4a%22+or+id%3D%3D%221697fc1e-bfa0-5862-97cd-b29fa469adbc%22+or+id%3D%3D%22c823c7f1-9b4b-4ebd-be33-a27201f4c22e%22+or+id%3D%3D%22c6cf09ce-d6c6-5c0a-83b7-deb514a912d0%22+or+id%3D%3D%22b0ee4622-984d-4b04-a813-c92dccf6c3d7%22+or+id%3D%3D%22dad5200b-4c52-4cdc-83ea-6bd5444d2b0c%22+or+id%3D%3D%22e6a9f53d-7e97-4a0c-b76b-c9f51e1d4532%22+or+id%3D%3D%22a50aca5b-9851-4268-9646-8806c3cd76c7%22+or+id%3D%3D%221373dd9b-6148-43a1-8749-8f2d30609c58%22+or+id%3D%3D%225c5f1c4f-92d0-46ee-b964-dbd77dcf895d%22+or+id%3D%3D%22ef87a4aa-3860-4d33-a406-212807eb342a%22+or+id%3D%3D%22a7839b0c-84ee-4c57-aa8b-bcc10c06f5ea%22+or+id%3D%3D%2212bdf8ff-7909-488d-9f0a-78c14e67c7b3%22+or+id%3D%3D%22f95dbbc4-4722-44a4-b6d8-4fc76c816048%22+or+id%3D%3D%227d637bac-29b8-4e0b-b347-61c8e8bc3f00%22+or+id%3D%3D%22e636f130-49e6-4b98-82be-360c59c91621%22+or+id%3D%3D%221a97aad4-e5ae-497c-95ac-84f6f11a0a97%22+or+id%3D%3D%22feedf627-b780-4db5-aabc-4a5d7866184b%22+or+id%3D%3D%22cbd25b16-13ec-5314-8b39-e43d31e55fd5%22+or+id%3D%3D%22ead52c52-4885-4f13-9e05-d2c3bc732b67%22+or+id%3D%3D%22adb3a199-0695-492d-b218-ad6b02b7a8f0%22+or+id%3D%3D%22ae4b384c-bcc6-47ab-81a6-566ea090502c%22+or+id%3D%3D%22a444eeea-18da-4ea9-8d5b-b2453ad840af%22+or+id%3D%3D%22f0e478e3-b0b1-4e46-ae4d-1a1ac268e0df%22+or+id%3D%3D%2214157781-276e-4ab7-94af-e84e5efd2955%22+or+id%3D%3D%22b2754740-252e-4985-b72d-dbf638e7cb31%22+or+id%3D%3D%22aff4110c-3073-56ac-8201-06af79a18435%22+or+id%3D%3D%221fc62f97-d8b4-570b-93b2-db2d38fbf8af%22+or+id%3D%3D%22ae38c530-fe24-472f-8423-117f12508df6%22+or+id%3D%3D%22f8b0f741-7c0f-5ac5-ad8c-478966dd81c2%22+or+id%3D%3D%22ad48aab2-19c8-4852-ab1f-a2b0fee61906%22+or+id%3D%3D%226051a792-421e-4b5b-8dae-3e0e3fcbdf65%22+or+id%3D%3D%220e392e26-f166-4f62-8b95-8898da1f7f36%22+or+id%3D%3D%22886c190e-993b-579f-9db2-b7d68e57a922%22+or+id%3D%3D%2265dd071d-a3f7-41a2-b4f8-fa4e80b59196%22+or+id%3D%3D%22ef494b13-386e-4e46-8d27-5b7efda6bad5%22+or+id%3D%3D%2275625d39-31e4-48e5-a76f-e387cf606a3f%22+or+id%3D%3D%22f36628f9-408d-4cfe-b52f-368ebc215071%22+or+id%3D%3D%229bba34cd-a718-41b6-83a4-417d55872666%22+or+id%3D%3D%2268fd632e-79c3-4ddd-8a02-621a9b19a567%22%29&limit=50&expandAll=true HTTP/1.1" 200 None
2026-08-15 05:31:30  DEBUG     urllib3.connectionpool  https://api-lemoyne.folio.ebsco.com:443 "GET /search/instances?query=%28id%3D%3D%22d53831bc-dfa4-4dd8-9b93-b9cb7e4b89c3%22+or+id%3D%3D%224b11fd46-a48b-4cf4-adbc-b1465e25fc4c%22+or+id%3D%3D%225f179ff1-e8a8-491d-8885-ea7a887409c7%22+or+id%3D%3D%223577a7ea-8742-4b59-b95f-e5edbdf57b9e%22+or+id%3D%3D%22ce83cf95-cccb-4c9f-8a16-06e6f10bf099%22+or+id%3D%3D%22d6765922-19a7-448a-a148-67bdfe898820%22+or+id%3D%3D%223c5be1cb-7263-4b8a-9a9a-26f03858b7a1%22+or+id%3D%3D%2275d1243f-4965-4c7f-9871-0a1561e72626%22+or+id%3D%3D%2268a469c0-df1f-4dbe-8355-27d0a08e1137%22+or+id%3D%3D%22e4a69f24-5c02-4341-b991-9bdff36a73e6%22+or+id%3D%3D%22f3ba5444-cb7a-43f6-84f8-55a980e9d8a0%22+or+id%3D%3D%22fd1c9f3b-99d0-5d75-ae31-83350383e9fa%22+or+id%3D%3D%22a70b30bf-a34a-4353-83f4-9508c7aca75b%22+or+id%3D%3D%22ae6fed8b-eabe-4cc5-bf48-6b8bf6fc2497%22+or+id%3D%3D%2265d0f7c4-f8d2-45b4-a498-a9672b5a84d4%22+or+id%3D%3D%22c1af76d5-cb27-442b-802c-273353304071%22+or+id%3D%3D%22605791de-aa54-49fe-865e-1e9da1ff5065%22+or+id%3D%3D%224a90fd66-427a-47c4-bac7-08c9f2933a0c%22+or+id%3D%3D%223a33ce5f-ee58-466a-968f-bee361f30e00%22+or+id%3D%3D%2219707bc4-8830-4749-b0cb-03353ff98fcf%22+or+id%3D%3D%22473a6b80-c167-402f-a960-f5251c23f1c4%22+or+id%3D%3D%22e4da304e-798f-4d1e-a512-bced28e50a1e%22+or+id%3D%3D%221622aa2f-7dbc-4991-90ee-05436550a362%22+or+id%3D%3D%2279fbb5c4-ccd9-4c59-9c0d-6900f8ca1641%22+or+id%3D%3D%228eca126b-64ae-4705-9bb3-7a2027707eaf%22+or+id%3D%3D%2287518e5d-b3d8-509a-9cde-fb0f6ba16ecb%22+or+id%3D%3D%22affff187-c9fd-5010-859d-199063698fa4%22+or+id%3D%3D%2257c00041-77e4-4cd8-8b7b-6ff2527387b5%22+or+id%3D%3D%223e66bb17-7bc2-4e2e-b755-3b502e86faac%22+or+id%3D%3D%22b13690f5-18ef-4baa-8ec1-63e349399e9e%22+or+id%3D%3D%222b2f5589-e82a-445c-8201-43ac081cd0dc%22+or+id%3D%3D%22e291a0ae-09df-4842-baa3-e124870c3de4%22+or+id%3D%3D%2223650665-733f-4874-ab91-c3137d092de1%22+or+id%3D%3D%223607de06-841a-452c-968a-aecddaa06018%22+or+id%3D%3D%22054ab8f5-55c1-5458-8e9a-02ae739c91cd%22+or+id%3D%3D%2243be2c3b-daf2-4d0c-ad94-37b4a0844b37%22+or+id%3D%3D%22036fa639-36cd-41e4-9664-02adba8395ad%22+or+id%3D%3D%22eea76be1-e65e-5b2c-a03d-2643d089d051%22+or+id%3D%3D%22cae3d197-eab8-43ef-b86b-d08b07946a61%22+or+id%3D%3D%22ed4d7ba3-f047-42b8-8550-873be5bf5d30%22+or+id%3D%3D%222d236822-4f1a-4046-a809-1b0755b00dc1%22+or+id%3D%3D%22353d2bb6-c4ab-49a1-bb09-c94a92d997a6%22+or+id%3D%3D%22bbf45ff3-8e3a-4fc7-8a96-c4fdc21d59cc%22+or+id%3D%3D%22c9ca2c1f-2ae2-5bf8-af0c-a129f69b5639%22+or+id%3D%3D%22609a0b37-f12f-4eb6-8876-04f0965e8a9e%22+or+id%3D%3D%22ea92c0dc-9cb2-4ff3-b97c-e4190faf2a8d%22+or+id%3D%3D%2218944ed6-e85b-4953-95cd-e1153b0f120e%22+or+id%3D%3D%2215ec25be-13ce-49b6-984a-04a4ca9ad546%22+or+id%3D%3D%22b2bb0f44-62b8-4cdd-950b-2df23576f2ac%22+or+id%3D%3D%2237a91cb2-edb1-50b3-81e7-461a8043dd21%22%29&limit=50&expandAll=true HTTP/1.1" 200 None
2026-08-15 05:31:31  DEBUG     urllib3.connectionpool  https://api-lemoyne.folio.ebsco.com:443 "GET /search/instances?query=%28id%3D%3D%22d6c24703-e0ad-4426-bc57-6008471e6180%22+or+id%3D%3D%224239356f-c5ff-4f80-8294-74313d748e37%22+or+id%3D%3D%22ed664865-7963-4d43-9305-dc8d18f0997e%22+or+id%3D%3D%227550874b-2da9-4dc7-9e99-e4c218790f1a%22%29&limit=4&expandAll=true HTTP/1.1" 200 None
2026-08-15 05:31:31  INFO      __main__  Fetched details for 104 instances
2026-08-15 05:31:31  DEBUG     urllib3.connectionpool  https://api-lemoyne.folio.ebsco.com:443 "GET /material-types?limit=500 HTTP/1.1" 200 1291
2026-08-15 05:31:31  INFO      __main__  Discovered 23 material types from FOLIO
2026-08-15 05:31:31  DEBUG     urllib3.connectionpool  https://api-lemoyne.folio.ebsco.com:443 "GET /locations?limit=1000 HTTP/1.1" 200 2498
2026-08-15 05:31:31  INFO      __main__  Loaded 33 location definitions
2026-08-15 05:31:31  INFO      __main__  Fetching cover images for 104 items …
2026-08-15 05:31:31  DEBUG     urllib3.connectionpool  Starting new HTTPS connection (1): books.google.com:443
2026-08-15 05:31:31  DEBUG     urllib3.connectionpool  https://books.google.com:443 "GET /books?jscmd=viewapi&bibkeys=ISBN%3A2026003056 HTTP/1.1" 200 None
2026-08-15 05:31:31  DEBUG     urllib3.connectionpool  Starting new HTTPS connection (1): books.google.com:443
2026-08-15 05:31:31  DEBUG     urllib3.connectionpool  https://books.google.com:443 "GET /books?jscmd=viewapi&bibkeys=OCLC%3A1570483056 HTTP/1.1" 200 None
2026-08-15 05:31:31  DEBUG     urllib3.connectionpool  Starting new HTTPS connection (1): books.google.com:443
2026-08-15 05:31:31  DEBUG     urllib3.connectionpool  https://books.google.com:443 "GET /books?jscmd=viewapi&bibkeys=ISBN%3A9798888905005 HTTP/1.1" 200 None
2026-08-15 05:31:31  DEBUG     urllib3.connectionpool  Starting new HTTPS connection (1): books.google.com:443
2026-08-15 05:31:31  DEBUG     urllib3.connectionpool  https://books.google.com:443 "GET /books?jscmd=viewapi&bibkeys=OCLC%3A1082149225 HTTP/1.1" 200 None
2026-08-15 05:31:31  DEBUG     urllib3.connectionpool  Starting new HTTPS connection (1): books.google.com:443
2026-08-15 05:31:31  DEBUG     urllib3.connectionpool  https://books.google.com:443 "GET /books?jscmd=viewapi&bibkeys=ISBN%3A2024943389 HTTP/1.1" 200 None
2026-08-15 05:31:31  DEBUG     urllib3.connectionpool  Starting new HTTPS connection (1): books.google.com:443
2026-08-15 05:31:32  DEBUG     urllib3.connectionpool  https://books.google.com:443 "GET /books?jscmd=viewapi&bibkeys=OCLC%3A1509695237 HTTP/1.1" 200 None
2026-08-15 05:31:32  DEBUG     urllib3.connectionpool  Starting new HTTPS connection (1): books.google.com:443
2026-08-15 05:31:32  DEBUG     urllib3.connectionpool  https://books.google.com:443 "GET /books?jscmd=viewapi&bibkeys=ISBN%3A9780925776228 HTTP/1.1" 200 None
2026-08-15 05:31:32  DEBUG     urllib3.connectionpool  Starting new HTTPS connection (1): books.google.com:443
2026-08-15 05:31:32  DEBUG     urllib3.connectionpool  https://books.google.com:443 "GET /books?jscmd=viewapi&bibkeys=ISBN%3A2024012516 HTTP/1.1" 200 None
2026-08-15 05:31:32  DEBUG     urllib3.connectionpool  Starting new HTTPS connection (1): books.google.com:443
2026-08-15 05:31:32  DEBUG     urllib3.connectionpool  https://books.google.com:443 "GET /books?jscmd=viewapi&bibkeys=OCLC%3A1417469967 HTTP/1.1" 200 None
2026-08-15 05:31:32  DEBUG     urllib3.connectionpool  Starting new HTTPS connection (1): books.google.com:443
2026-08-15 05:31:32  DEBUG     urllib3.connectionpool  https://books.google.com:443 "GET /books?jscmd=viewapi&bibkeys=ISBN%3A2022000906 HTTP/1.1" 200 None
2026-08-15 05:31:32  DEBUG     urllib3.connectionpool  Starting new HTTPS connection (1): books.google.com:443
2026-08-15 05:31:32  DEBUG     urllib3.connectionpool  https://books.google.com:443 "GET /books?jscmd=viewapi&bibkeys=OCLC%3A1302331379 HTTP/1.1" 200 None
2026-08-15 05:31:32  DEBUG     urllib3.connectionpool  Starting new HTTPS connection (1): api.themoviedb.org:443
2026-08-15 05:31:32  DEBUG     urllib3.connectionpool  https://api.themoviedb.org:443 "GET /3/search/multi?query=Gender+and+sexuality+in+the+classroom+%3A+an+educator%27s+guide+%2F+Marni+Brown%2C+Baker+A.+Rogers%2C+and+Martha+Caldwell.&api_key=0270b36dd719e939d079b611ba56fa7c HTTP/1.1" 200 None
2026-08-15 05:31:32  DEBUG     urllib3.connectionpool  Starting new HTTPS connection (1): books.google.com:443
2026-08-15 05:31:33  DEBUG     urllib3.connectionpool  https://books.google.com:443 "GET /books?jscmd=viewapi&bibkeys=ISBN%3A2024016523 HTTP/1.1" 200 None
2026-08-15 05:31:33  DEBUG     urllib3.connectionpool  Starting new HTTPS connection (1): books.google.com:443
2026-08-15 05:31:33  DEBUG     urllib3.connectionpool  https://books.google.com:443 "GET /books?jscmd=viewapi&bibkeys=OCLC%3A1437997463 HTTP/1.1" 200 None
2026-08-15 05:31:33  DEBUG     urllib3.connectionpool  Starting new HTTPS connection (1): books.google.com:443
2026-08-15 05:31:33  DEBUG     urllib3.connectionpool  https://books.google.com:443 "GET /books?jscmd=viewapi&bibkeys=ISBN%3A0063511630 HTTP/1.1" 200 None
2026-08-15 05:31:33  DEBUG     urllib3.connectionpool  Starting new HTTPS connection (1): books.google.com:443
2026-08-15 05:31:33  DEBUG     urllib3.connectionpool  https://books.google.com:443 "GET /books?jscmd=viewapi&bibkeys=ISBN%3A2025054230 HTTP/1.1" 200 None
2026-08-15 05:31:33  DEBUG     urllib3.connectionpool  Starting new HTTPS connection (1): books.google.com:443
2026-08-15 05:31:33  DEBUG     urllib3.connectionpool  https://books.google.com:443 "GET /books?jscmd=viewapi&bibkeys=OCLC%3A1520908122 HTTP/1.1" 200 None
2026-08-15 05:31:33  DEBUG     urllib3.connectionpool  Starting new HTTPS connection (1): books.google.com:443
2026-08-15 05:31:33  DEBUG     urllib3.connectionpool  https://books.google.com:443 "GET /books?jscmd=viewapi&bibkeys=ISBN%3A2021050502 HTTP/1.1" 200 None
2026-08-15 05:31:33  DEBUG     urllib3.connectionpool  Starting new HTTPS connection (1): books.google.com:443
2026-08-15 05:31:33  DEBUG     urllib3.connectionpool  https://books.google.com:443 "GET /books?jscmd=viewapi&bibkeys=OCLC%3A1288666177 HTTP/1.1" 200 None
2026-08-15 05:31:34  DEBUG     urllib3.connectionpool  Starting new HTTPS connection (1): books.google.com:443
2026-08-15 05:31:34  DEBUG     urllib3.connectionpool  https://books.google.com:443 "GET /books?jscmd=viewapi&bibkeys=ISBN%3A2017303895 HTTP/1.1" 200 None
2026-08-15 05:31:34  DEBUG     urllib3.connectionpool  Starting new HTTPS connection (1): books.google.com:443
2026-08-15 05:31:35  DEBUG     urllib3.connectionpool  https://books.google.com:443 "GET /books?jscmd=viewapi&bibkeys=OCLC%3A952789649 HTTP/1.1" 200 None
2026-08-15 05:31:35  DEBUG     urllib3.connectionpool  Starting new HTTPS connection (1): books.google.com:443
2026-08-15 05:31:35  DEBUG     urllib3.connectionpool  https://books.google.com:443 "GET /books?jscmd=viewapi&bibkeys=ISBN%3A1586921767 HTTP/1.1" 200 None
2026-08-15 05:31:35  DEBUG     urllib3.connectionpool  Starting new HTTPS connection (1): books.google.com:443
2026-08-15 05:31:35  DEBUG     urllib3.connectionpool  https://books.google.com:443 "GET /books?jscmd=viewapi&bibkeys=OCLC%3A1579017246 HTTP/1.1" 200 None
2026-08-15 05:31:35  DEBUG     urllib3.connectionpool  Starting new HTTPS connection (1): books.google.com:443
2026-08-15 05:31:35  DEBUG     urllib3.connectionpool  https://books.google.com:443 "GET /books?jscmd=viewapi&bibkeys=ISBN%3A2014949011 HTTP/1.1" 200 None
2026-08-15 05:31:35  DEBUG     urllib3.connectionpool  Starting new HTTPS connection (1): books.google.com:443
2026-08-15 05:31:35  DEBUG     urllib3.connectionpool  https://books.google.com:443 "GET /books?jscmd=viewapi&bibkeys=OCLC%3A898088225 HTTP/1.1" 200 None
2026-08-15 05:31:35  DEBUG     urllib3.connectionpool  Starting new HTTPS connection (1): books.google.com:443
2026-08-15 05:31:35  DEBUG     urllib3.connectionpool  https://books.google.com:443 "GET /books?jscmd=viewapi&bibkeys=ISBN%3A2025006793 HTTP/1.1" 200 None
2026-08-15 05:31:35  DEBUG     urllib3.connectionpool  Starting new HTTPS connection (1): books.google.com:443
2026-08-15 05:31:35  DEBUG     urllib3.connectionpool  https://books.google.com:443 "GET /books?jscmd=viewapi&bibkeys=OCLC%3A1500217614 HTTP/1.1" 200 None
2026-08-15 05:31:35  DEBUG     urllib3.connectionpool  Starting new HTTPS connection (1): books.google.com:443
2026-08-15 05:31:35  DEBUG     urllib3.connectionpool  https://books.google.com:443 "GET /books?jscmd=viewapi&bibkeys=ISBN%3A2018030408 HTTP/1.1" 200 None
2026-08-15 05:31:35  DEBUG     urllib3.connectionpool  Starting new HTTPS connection (1): books.google.com:443
2026-08-15 05:31:36  DEBUG     urllib3.connectionpool  https://books.google.com:443 "GET /books?jscmd=viewapi&bibkeys=OCLC%3A1043051113 HTTP/1.1" 200 None
2026-08-15 05:31:36  DEBUG     urllib3.connectionpool  Starting new HTTPS connection (1): books.google.com:443
2026-08-15 05:31:36  DEBUG     urllib3.connectionpool  https://books.google.com:443 "GET /books?jscmd=viewapi&bibkeys=ISBN%3A2026016846 HTTP/1.1" 200 None
2026-08-15 05:31:36  DEBUG     urllib3.connectionpool  Starting new HTTPS connection (1): books.google.com:443
2026-08-15 05:31:36  DEBUG     urllib3.connectionpool  https://books.google.com:443 "GET /books?jscmd=viewapi&bibkeys=OCLC%3A1570754080 HTTP/1.1" 200 None
2026-08-15 05:31:36  DEBUG     urllib3.connectionpool  Starting new HTTPS connection (1): api.themoviedb.org:443
2026-08-15 05:31:36  DEBUG     urllib3.connectionpool  https://api.themoviedb.org:443 "GET /3/search/multi?query=Creating+generative+AI+policies+%3A+a+guide+for+public+and+academic+libraries+%2F+Robin+Hastings.&api_key=0270b36dd719e939d079b611ba56fa7c HTTP/1.1" 200 None
2026-08-15 05:31:36  DEBUG     urllib3.connectionpool  Starting new HTTPS connection (1): books.google.com:443
2026-08-15 05:31:36  DEBUG     urllib3.connectionpool  https://books.google.com:443 "GET /books?jscmd=viewapi&bibkeys=ISBN%3A2021016303 HTTP/1.1" 200 None
2026-08-15 05:31:36  DEBUG     urllib3.connectionpool  Starting new HTTPS connection (1): books.google.com:443
2026-08-15 05:31:36  DEBUG     urllib3.connectionpool  https://books.google.com:443 "GET /books?jscmd=viewapi&bibkeys=OCLC%3A1240576417 HTTP/1.1" 200 None
2026-08-15 05:31:36  DEBUG     urllib3.connectionpool  Starting new HTTPS connection (1): books.google.com:443
2026-08-15 05:31:36  DEBUG     urllib3.connectionpool  https://books.google.com:443 "GET /books?jscmd=viewapi&bibkeys=ISBN%3A2021924408 HTTP/1.1" 200 None
2026-08-15 05:31:36  DEBUG     urllib3.connectionpool  Starting new HTTPS connection (1): books.google.com:443
2026-08-15 05:31:37  DEBUG     urllib3.connectionpool  https://books.google.com:443 "GET /books?jscmd=viewapi&bibkeys=OCLC%3A1282601295 HTTP/1.1" 200 None
2026-08-15 05:31:37  DEBUG     urllib3.connectionpool  Starting new HTTPS connection (1): books.google.com:443
2026-08-15 05:31:37  DEBUG     urllib3.connectionpool  https://books.google.com:443 "GET /books?jscmd=viewapi&bibkeys=OCLC%3A1518186166 HTTP/1.1" 200 None
2026-08-15 05:31:37  DEBUG     urllib3.connectionpool  Starting new HTTPS connection (1): books.google.com:443
2026-08-15 05:31:37  DEBUG     urllib3.connectionpool  https://books.google.com:443 "GET /books?jscmd=viewapi&bibkeys=ISBN%3A2025000127 HTTP/1.1" 200 None
2026-08-15 05:31:37  DEBUG     urllib3.connectionpool  Starting new HTTPS connection (1): books.google.com:443
2026-08-15 05:31:37  DEBUG     urllib3.connectionpool  https://books.google.com:443 "GET /books?jscmd=viewapi&bibkeys=OCLC%3A1514598684 HTTP/1.1" 200 None
2026-08-15 05:31:38  DEBUG     urllib3.connectionpool  Starting new HTTPS connection (1): books.google.com:443
2026-08-15 05:31:38  DEBUG     urllib3.connectionpool  https://books.google.com:443 "GET /books?jscmd=viewapi&bibkeys=ISBN%3A2023054363 HTTP/1.1" 200 None
2026-08-15 05:31:38  DEBUG     urllib3.connectionpool  Starting new HTTPS connection (1): books.google.com:443
2026-08-15 05:31:39  DEBUG     urllib3.connectionpool  https://books.google.com:443 "GET /books?jscmd=viewapi&bibkeys=OCLC%3A1415240396 HTTP/1.1" 200 None
2026-08-15 05:31:39  DEBUG     urllib3.connectionpool  Starting new HTTPS connection (1): books.google.com:443
2026-08-15 05:31:39  DEBUG     urllib3.connectionpool  https://books.google.com:443 "GET /books?jscmd=viewapi&bibkeys=ISBN%3A2023049476 HTTP/1.1" 200 None
2026-08-15 05:31:39  DEBUG     urllib3.connectionpool  Starting new HTTPS connection (1): books.google.com:443
2026-08-15 05:31:39  DEBUG     urllib3.connectionpool  https://books.google.com:443 "GET /books?jscmd=viewapi&bibkeys=OCLC%3A1408648878 HTTP/1.1" 200 None
2026-08-15 05:31:39  DEBUG     urllib3.connectionpool  Starting new HTTPS connection (1): books.google.com:443
2026-08-15 05:31:39  DEBUG     urllib3.connectionpool  https://books.google.com:443 "GET /books?jscmd=viewapi&bibkeys=OCLC%3A1521909326 HTTP/1.1" 200 None
2026-08-15 05:31:39  DEBUG     urllib3.connectionpool  Starting new HTTPS connection (1): api.themoviedb.org:443
2026-08-15 05:31:39  DEBUG     urllib3.connectionpool  https://api.themoviedb.org:443 "GET /3/search/multi?query=Thinking+AI+%3A+how+artificial+intelligence+emulates+human+understanding+%2F+John+MacCormick.&api_key=0270b36dd719e939d079b611ba56fa7c HTTP/1.1" 200 None
2026-08-15 05:31:39  DEBUG     urllib3.connectionpool  Starting new HTTPS connection (1): books.google.com:443
2026-08-15 05:31:39  DEBUG     urllib3.connectionpool  https://books.google.com:443 "GET /books?jscmd=viewapi&bibkeys=ISBN%3A2024059990 HTTP/1.1" 200 None
2026-08-15 05:31:39  DEBUG     urllib3.connectionpool  Starting new HTTPS connection (1): books.google.com:443
2026-08-15 05:31:39  DEBUG     urllib3.connectionpool  https://books.google.com:443 "GET /books?jscmd=viewapi&bibkeys=OCLC%3A1453071132 HTTP/1.1" 200 None
2026-08-15 05:31:39  DEBUG     urllib3.connectionpool  Starting new HTTPS connection (1): books.google.com:443
2026-08-15 05:31:39  DEBUG     urllib3.connectionpool  https://books.google.com:443 "GET /books?jscmd=viewapi&bibkeys=ISBN%3A2025016685 HTTP/1.1" 200 None
2026-08-15 05:31:39  DEBUG     urllib3.connectionpool  Starting new HTTPS connection (1): books.google.com:443
2026-08-15 05:31:40  DEBUG     urllib3.connectionpool  https://books.google.com:443 "GET /books?jscmd=viewapi&bibkeys=OCLC%3A1506131444 HTTP/1.1" 200 None
2026-08-15 05:31:40  DEBUG     urllib3.connectionpool  Starting new HTTPS connection (1): books.google.com:443
2026-08-15 05:31:40  DEBUG     urllib3.connectionpool  https://books.google.com:443 "GET /books?jscmd=viewapi&bibkeys=OCLC%3A1529593781 HTTP/1.1" 200 None
2026-08-15 05:31:40  DEBUG     urllib3.connectionpool  Starting new HTTPS connection (1): api.themoviedb.org:443
2026-08-15 05:31:40  DEBUG     urllib3.connectionpool  https://api.themoviedb.org:443 "GET /3/search/multi?query=Beyond+belief+%3A+how+evidence+shows+what+really+works+%2F+Helen+Pearson.&api_key=0270b36dd719e939d079b611ba56fa7c HTTP/1.1" 200 None
2026-08-15 05:31:40  DEBUG     urllib3.connectionpool  Starting new HTTPS connection (1): books.google.com:443
2026-08-15 05:31:40  DEBUG     urllib3.connectionpool  https://books.google.com:443 "GET /books?jscmd=viewapi&bibkeys=ISBN%3A2025936081 HTTP/1.1" 200 None
2026-08-15 05:31:40  DEBUG     urllib3.connectionpool  Starting new HTTPS connection (1): books.google.com:443
2026-08-15 05:31:40  DEBUG     urllib3.connectionpool  https://books.google.com:443 "GET /books?jscmd=viewapi&bibkeys=OCLC%3A1472919691 HTTP/1.1" 200 None
2026-08-15 05:31:40  DEBUG     urllib3.connectionpool  Starting new HTTPS connection (1): books.google.com:443
2026-08-15 05:31:40  DEBUG     urllib3.connectionpool  https://books.google.com:443 "GET /books?jscmd=viewapi&bibkeys=ISBN%3A2016021462 HTTP/1.1" 200 None
2026-08-15 05:31:40  DEBUG     urllib3.connectionpool  Starting new HTTPS connection (1): books.google.com:443
2026-08-15 05:31:40  DEBUG     urllib3.connectionpool  https://books.google.com:443 "GET /books?jscmd=viewapi&bibkeys=OCLC%3A949669599 HTTP/1.1" 200 None
2026-08-15 05:31:40  DEBUG     urllib3.connectionpool  Starting new HTTPS connection (1): books.google.com:443
2026-08-15 05:31:40  DEBUG     urllib3.connectionpool  https://books.google.com:443 "GET /books?jscmd=viewapi&bibkeys=ISBN%3A1296905252 HTTP/1.1" 200 None
2026-08-15 05:31:40  DEBUG     urllib3.connectionpool  Starting new HTTPS connection (1): books.google.com:443
2026-08-15 05:31:41  DEBUG     urllib3.connectionpool  https://books.google.com:443 "GET /books?jscmd=viewapi&bibkeys=OCLC%3A932001597 HTTP/1.1" 200 None
2026-08-15 05:31:41  DEBUG     urllib3.connectionpool  Starting new HTTPS connection (1): books.google.com:443
2026-08-15 05:31:41  DEBUG     urllib3.connectionpool  https://books.google.com:443 "GET /books?jscmd=viewapi&bibkeys=OCLC%3A1592965230 HTTP/1.1" 200 None
2026-08-15 05:31:41  DEBUG     urllib3.connectionpool  Starting new HTTPS connection (1): api.themoviedb.org:443
2026-08-15 05:31:41  DEBUG     urllib3.connectionpool  https://api.themoviedb.org:443 "GET /3/search/multi?query=80%2C000+hours+%3A+how+to+have+a+fulfilling+career+that+does+good+%2F+Benjamin+Todd.&api_key=0270b36dd719e939d079b611ba56fa7c HTTP/1.1" 200 None
2026-08-15 05:31:42  DEBUG     urllib3.connectionpool  Starting new HTTPS connection (1): books.google.com:443
2026-08-15 05:31:42  DEBUG     urllib3.connectionpool  https://books.google.com:443 "GET /books?jscmd=viewapi&bibkeys=ISBN%3A2020027770 HTTP/1.1" 200 None
2026-08-15 05:31:42  DEBUG     urllib3.connectionpool  Starting new HTTPS connection (1): books.google.com:443
2026-08-15 05:31:42  DEBUG     urllib3.connectionpool  https://books.google.com:443 "GET /books?jscmd=viewapi&bibkeys=OCLC%3A1151497573 HTTP/1.1" 200 None
2026-08-15 05:31:42  DEBUG     urllib3.connectionpool  Starting new HTTPS connection (1): books.google.com:443
2026-08-15 05:31:42  DEBUG     urllib3.connectionpool  https://books.google.com:443 "GET /books?jscmd=viewapi&bibkeys=ISBN%3A2021050092 HTTP/1.1" 200 None
2026-08-15 05:31:42  DEBUG     urllib3.connectionpool  Starting new HTTPS connection (1): books.google.com:443
2026-08-15 05:31:42  DEBUG     urllib3.connectionpool  https://books.google.com:443 "GET /books?jscmd=viewapi&bibkeys=OCLC%3A1285577176 HTTP/1.1" 200 None
2026-08-15 05:31:42  DEBUG     urllib3.connectionpool  Starting new HTTPS connection (1): books.google.com:443
2026-08-15 05:31:42  DEBUG     urllib3.connectionpool  https://books.google.com:443 "GET /books?jscmd=viewapi&bibkeys=ISBN%3A2020041583 HTTP/1.1" 200 None
2026-08-15 05:31:42  DEBUG     urllib3.connectionpool  Starting new HTTPS connection (1): books.google.com:443
2026-08-15 05:31:42  DEBUG     urllib3.connectionpool  https://books.google.com:443 "GET /books?jscmd=viewapi&bibkeys=OCLC%3A1196821778 HTTP/1.1" 200 None
2026-08-15 05:31:42  DEBUG     urllib3.connectionpool  Starting new HTTPS connection (1): books.google.com:443
2026-08-15 05:31:43  DEBUG     urllib3.connectionpool  https://books.google.com:443 "GET /books?jscmd=viewapi&bibkeys=ISBN%3A1311283879 HTTP/1.1" 200 None
2026-08-15 05:31:43  DEBUG     urllib3.connectionpool  Starting new HTTPS connection (1): books.google.com:443
2026-08-15 05:31:43  DEBUG     urllib3.connectionpool  https://books.google.com:443 "GET /books?jscmd=viewapi&bibkeys=OCLC%3A1259046336 HTTP/1.1" 200 None
2026-08-15 05:31:43  DEBUG     urllib3.connectionpool  Starting new HTTPS connection (1): books.google.com:443
2026-08-15 05:31:43  DEBUG     urllib3.connectionpool  https://books.google.com:443 "GET /books?jscmd=viewapi&bibkeys=ISBN%3A2024012575 HTTP/1.1" 200 None
2026-08-15 05:31:43  DEBUG     urllib3.connectionpool  Starting new HTTPS connection (1): books.google.com:443
2026-08-15 05:31:43  DEBUG     urllib3.connectionpool  https://books.google.com:443 "GET /books?jscmd=viewapi&bibkeys=OCLC%3A1420449549 HTTP/1.1" 200 None
2026-08-15 05:31:43  DEBUG     urllib3.connectionpool  Starting new HTTPS connection (1): books.google.com:443
2026-08-15 05:31:43  DEBUG     urllib3.connectionpool  https://books.google.com:443 "GET /books?jscmd=viewapi&bibkeys=ISBN%3A2025051097 HTTP/1.1" 200 None
2026-08-15 05:31:43  DEBUG     urllib3.connectionpool  Starting new HTTPS connection (1): books.google.com:443
2026-08-15 05:31:43  DEBUG     urllib3.connectionpool  https://books.google.com:443 "GET /books?jscmd=viewapi&bibkeys=OCLC%3A1541909718 HTTP/1.1" 200 None
2026-08-15 05:31:43  DEBUG     urllib3.connectionpool  Starting new HTTPS connection (1): api.themoviedb.org:443
2026-08-15 05:31:43  DEBUG     urllib3.connectionpool  https://api.themoviedb.org:443 "GET /3/search/multi?query=Sally+Rooney+%3A+perspectives+and+approaches+%2F+edited+by+Ellen+Scheible+and+Barry+Devine+%3B+Foreword+by+Claire+Bracken.&api_key=0270b36dd719e939d079b611ba56fa7c HTTP/1.1" 200 None
2026-08-15 05:31:43  DEBUG     urllib3.connectionpool  Starting new HTTPS connection (1): books.google.com:443
2026-08-15 05:31:43  DEBUG     urllib3.connectionpool  https://books.google.com:443 "GET /books?jscmd=viewapi&bibkeys=ISBN%3A2026016366 HTTP/1.1" 200 None
2026-08-15 05:31:43  DEBUG     urllib3.connectionpool  Starting new HTTPS connection (1): books.google.com:443
2026-08-15 05:31:44  DEBUG     urllib3.connectionpool  https://books.google.com:443 "GET /books?jscmd=viewapi&bibkeys=OCLC%3A1582422910 HTTP/1.1" 200 None
2026-08-15 05:31:44  DEBUG     urllib3.connectionpool  Starting new HTTPS connection (1): api.themoviedb.org:443
2026-08-15 05:31:44  DEBUG     urllib3.connectionpool  https://api.themoviedb.org:443 "GET /3/search/multi?query=The+unicorn+hunters+%3A+a+novel+%2F+Katherine+Arden.&api_key=0270b36dd719e939d079b611ba56fa7c HTTP/1.1" 200 None
2026-08-15 05:31:44  DEBUG     urllib3.connectionpool  Starting new HTTPS connection (1): books.google.com:443
2026-08-15 05:31:44  DEBUG     urllib3.connectionpool  https://books.google.com:443 "GET /books?jscmd=viewapi&bibkeys=ISBN%3A2025037346 HTTP/1.1" 200 None
2026-08-15 05:31:44  DEBUG     urllib3.connectionpool  Starting new HTTPS connection (1): books.google.com:443
2026-08-15 05:31:44  DEBUG     urllib3.connectionpool  https://books.google.com:443 "GET /books?jscmd=viewapi&bibkeys=OCLC%3A1524979901 HTTP/1.1" 200 None
2026-08-15 05:31:44  DEBUG     urllib3.connectionpool  Starting new HTTPS connection (1): api.themoviedb.org:443
2026-08-15 05:31:44  DEBUG     urllib3.connectionpool  https://api.themoviedb.org:443 "GET /3/search/multi?query=Patient%2C+female+%3A+stories+%2F+Julie+Schumacher.&api_key=0270b36dd719e939d079b611ba56fa7c HTTP/1.1" 200 None
2026-08-15 05:31:44  DEBUG     urllib3.connectionpool  Starting new HTTPS connection (1): books.google.com:443
2026-08-15 05:31:44  DEBUG     urllib3.connectionpool  https://books.google.com:443 "GET /books?jscmd=viewapi&bibkeys=ISBN%3A2020057139 HTTP/1.1" 200 None
2026-08-15 05:31:44  DEBUG     urllib3.connectionpool  Starting new HTTPS connection (1): books.google.com:443
2026-08-15 05:31:45  DEBUG     urllib3.connectionpool  https://books.google.com:443 "GET /books?jscmd=viewapi&bibkeys=OCLC%3A1175914589 HTTP/1.1" 200 None
2026-08-15 05:31:45  DEBUG     urllib3.connectionpool  Starting new HTTPS connection (1): books.google.com:443
2026-08-15 05:31:45  DEBUG     urllib3.connectionpool  https://books.google.com:443 "GET /books?jscmd=viewapi&bibkeys=ISBN%3A2016049811 HTTP/1.1" 200 None
2026-08-15 05:31:45  DEBUG     urllib3.connectionpool  Starting new HTTPS connection (1): books.google.com:443
2026-08-15 05:31:45  DEBUG     urllib3.connectionpool  https://books.google.com:443 "GET /books?jscmd=viewapi&bibkeys=OCLC%3A962025730 HTTP/1.1" 200 None
2026-08-15 05:31:46  DEBUG     urllib3.connectionpool  Starting new HTTPS connection (1): books.google.com:443
2026-08-15 05:31:46  DEBUG     urllib3.connectionpool  https://books.google.com:443 "GET /books?jscmd=viewapi&bibkeys=ISBN%3A2016058809 HTTP/1.1" 200 None
2026-08-15 05:31:46  DEBUG     urllib3.connectionpool  Starting new HTTPS connection (1): books.google.com:443
2026-08-15 05:31:46  DEBUG     urllib3.connectionpool  https://books.google.com:443 "GET /books?jscmd=viewapi&bibkeys=OCLC%3A959536312 HTTP/1.1" 200 None
2026-08-15 05:31:46  DEBUG     urllib3.connectionpool  Starting new HTTPS connection (1): books.google.com:443
2026-08-15 05:31:46  DEBUG     urllib3.connectionpool  https://books.google.com:443 "GET /books?jscmd=viewapi&bibkeys=ISBN%3A2023050723 HTTP/1.1" 200 None
2026-08-15 05:31:46  DEBUG     urllib3.connectionpool  Starting new HTTPS connection (1): books.google.com:443
2026-08-15 05:31:46  DEBUG     urllib3.connectionpool  https://books.google.com:443 "GET /books?jscmd=viewapi&bibkeys=OCLC%3A1412503493 HTTP/1.1" 200 None
2026-08-15 05:31:46  DEBUG     urllib3.connectionpool  Starting new HTTPS connection (1): books.google.com:443
2026-08-15 05:31:46  DEBUG     urllib3.connectionpool  https://books.google.com:443 "GET /books?jscmd=viewapi&bibkeys=ISBN%3A2015047167 HTTP/1.1" 200 None
2026-08-15 05:31:46  DEBUG     urllib3.connectionpool  Starting new HTTPS connection (1): books.google.com:443
2026-08-15 05:31:47  DEBUG     urllib3.connectionpool  https://books.google.com:443 "GET /books?jscmd=viewapi&bibkeys=OCLC%3A922454217 HTTP/1.1" 200 None
2026-08-15 05:31:47  DEBUG     urllib3.connectionpool  Starting new HTTPS connection (1): books.google.com:443
2026-08-15 05:31:47  DEBUG     urllib3.connectionpool  https://books.google.com:443 "GET /books?jscmd=viewapi&bibkeys=ISBN%3A2024041511 HTTP/1.1" 200 None
2026-08-15 05:31:47  DEBUG     urllib3.connectionpool  Starting new HTTPS connection (1): books.google.com:443
2026-08-15 05:31:47  DEBUG     urllib3.connectionpool  https://books.google.com:443 "GET /books?jscmd=viewapi&bibkeys=OCLC%3A1476523609 HTTP/1.1" 200 None
2026-08-15 05:31:47  DEBUG     urllib3.connectionpool  Starting new HTTPS connection (1): books.google.com:443
2026-08-15 05:31:47  DEBUG     urllib3.connectionpool  https://books.google.com:443 "GET /books?jscmd=viewapi&bibkeys=ISBN%3A2014039139 HTTP/1.1" 200 None
2026-08-15 05:31:47  DEBUG     urllib3.connectionpool  Starting new HTTPS connection (1): books.google.com:443
2026-08-15 05:31:47  DEBUG     urllib3.connectionpool  https://books.google.com:443 "GET /books?jscmd=viewapi&bibkeys=OCLC%3A872622573 HTTP/1.1" 200 None
2026-08-15 05:31:47  DEBUG     urllib3.connectionpool  Starting new HTTPS connection (1): books.google.com:443
2026-08-15 05:31:47  DEBUG     urllib3.connectionpool  https://books.google.com:443 "GET /books?jscmd=viewapi&bibkeys=ISBN%3A2015007184 HTTP/1.1" 200 None
2026-08-15 05:31:47  DEBUG     urllib3.connectionpool  Starting new HTTPS connection (1): books.google.com:443
2026-08-15 05:31:47  DEBUG     urllib3.connectionpool  https://books.google.com:443 "GET /books?jscmd=viewapi&bibkeys=OCLC%3A903635090 HTTP/1.1" 200 None
2026-08-15 05:31:47  DEBUG     urllib3.connectionpool  Starting new HTTPS connection (1): books.google.com:443
2026-08-15 05:31:47  DEBUG     urllib3.connectionpool  https://books.google.com:443 "GET /books?jscmd=viewapi&bibkeys=ISBN%3A2025039604 HTTP/1.1" 200 None
2026-08-15 05:31:47  DEBUG     urllib3.connectionpool  Starting new HTTPS connection (1): books.google.com:443
2026-08-15 05:31:48  DEBUG     urllib3.connectionpool  https://books.google.com:443 "GET /books?jscmd=viewapi&bibkeys=OCLC%3A1573038546 HTTP/1.1" 200 None
2026-08-15 05:31:48  DEBUG     urllib3.connectionpool  Starting new HTTPS connection (1): api.themoviedb.org:443
2026-08-15 05:31:48  DEBUG     urllib3.connectionpool  https://api.themoviedb.org:443 "GET /3/search/multi?query=Principles+and+practice+of+grief+counseling+%2F+Darcy+L.+Harris%2C+PhD%2C+RN%2C+RSW%2C+MEd%28Couns%29%2C+FT%2C+Evgenia+Milman%2C+PhD%2C+MA%2C+LP.&api_key=0270b36dd719e939d079b611ba56fa7c HTTP/1.1" 200 None
2026-08-15 05:31:48  DEBUG     urllib3.connectionpool  Starting new HTTPS connection (1): books.google.com:443
2026-08-15 05:31:48  DEBUG     urllib3.connectionpool  https://books.google.com:443 "GET /books?jscmd=viewapi&bibkeys=ISBN%3A1005494627 HTTP/1.1" 200 None
2026-08-15 05:31:48  DEBUG     urllib3.connectionpool  Starting new HTTPS connection (1): books.google.com:443
2026-08-15 05:31:48  DEBUG     urllib3.connectionpool  https://books.google.com:443 "GET /books?jscmd=viewapi&bibkeys=OCLC%3A29428773 HTTP/1.1" 200 None
2026-08-15 05:31:48  DEBUG     urllib3.connectionpool  Starting new HTTPS connection (1): books.google.com:443
2026-08-15 05:31:48  DEBUG     urllib3.connectionpool  https://books.google.com:443 "GET /books?jscmd=viewapi&bibkeys=ISBN%3A2024041341 HTTP/1.1" 200 None
2026-08-15 05:31:48  DEBUG     urllib3.connectionpool  Starting new HTTPS connection (1): books.google.com:443
2026-08-15 05:31:48  DEBUG     urllib3.connectionpool  https://books.google.com:443 "GET /books?jscmd=viewapi&bibkeys=OCLC%3A1472088920 HTTP/1.1" 200 None
2026-08-15 05:31:48  DEBUG     urllib3.connectionpool  Starting new HTTPS connection (1): books.google.com:443
2026-08-15 05:31:49  DEBUG     urllib3.connectionpool  https://books.google.com:443 "GET /books?jscmd=viewapi&bibkeys=OCLC%3A1393485907 HTTP/1.1" 200 None
2026-08-15 05:31:50  DEBUG     urllib3.connectionpool  Starting new HTTPS connection (1): books.google.com:443
2026-08-15 05:31:50  DEBUG     urllib3.connectionpool  https://books.google.com:443 "GET /books?jscmd=viewapi&bibkeys=ISBN%3A2017963192 HTTP/1.1" 200 None
2026-08-15 05:31:50  DEBUG     urllib3.connectionpool  Starting new HTTPS connection (1): books.google.com:443
2026-08-15 05:31:50  DEBUG     urllib3.connectionpool  https://books.google.com:443 "GET /books?jscmd=viewapi&bibkeys=OCLC%3A1040597238 HTTP/1.1" 200 None
2026-08-15 05:31:50  DEBUG     urllib3.connectionpool  Starting new HTTPS connection (1): books.google.com:443
2026-08-15 05:31:50  DEBUG     urllib3.connectionpool  https://books.google.com:443 "GET /books?jscmd=viewapi&bibkeys=ISBN%3A2020028806 HTTP/1.1" 200 None
2026-08-15 05:31:50  DEBUG     urllib3.connectionpool  Starting new HTTPS connection (1): books.google.com:443
2026-08-15 05:31:50  DEBUG     urllib3.connectionpool  https://books.google.com:443 "GET /books?jscmd=viewapi&bibkeys=OCLC%3A1161998512 HTTP/1.1" 200 None
2026-08-15 05:31:50  DEBUG     urllib3.connectionpool  Starting new HTTPS connection (1): books.google.com:443
2026-08-15 05:31:50  DEBUG     urllib3.connectionpool  https://books.google.com:443 "GET /books?jscmd=viewapi&bibkeys=ISBN%3A2008023436 HTTP/1.1" 200 None
2026-08-15 05:31:50  DEBUG     urllib3.connectionpool  Starting new HTTPS connection (1): books.google.com:443
2026-08-15 05:31:50  DEBUG     urllib3.connectionpool  https://books.google.com:443 "GET /books?jscmd=viewapi&bibkeys=OCLC%3A209594939 HTTP/1.1" 200 None
2026-08-15 05:31:50  DEBUG     urllib3.connectionpool  Starting new HTTPS connection (1): books.google.com:443
2026-08-15 05:31:50  DEBUG     urllib3.connectionpool  https://books.google.com:443 "GET /books?jscmd=viewapi&bibkeys=ISBN%3A2008021359 HTTP/1.1" 200 None
2026-08-15 05:31:50  DEBUG     urllib3.connectionpool  Starting new HTTPS connection (1): books.google.com:443
2026-08-15 05:31:50  DEBUG     urllib3.connectionpool  https://books.google.com:443 "GET /books?jscmd=viewapi&bibkeys=OCLC%3A228701289 HTTP/1.1" 200 None
2026-08-15 05:31:50  DEBUG     urllib3.connectionpool  Starting new HTTPS connection (1): books.google.com:443
2026-08-15 05:31:51  DEBUG     urllib3.connectionpool  https://books.google.com:443 "GET /books?jscmd=viewapi&bibkeys=ISBN%3A2025028315 HTTP/1.1" 200 None
2026-08-15 05:31:51  DEBUG     urllib3.connectionpool  Starting new HTTPS connection (1): books.google.com:443
2026-08-15 05:31:51  DEBUG     urllib3.connectionpool  https://books.google.com:443 "GET /books?jscmd=viewapi&bibkeys=OCLC%3A1517293860 HTTP/1.1" 200 None
2026-08-15 05:31:51  DEBUG     urllib3.connectionpool  Starting new HTTPS connection (1): books.google.com:443
2026-08-15 05:31:51  DEBUG     urllib3.connectionpool  https://books.google.com:443 "GET /books?jscmd=viewapi&bibkeys=ISBN%3A2022943294 HTTP/1.1" 200 None
2026-08-15 05:31:51  DEBUG     urllib3.connectionpool  Starting new HTTPS connection (1): books.google.com:443
2026-08-15 05:31:51  DEBUG     urllib3.connectionpool  https://books.google.com:443 "GET /books?jscmd=viewapi&bibkeys=OCLC%3A1470852652 HTTP/1.1" 200 None
2026-08-15 05:31:51  DEBUG     urllib3.connectionpool  Starting new HTTPS connection (1): books.google.com:443
2026-08-15 05:31:51  DEBUG     urllib3.connectionpool  https://books.google.com:443 "GET /books?jscmd=viewapi&bibkeys=ISBN%3A2019024983 HTTP/1.1" 200 None
2026-08-15 05:31:51  DEBUG     urllib3.connectionpool  Starting new HTTPS connection (1): books.google.com:443
2026-08-15 05:31:51  DEBUG     urllib3.connectionpool  https://books.google.com:443 "GET /books?jscmd=viewapi&bibkeys=OCLC%3A1104915225 HTTP/1.1" 200 None
2026-08-15 05:31:51  DEBUG     urllib3.connectionpool  Starting new HTTPS connection (1): books.google.com:443
2026-08-15 05:31:51  DEBUG     urllib3.connectionpool  https://books.google.com:443 "GET /books?jscmd=viewapi&bibkeys=ISBN%3A1166958971 HTTP/1.1" 200 None
2026-08-15 05:31:51  DEBUG     urllib3.connectionpool  Starting new HTTPS connection (1): books.google.com:443
2026-08-15 05:31:51  DEBUG     urllib3.connectionpool  https://books.google.com:443 "GET /books?jscmd=viewapi&bibkeys=OCLC%3A28256263 HTTP/1.1" 200 None
2026-08-15 05:31:51  DEBUG     urllib3.connectionpool  Starting new HTTPS connection (1): books.google.com:443
2026-08-15 05:31:51  DEBUG     urllib3.connectionpool  https://books.google.com:443 "GET /books?jscmd=viewapi&bibkeys=ISBN%3A2015037031 HTTP/1.1" 200 None
2026-08-15 05:31:51  DEBUG     urllib3.connectionpool  Starting new HTTPS connection (1): books.google.com:443
2026-08-15 05:31:52  DEBUG     urllib3.connectionpool  https://books.google.com:443 "GET /books?jscmd=viewapi&bibkeys=OCLC%3A913844831 HTTP/1.1" 200 None
2026-08-15 05:31:52  DEBUG     urllib3.connectionpool  Starting new HTTPS connection (1): books.google.com:443
2026-08-15 05:31:52  DEBUG     urllib3.connectionpool  https://books.google.com:443 "GET /books?jscmd=viewapi&bibkeys=ISBN%3A2009040505 HTTP/1.1" 200 None
2026-08-15 05:31:52  DEBUG     urllib3.connectionpool  Starting new HTTPS connection (1): books.google.com:443
2026-08-15 05:31:52  DEBUG     urllib3.connectionpool  https://books.google.com:443 "GET /books?jscmd=viewapi&bibkeys=OCLC%3A426814605 HTTP/1.1" 200 None
2026-08-15 05:31:53  DEBUG     urllib3.connectionpool  Starting new HTTPS connection (1): books.google.com:443
2026-08-15 05:31:53  DEBUG     urllib3.connectionpool  https://books.google.com:443 "GET /books?jscmd=viewapi&bibkeys=ISBN%3A1513889130 HTTP/1.1" 200 None
2026-08-15 05:31:53  DEBUG     urllib3.connectionpool  Starting new HTTPS connection (1): books.google.com:443
2026-08-15 05:31:53  DEBUG     urllib3.connectionpool  https://books.google.com:443 "GET /books?jscmd=viewapi&bibkeys=OCLC%3A1526060075 HTTP/1.1" 200 None
2026-08-15 05:31:53  DEBUG     urllib3.connectionpool  Starting new HTTPS connection (1): books.google.com:443
2026-08-15 05:31:53  DEBUG     urllib3.connectionpool  https://books.google.com:443 "GET /books?jscmd=viewapi&bibkeys=ISBN%3A1127748556 HTTP/1.1" 200 None
2026-08-15 05:31:53  DEBUG     urllib3.connectionpool  Starting new HTTPS connection (1): books.google.com:443
2026-08-15 05:31:53  DEBUG     urllib3.connectionpool  https://books.google.com:443 "GET /books?jscmd=viewapi&bibkeys=OCLC%3A229279169 HTTP/1.1" 200 None
2026-08-15 05:31:53  DEBUG     urllib3.connectionpool  Starting new HTTPS connection (1): books.google.com:443
2026-08-15 05:31:53  DEBUG     urllib3.connectionpool  https://books.google.com:443 "GET /books?jscmd=viewapi&bibkeys=ISBN%3A2014029056 HTTP/1.1" 200 None
2026-08-15 05:31:53  DEBUG     urllib3.connectionpool  Starting new HTTPS connection (1): books.google.com:443
2026-08-15 05:31:53  DEBUG     urllib3.connectionpool  https://books.google.com:443 "GET /books?jscmd=viewapi&bibkeys=OCLC%3A893099217 HTTP/1.1" 200 None
2026-08-15 05:31:53  DEBUG     urllib3.connectionpool  Starting new HTTPS connection (1): books.google.com:443
2026-08-15 05:31:54  DEBUG     urllib3.connectionpool  https://books.google.com:443 "GET /books?jscmd=viewapi&bibkeys=ISBN%3A2022036320 HTTP/1.1" 200 None
2026-08-15 05:31:54  DEBUG     urllib3.connectionpool  Starting new HTTPS connection (1): books.google.com:443
2026-08-15 05:31:54  DEBUG     urllib3.connectionpool  https://books.google.com:443 "GET /books?jscmd=viewapi&bibkeys=OCLC%3A1338165257 HTTP/1.1" 200 None
2026-08-15 05:31:54  DEBUG     urllib3.connectionpool  Starting new HTTPS connection (1): books.google.com:443
2026-08-15 05:31:54  DEBUG     urllib3.connectionpool  https://books.google.com:443 "GET /books?jscmd=viewapi&bibkeys=ISBN%3A2018049836 HTTP/1.1" 200 None
2026-08-15 05:31:54  DEBUG     urllib3.connectionpool  Starting new HTTPS connection (1): books.google.com:443
2026-08-15 05:31:54  DEBUG     urllib3.connectionpool  https://books.google.com:443 "GET /books?jscmd=viewapi&bibkeys=OCLC%3A1059251187 HTTP/1.1" 200 None
2026-08-15 05:31:54  DEBUG     urllib3.connectionpool  Starting new HTTPS connection (1): books.google.com:443
2026-08-15 05:31:54  DEBUG     urllib3.connectionpool  https://books.google.com:443 "GET /books?jscmd=viewapi&bibkeys=ISBN%3A1003809534 HTTP/1.1" 200 None
2026-08-15 05:31:54  DEBUG     urllib3.connectionpool  Starting new HTTPS connection (1): books.google.com:443
2026-08-15 05:31:54  DEBUG     urllib3.connectionpool  https://books.google.com:443 "GET /books?jscmd=viewapi&bibkeys=OCLC%3A885473030 HTTP/1.1" 200 None
2026-08-15 05:31:54  DEBUG     urllib3.connectionpool  Starting new HTTPS connection (1): books.google.com:443
2026-08-15 05:31:54  DEBUG     urllib3.connectionpool  https://books.google.com:443 "GET /books?jscmd=viewapi&bibkeys=ISBN%3A2017004274 HTTP/1.1" 200 None
2026-08-15 05:31:54  DEBUG     urllib3.connectionpool  Starting new HTTPS connection (1): books.google.com:443
2026-08-15 05:31:54  DEBUG     urllib3.connectionpool  https://books.google.com:443 "GET /books?jscmd=viewapi&bibkeys=OCLC%3A979993504 HTTP/1.1" 200 None
2026-08-15 05:31:54  DEBUG     urllib3.connectionpool  Starting new HTTPS connection (1): books.google.com:443
2026-08-15 05:31:55  DEBUG     urllib3.connectionpool  https://books.google.com:443 "GET /books?jscmd=viewapi&bibkeys=OCLC%3A1470945617 HTTP/1.1" 200 None
2026-08-15 05:31:55  DEBUG     urllib3.connectionpool  Starting new HTTPS connection (1): api.themoviedb.org:443
2026-08-15 05:31:55  DEBUG     urllib3.connectionpool  https://api.themoviedb.org:443 "GET /3/search/multi?query=The+best+ten-minute+plays+2024+%2F+edited+by+Debbie+Lamedman.&api_key=0270b36dd719e939d079b611ba56fa7c HTTP/1.1" 200 None
2026-08-15 05:31:55  DEBUG     urllib3.connectionpool  Starting new HTTPS connection (1): books.google.com:443
2026-08-15 05:31:55  DEBUG     urllib3.connectionpool  https://books.google.com:443 "GET /books?jscmd=viewapi&bibkeys=ISBN%3A1034934884 HTTP/1.1" 200 None
2026-08-15 05:31:55  DEBUG     urllib3.connectionpool  Starting new HTTPS connection (1): books.google.com:443
2026-08-15 05:31:55  DEBUG     urllib3.connectionpool  https://books.google.com:443 "GET /books?jscmd=viewapi&bibkeys=OCLC%3A33947563 HTTP/1.1" 200 None
2026-08-15 05:31:55  DEBUG     urllib3.connectionpool  Starting new HTTPS connection (1): books.google.com:443
2026-08-15 05:31:55  DEBUG     urllib3.connectionpool  https://books.google.com:443 "GET /books?jscmd=viewapi&bibkeys=ISBN%3A1305012657 HTTP/1.1" 200 None
2026-08-15 05:31:55  DEBUG     urllib3.connectionpool  Starting new HTTPS connection (1): books.google.com:443
2026-08-15 05:31:55  DEBUG     urllib3.connectionpool  https://books.google.com:443 "GET /books?jscmd=viewapi&bibkeys=OCLC%3A1304816219 HTTP/1.1" 200 None
2026-08-15 05:31:56  DEBUG     urllib3.connectionpool  Starting new HTTPS connection (1): books.google.com:443
2026-08-15 05:31:56  DEBUG     urllib3.connectionpool  https://books.google.com:443 "GET /books?jscmd=viewapi&bibkeys=ISBN%3A2020005807 HTTP/1.1" 200 None
2026-08-15 05:31:56  DEBUG     urllib3.connectionpool  Starting new HTTPS connection (1): books.google.com:443
2026-08-15 05:31:56  DEBUG     urllib3.connectionpool  https://books.google.com:443 "GET /books?jscmd=viewapi&bibkeys=OCLC%3A1129778655 HTTP/1.1" 200 None
2026-08-15 05:31:56  DEBUG     urllib3.connectionpool  Starting new HTTPS connection (1): books.google.com:443
2026-08-15 05:31:57  DEBUG     urllib3.connectionpool  https://books.google.com:443 "GET /books?jscmd=viewapi&bibkeys=OCLC%3A1386701132 HTTP/1.1" 200 None
2026-08-15 05:31:57  DEBUG     urllib3.connectionpool  Starting new HTTPS connection (1): books.google.com:443
2026-08-15 05:31:57  DEBUG     urllib3.connectionpool  https://books.google.com:443 "GET /books?jscmd=viewapi&bibkeys=ISBN%3A2020032761 HTTP/1.1" 200 None
2026-08-15 05:31:57  DEBUG     urllib3.connectionpool  Starting new HTTPS connection (1): books.google.com:443
2026-08-15 05:31:57  DEBUG     urllib3.connectionpool  https://books.google.com:443 "GET /books?jscmd=viewapi&bibkeys=OCLC%3A1191456301 HTTP/1.1" 200 None
2026-08-15 05:31:57  DEBUG     urllib3.connectionpool  Starting new HTTPS connection (1): api.themoviedb.org:443
2026-08-15 05:31:57  DEBUG     urllib3.connectionpool  https://api.themoviedb.org:443 "GET /3/search/multi?query=Raising+the+eleventh+pillar+%3A+the+ratification+debate+of+1788+%2F+John+Patrick+Coby%2C+Smith+College.&api_key=0270b36dd719e939d079b611ba56fa7c HTTP/1.1" 200 None
2026-08-15 05:31:57  DEBUG     urllib3.connectionpool  Starting new HTTPS connection (1): books.google.com:443
2026-08-15 05:31:57  DEBUG     urllib3.connectionpool  https://books.google.com:443 "GET /books?jscmd=viewapi&bibkeys=OCLC%3A808924324 HTTP/1.1" 200 None
2026-08-15 05:31:57  DEBUG     urllib3.connectionpool  Starting new HTTPS connection (1): books.google.com:443
2026-08-15 05:31:57  DEBUG     urllib3.connectionpool  https://books.google.com:443 "GET /books?jscmd=viewapi&bibkeys=ISBN%3A2024044769 HTTP/1.1" 200 None
2026-08-15 05:31:57  DEBUG     urllib3.connectionpool  Starting new HTTPS connection (1): books.google.com:443
2026-08-15 05:31:57  DEBUG     urllib3.connectionpool  https://books.google.com:443 "GET /books?jscmd=viewapi&bibkeys=OCLC%3A1466097097 HTTP/1.1" 200 None
2026-08-15 05:31:57  DEBUG     urllib3.connectionpool  Starting new HTTPS connection (1): books.google.com:443
2026-08-15 05:31:57  DEBUG     urllib3.connectionpool  https://books.google.com:443 "GET /books?jscmd=viewapi&bibkeys=ISBN%3A1324103388 HTTP/1.1" 200 None
2026-08-15 05:31:57  DEBUG     urllib3.connectionpool  Starting new HTTPS connection (1): books.google.com:443
2026-08-15 05:31:58  DEBUG     urllib3.connectionpool  https://books.google.com:443 "GET /books?jscmd=viewapi&bibkeys=ISBN%3A0865164339 HTTP/1.1" 200 None
2026-08-15 05:31:58  DEBUG     urllib3.connectionpool  Starting new HTTPS connection (1): books.google.com:443
2026-08-15 05:31:58  DEBUG     urllib3.connectionpool  https://books.google.com:443 "GET /books?jscmd=viewapi&bibkeys=ISBN%3A1027309594 HTTP/1.1" 200 None
2026-08-15 05:31:58  DEBUG     urllib3.connectionpool  Starting new HTTPS connection (1): books.google.com:443
2026-08-15 05:31:58  DEBUG     urllib3.connectionpool  https://books.google.com:443 "GET /books?jscmd=viewapi&bibkeys=OCLC%3A40756376 HTTP/1.1" 200 None
2026-08-15 05:31:58  DEBUG     urllib3.connectionpool  Starting new HTTPS connection (1): books.google.com:443
2026-08-15 05:31:58  DEBUG     urllib3.connectionpool  https://books.google.com:443 "GET /books?jscmd=viewapi&bibkeys=OCLC%3A29792423 HTTP/1.1" 200 None
2026-08-15 05:31:58  DEBUG     urllib3.connectionpool  Starting new HTTPS connection (1): books.google.com:443
2026-08-15 05:31:58  DEBUG     urllib3.connectionpool  https://books.google.com:443 "GET /books?jscmd=viewapi&bibkeys=ISBN%3A1035417239 HTTP/1.1" 200 None
2026-08-15 05:31:58  DEBUG     urllib3.connectionpool  Starting new HTTPS connection (1): books.google.com:443
2026-08-15 05:31:58  DEBUG     urllib3.connectionpool  https://books.google.com:443 "GET /books?jscmd=viewapi&bibkeys=OCLC%3A40248681 HTTP/1.1" 200 None
2026-08-15 05:31:59  DEBUG     urllib3.connectionpool  Starting new HTTPS connection (1): books.google.com:443
2026-08-15 05:32:00  DEBUG     urllib3.connectionpool  https://books.google.com:443 "GET /books?jscmd=viewapi&bibkeys=ISBN%3A1138650170 HTTP/1.1" 200 None
2026-08-15 05:32:00  DEBUG     urllib3.connectionpool  Starting new HTTPS connection (1): books.google.com:443
2026-08-15 05:32:00  DEBUG     urllib3.connectionpool  https://books.google.com:443 "GET /books?jscmd=viewapi&bibkeys=OCLC%3A1129459894 HTTP/1.1" 200 None
2026-08-15 05:32:00  DEBUG     urllib3.connectionpool  Starting new HTTPS connection (1): books.google.com:443
2026-08-15 05:32:00  DEBUG     urllib3.connectionpool  https://books.google.com:443 "GET /books?jscmd=viewapi&bibkeys=ISBN%3A1154290773 HTTP/1.1" 200 None
2026-08-15 05:32:00  DEBUG     urllib3.connectionpool  Starting new HTTPS connection (1): books.google.com:443
2026-08-15 05:32:00  DEBUG     urllib3.connectionpool  https://books.google.com:443 "GET /books?jscmd=viewapi&bibkeys=OCLC%3A17482829 HTTP/1.1" 200 None
2026-08-15 05:32:00  DEBUG     urllib3.connectionpool  Starting new HTTPS connection (1): books.google.com:443
2026-08-15 05:32:00  DEBUG     urllib3.connectionpool  https://books.google.com:443 "GET /books?jscmd=viewapi&bibkeys=ISBN%3A2020051054 HTTP/1.1" 200 None
2026-08-15 05:32:00  DEBUG     urllib3.connectionpool  Starting new HTTPS connection (1): books.google.com:443
2026-08-15 05:32:00  DEBUG     urllib3.connectionpool  https://books.google.com:443 "GET /books?jscmd=viewapi&bibkeys=OCLC%3A1224043158 HTTP/1.1" 200 None
2026-08-15 05:32:00  DEBUG     urllib3.connectionpool  Starting new HTTPS connection (1): books.google.com:443
2026-08-15 05:32:00  DEBUG     urllib3.connectionpool  https://books.google.com:443 "GET /books?jscmd=viewapi&bibkeys=OCLC%3A898086843 HTTP/1.1" 200 None
2026-08-15 05:32:00  DEBUG     urllib3.connectionpool  Starting new HTTPS connection (1): books.google.com:443
2026-08-15 05:32:00  DEBUG     urllib3.connectionpool  https://books.google.com:443 "GET /books?jscmd=viewapi&bibkeys=OCLC%3A1412257855 HTTP/1.1" 200 None
2026-08-15 05:32:00  DEBUG     urllib3.connectionpool  Starting new HTTPS connection (1): books.google.com:443
2026-08-15 05:32:01  DEBUG     urllib3.connectionpool  https://books.google.com:443 "GET /books?jscmd=viewapi&bibkeys=ISBN%3A1255413457 HTTP/1.1" 200 None
2026-08-15 05:32:01  DEBUG     urllib3.connectionpool  Starting new HTTPS connection (1): books.google.com:443
2026-08-15 05:32:01  DEBUG     urllib3.connectionpool  https://books.google.com:443 "GET /books?jscmd=viewapi&bibkeys=OCLC%3A1057635605 HTTP/1.1" 200 None
2026-08-15 05:32:01  DEBUG     urllib3.connectionpool  Starting new HTTPS connection (1): books.google.com:443
2026-08-15 05:32:01  DEBUG     urllib3.connectionpool  https://books.google.com:443 "GET /books?jscmd=viewapi&bibkeys=OCLC%3A41302618 HTTP/1.1" 200 None
2026-08-15 05:32:01  DEBUG     urllib3.connectionpool  Starting new HTTPS connection (1): books.google.com:443
2026-08-15 05:32:01  DEBUG     urllib3.connectionpool  https://books.google.com:443 "GET /books?jscmd=viewapi&bibkeys=ISBN%3A2017299760 HTTP/1.1" 200 None
2026-08-15 05:32:01  DEBUG     urllib3.connectionpool  Starting new HTTPS connection (1): books.google.com:443
2026-08-15 05:32:01  DEBUG     urllib3.connectionpool  https://books.google.com:443 "GET /books?jscmd=viewapi&bibkeys=OCLC%3A962008670 HTTP/1.1" 200 None
2026-08-15 05:32:01  DEBUG     urllib3.connectionpool  Starting new HTTPS connection (1): books.google.com:443
2026-08-15 05:32:01  DEBUG     urllib3.connectionpool  https://books.google.com:443 "GET /books?jscmd=viewapi&bibkeys=ISBN%3A2020049221 HTTP/1.1" 200 None
2026-08-15 05:32:01  DEBUG     urllib3.connectionpool  Starting new HTTPS connection (1): books.google.com:443
2026-08-15 05:32:01  DEBUG     urllib3.connectionpool  https://books.google.com:443 "GET /books?jscmd=viewapi&bibkeys=OCLC%3A1201298698 HTTP/1.1" 200 None
2026-08-15 05:32:01  DEBUG     urllib3.connectionpool  Starting new HTTPS connection (1): books.google.com:443
2026-08-15 05:32:01  DEBUG     urllib3.connectionpool  https://books.google.com:443 "GET /books?jscmd=viewapi&bibkeys=ISBN%3A1165622189 HTTP/1.1" 200 None
2026-08-15 05:32:01  DEBUG     urllib3.connectionpool  Starting new HTTPS connection (1): books.google.com:443
2026-08-15 05:32:01  DEBUG     urllib3.connectionpool  https://books.google.com:443 "GET /books?jscmd=viewapi&bibkeys=OCLC%3A1140193062 HTTP/1.1" 200 None
2026-08-15 05:32:02  DEBUG     urllib3.connectionpool  Starting new HTTPS connection (1): books.google.com:443
2026-08-15 05:32:03  DEBUG     urllib3.connectionpool  https://books.google.com:443 "GET /books?jscmd=viewapi&bibkeys=ISBN%3A2021051253 HTTP/1.1" 200 None
2026-08-15 05:32:03  DEBUG     urllib3.connectionpool  Starting new HTTPS connection (1): books.google.com:443
2026-08-15 05:32:03  DEBUG     urllib3.connectionpool  https://books.google.com:443 "GET /books?jscmd=viewapi&bibkeys=OCLC%3A1287744960 HTTP/1.1" 200 None
2026-08-15 05:32:03  DEBUG     urllib3.connectionpool  Starting new HTTPS connection (1): books.google.com:443
2026-08-15 05:32:03  DEBUG     urllib3.connectionpool  https://books.google.com:443 "GET /books?jscmd=viewapi&bibkeys=ISBN%3A2020935500 HTTP/1.1" 200 None
2026-08-15 05:32:03  DEBUG     urllib3.connectionpool  Starting new HTTPS connection (1): books.google.com:443
2026-08-15 05:32:03  DEBUG     urllib3.connectionpool  https://books.google.com:443 "GET /books?jscmd=viewapi&bibkeys=OCLC%3A1235880188 HTTP/1.1" 200 None
2026-08-15 05:32:03  DEBUG     urllib3.connectionpool  Starting new HTTPS connection (1): books.google.com:443
2026-08-15 05:32:03  DEBUG     urllib3.connectionpool  https://books.google.com:443 "GET /books?jscmd=viewapi&bibkeys=ISBN%3A2022051892 HTTP/1.1" 200 None
2026-08-15 05:32:03  DEBUG     urllib3.connectionpool  Starting new HTTPS connection (1): books.google.com:443
2026-08-15 05:32:03  DEBUG     urllib3.connectionpool  https://books.google.com:443 "GET /books?jscmd=viewapi&bibkeys=OCLC%3A1313902762 HTTP/1.1" 200 None
2026-08-15 05:32:03  DEBUG     urllib3.connectionpool  Starting new HTTPS connection (1): api.themoviedb.org:443
2026-08-15 05:32:03  DEBUG     urllib3.connectionpool  https://api.themoviedb.org:443 "GET /3/search/multi?query=Building+honor+in+academics+%3A+case+studies+in+academic+integrity+%2F+Valerie+P.+Denney%2C+Camilla+J.+Roberts.&api_key=0270b36dd719e939d079b611ba56fa7c HTTP/1.1" 200 None
2026-08-15 05:32:03  DEBUG     urllib3.connectionpool  Starting new HTTPS connection (1): books.google.com:443
2026-08-15 05:32:03  DEBUG     urllib3.connectionpool  https://books.google.com:443 "GET /books?jscmd=viewapi&bibkeys=ISBN%3A2025046546 HTTP/1.1" 200 None
2026-08-15 05:32:03  DEBUG     urllib3.connectionpool  Starting new HTTPS connection (1): books.google.com:443
2026-08-15 05:32:03  DEBUG     urllib3.connectionpool  https://books.google.com:443 "GET /books?jscmd=viewapi&bibkeys=OCLC%3A1573155706 HTTP/1.1" 200 None
2026-08-15 05:32:03  DEBUG     urllib3.connectionpool  Starting new HTTPS connection (1): api.themoviedb.org:443
2026-08-15 05:32:04  DEBUG     urllib3.connectionpool  https://api.themoviedb.org:443 "GET /3/search/multi?query=The+games+that+computers+%28and+humans%29+play+%3A+a+non-technical+introduction+to+artificial+intelligence+%2F+Jonathan+Schaeffer.&api_key=0270b36dd719e939d079b611ba56fa7c HTTP/1.1" 200 None
2026-08-15 05:32:04  DEBUG     urllib3.connectionpool  Starting new HTTPS connection (1): books.google.com:443
2026-08-15 05:32:04  DEBUG     urllib3.connectionpool  https://books.google.com:443 "GET /books?jscmd=viewapi&bibkeys=ISBN%3A2019051714 HTTP/1.1" 200 None
2026-08-15 05:32:04  DEBUG     urllib3.connectionpool  Starting new HTTPS connection (1): books.google.com:443
2026-08-15 05:32:04  DEBUG     urllib3.connectionpool  https://books.google.com:443 "GET /books?jscmd=viewapi&bibkeys=OCLC%3A1119533085 HTTP/1.1" 200 None
2026-08-15 05:32:04  DEBUG     urllib3.connectionpool  Starting new HTTPS connection (1): books.google.com:443
2026-08-15 05:32:04  DEBUG     urllib3.connectionpool  https://books.google.com:443 "GET /books?jscmd=viewapi&bibkeys=ISBN%3A1591829470 HTTP/1.1" 200 None
2026-08-15 05:32:04  DEBUG     urllib3.connectionpool  Starting new HTTPS connection (1): books.google.com:443
2026-08-15 05:32:04  DEBUG     urllib3.connectionpool  https://books.google.com:443 "GET /books?jscmd=viewapi&bibkeys=OCLC%3A1551446380 HTTP/1.1" 200 None
2026-08-15 05:32:04  DEBUG     urllib3.connectionpool  Starting new HTTPS connection (1): books.google.com:443
2026-08-15 05:32:04  DEBUG     urllib3.connectionpool  https://books.google.com:443 "GET /books?jscmd=viewapi&bibkeys=ISBN%3A1523045339 HTTP/1.1" 200 None
2026-08-15 05:32:04  DEBUG     urllib3.connectionpool  Starting new HTTPS connection (1): books.google.com:443
2026-08-15 05:32:04  DEBUG     urllib3.connectionpool  https://books.google.com:443 "GET /books?jscmd=viewapi&bibkeys=OCLC%3A1574784009 HTTP/1.1" 200 None
2026-08-15 05:32:04  DEBUG     urllib3.connectionpool  Starting new HTTPS connection (1): books.google.com:443
2026-08-15 05:32:04  DEBUG     urllib3.connectionpool  https://books.google.com:443 "GET /books?jscmd=viewapi&bibkeys=ISBN%3A2024009783 HTTP/1.1" 200 None
2026-08-15 05:32:04  DEBUG     urllib3.connectionpool  Starting new HTTPS connection (1): books.google.com:443
2026-08-15 05:32:05  DEBUG     urllib3.connectionpool  https://books.google.com:443 "GET /books?jscmd=viewapi&bibkeys=OCLC%3A1425246958 HTTP/1.1" 200 None
2026-08-15 05:32:05  DEBUG     urllib3.connectionpool  Starting new HTTPS connection (1): books.google.com:443
2026-08-15 05:32:05  DEBUG     urllib3.connectionpool  https://books.google.com:443 "GET /books?jscmd=viewapi&bibkeys=ISBN%3A2025015767 HTTP/1.1" 200 None
2026-08-15 05:32:05  DEBUG     urllib3.connectionpool  Starting new HTTPS connection (1): books.google.com:443
2026-08-15 05:32:05  DEBUG     urllib3.connectionpool  https://books.google.com:443 "GET /books?jscmd=viewapi&bibkeys=OCLC%3A1552153923 HTTP/1.1" 200 None
2026-08-15 05:32:05  DEBUG     urllib3.connectionpool  Starting new HTTPS connection (1): books.google.com:443
2026-08-15 05:32:05  DEBUG     urllib3.connectionpool  https://books.google.com:443 "GET /books?jscmd=viewapi&bibkeys=ISBN%3A1064489040 HTTP/1.1" 200 None
2026-08-15 05:32:05  DEBUG     urllib3.connectionpool  Starting new HTTPS connection (1): books.google.com:443
2026-08-15 05:32:05  DEBUG     urllib3.connectionpool  https://books.google.com:443 "GET /books?jscmd=viewapi&bibkeys=OCLC%3A894900970 HTTP/1.1" 200 None
2026-08-15 05:32:06  DEBUG     urllib3.connectionpool  Starting new HTTPS connection (1): books.google.com:443
2026-08-15 05:32:06  DEBUG     urllib3.connectionpool  https://books.google.com:443 "GET /books?jscmd=viewapi&bibkeys=ISBN%3A2025029822 HTTP/1.1" 200 None
2026-08-15 05:32:06  DEBUG     urllib3.connectionpool  Starting new HTTPS connection (1): books.google.com:443
2026-08-15 05:32:06  DEBUG     urllib3.connectionpool  https://books.google.com:443 "GET /books?jscmd=viewapi&bibkeys=OCLC%3A1530056475 HTTP/1.1" 200 None
2026-08-15 05:32:06  DEBUG     urllib3.connectionpool  Starting new HTTPS connection (1): api.themoviedb.org:443
2026-08-15 05:32:06  DEBUG     urllib3.connectionpool  https://api.themoviedb.org:443 "GET /3/search/multi?query=Leadership+lessons+from+the+Jesuits+%3A+cura+apostolica+and+the+mission-driven+organization+%2F+Matthew+E.+Carnes%2C+SJ%2C+editor+%3B+afterword+by+Michael+J.+Garanzini%2C+SJ+and+Arturo+Sosa%2C+SJ.&api_key=0270b36dd719e939d079b611ba56fa7c HTTP/1.1" 200 None
2026-08-15 05:32:06  DEBUG     urllib3.connectionpool  Starting new HTTPS connection (1): books.google.com:443
2026-08-15 05:32:07  DEBUG     urllib3.connectionpool  https://books.google.com:443 "GET /books?jscmd=viewapi&bibkeys=ISBN%3A1805265695 HTTP/1.1" 200 None
2026-08-15 05:32:07  DEBUG     urllib3.connectionpool  Starting new HTTPS connection (1): books.google.com:443
2026-08-15 05:32:07  DEBUG     urllib3.connectionpool  https://books.google.com:443 "GET /books?jscmd=viewapi&bibkeys=ISBN%3A2024036105 HTTP/1.1" 200 None
2026-08-15 05:32:07  DEBUG     urllib3.connectionpool  Starting new HTTPS connection (1): books.google.com:443
2026-08-15 05:32:07  DEBUG     urllib3.connectionpool  https://books.google.com:443 "GET /books?jscmd=viewapi&bibkeys=OCLC%3A1440028218 HTTP/1.1" 200 None
2026-08-15 05:32:07  INFO      src.html_generator  HTML written to /home/runner/work/folio-new-books/folio-new-books/output/new-materials.html
2026-08-15 05:32:07  DEBUG     src.html_generator  Assets copied to output/assets
2026-08-15 05:32:07  DEBUG     src.html_generator  Item data written to output/data/items.json
2026-08-15 05:32:07  INFO      __main__  Done — 104 items written to output/new-materials.html (plus assets/ and data/items.json)
2026-08-16 05:34:33  INFO      __main__  ──────────────────────────────────────────────────────────────────────
2026-08-16 05:34:33  INFO      __main__  FOLIO New Materials — run starting 2026-08-16 05:34:33
2026-08-16 05:34:33  INFO      __main__  Config: config.ini
2026-08-16 05:34:33  INFO      __main__  Date range: 2026-05-18 → 2026-08-16
2026-08-16 05:34:33  DEBUG     src.folio_client  Orders query: ((receiptDate>="2026-05-18T00:00:00" and receiptDate<="2026-08-16T23:59:59") and receiptStatus=="Fully Received") sortby metadata.updatedDate/sort.descending
2026-08-16 05:34:33  DEBUG     urllib3.connectionpool  Starting new HTTPS connection (1): api-lemoyne.folio.ebsco.com:443
2026-08-16 05:34:34  DEBUG     urllib3.connectionpool  https://api-lemoyne.folio.ebsco.com:443 "POST /authn/login-with-expiry HTTP/1.1" 201 None
2026-08-16 05:34:34  INFO      src.folio_client  FOLIO authentication successful (token cached)
2026-08-16 05:34:34  DEBUG     urllib3.connectionpool  Starting new HTTPS connection (1): api-lemoyne.folio.ebsco.com:443
2026-08-16 05:34:34  DEBUG     urllib3.connectionpool  https://api-lemoyne.folio.ebsco.com:443 "GET /orders/order-lines?query=%28%28receiptDate%3E%3D%222026-05-18T00%3A00%3A00%22+and+receiptDate%3C%3D%222026-08-16T23%3A59%3A59%22%29+and+receiptStatus%3D%3D%22Fully+Received%22%29+sortby+metadata.updatedDate%2Fsort.descending&limit=200&offset=0 HTTP/1.1" 200 32937
2026-08-16 05:34:34  INFO      __main__  Retrieved 104 order lines
2026-08-16 05:34:35  DEBUG     urllib3.connectionpool  https://api-lemoyne.folio.ebsco.com:443 "GET /search/instances?query=%28id%3D%3D%2268a469c0-df1f-4dbe-8355-27d0a08e1137%22+or+id%3D%3D%224a90fd66-427a-47c4-bac7-08c9f2933a0c%22+or+id%3D%3D%22feedf627-b780-4db5-aabc-4a5d7866184b%22+or+id%3D%3D%22473a6b80-c167-402f-a960-f5251c23f1c4%22+or+id%3D%3D%2243be2c3b-daf2-4d0c-ad94-37b4a0844b37%22+or+id%3D%3D%22ad48aab2-19c8-4852-ab1f-a2b0fee61906%22+or+id%3D%3D%22a7839b0c-84ee-4c57-aa8b-bcc10c06f5ea%22+or+id%3D%3D%22cae3d197-eab8-43ef-b86b-d08b07946a61%22+or+id%3D%3D%2279fbb5c4-ccd9-4c59-9c0d-6900f8ca1641%22+or+id%3D%3D%22eea76be1-e65e-5b2c-a03d-2643d089d051%22+or+id%3D%3D%22d6c24703-e0ad-4426-bc57-6008471e6180%22+or+id%3D%3D%223e66bb17-7bc2-4e2e-b755-3b502e86faac%22+or+id%3D%3D%22c1af76d5-cb27-442b-802c-273353304071%22+or+id%3D%3D%222d236822-4f1a-4046-a809-1b0755b00dc1%22+or+id%3D%3D%2265d0f7c4-f8d2-45b4-a498-a9672b5a84d4%22+or+id%3D%3D%226051a792-421e-4b5b-8dae-3e0e3fcbdf65%22+or+id%3D%3D%221a97aad4-e5ae-497c-95ac-84f6f11a0a97%22+or+id%3D%3D%22a70b30bf-a34a-4353-83f4-9508c7aca75b%22+or+id%3D%3D%2218944ed6-e85b-4953-95cd-e1153b0f120e%22+or+id%3D%3D%221373dd9b-6148-43a1-8749-8f2d30609c58%22+or+id%3D%3D%2286c80696-0f9b-48d1-b5cb-b028ac4de3c4%22+or+id%3D%3D%22e6a9f53d-7e97-4a0c-b76b-c9f51e1d4532%22+or+id%3D%3D%22ce83cf95-cccb-4c9f-8a16-06e6f10bf099%22+or+id%3D%3D%2219707bc4-8830-4749-b0cb-03353ff98fcf%22+or+id%3D%3D%22c9ca2c1f-2ae2-5bf8-af0c-a129f69b5639%22+or+id%3D%3D%22fd1c9f3b-99d0-5d75-ae31-83350383e9fa%22+or+id%3D%3D%22036fa639-36cd-41e4-9664-02adba8395ad%22+or+id%3D%3D%22bbf45ff3-8e3a-4fc7-8a96-c4fdc21d59cc%22+or+id%3D%3D%22a758abc2-d7ea-4293-bfa9-2e20cb502a7c%22+or+id%3D%3D%2214157781-276e-4ab7-94af-e84e5efd2955%22+or+id%3D%3D%22054ab8f5-55c1-5458-8e9a-02ae739c91cd%22+or+id%3D%3D%22ed664865-7963-4d43-9305-dc8d18f0997e%22+or+id%3D%3D%22b2754740-252e-4985-b72d-dbf638e7cb31%22+or+id%3D%3D%224b11fd46-a48b-4cf4-adbc-b1465e25fc4c%22+or+id%3D%3D%22e4da304e-798f-4d1e-a512-bced28e50a1e%22+or+id%3D%3D%22ff1fb556-6c9e-50d0-beb5-125281389d8f%22+or+id%3D%3D%22ef87a4aa-3860-4d33-a406-212807eb342a%22+or+id%3D%3D%22ae4b384c-bcc6-47ab-81a6-566ea090502c%22+or+id%3D%3D%220e392e26-f166-4f62-8b95-8898da1f7f36%22+or+id%3D%3D%227550874b-2da9-4dc7-9e99-e4c218790f1a%22+or+id%3D%3D%22a50aca5b-9851-4268-9646-8806c3cd76c7%22+or+id%3D%3D%22ed4d7ba3-f047-42b8-8550-873be5bf5d30%22+or+id%3D%3D%22ef494b13-386e-4e46-8d27-5b7efda6bad5%22+or+id%3D%3D%2221aacd1e-1438-4ee7-bf0f-a2a1f80cdf61%22+or+id%3D%3D%22b13690f5-18ef-4baa-8ec1-63e349399e9e%22+or+id%3D%3D%223607de06-841a-452c-968a-aecddaa06018%22+or+id%3D%3D%22498e3d96-fb01-4706-9ea2-579f90e01800%22+or+id%3D%3D%2287518e5d-b3d8-509a-9cde-fb0f6ba16ecb%22+or+id%3D%3D%22ae6fed8b-eabe-4cc5-bf48-6b8bf6fc2497%22+or+id%3D%3D%2223650665-733f-4874-ab91-c3137d092de1%22%29&limit=50&expandAll=true HTTP/1.1" 200 None
2026-08-16 05:34:35  DEBUG     urllib3.connectionpool  https://api-lemoyne.folio.ebsco.com:443 "GET /search/instances?query=%28id%3D%3D%22c823c7f1-9b4b-4ebd-be33-a27201f4c22e%22+or+id%3D%3D%22adb3a199-0695-492d-b218-ad6b02b7a8f0%22+or+id%3D%3D%22605791de-aa54-49fe-865e-1e9da1ff5065%22+or+id%3D%3D%22cbd25b16-13ec-5314-8b39-e43d31e55fd5%22+or+id%3D%3D%22ead52c52-4885-4f13-9e05-d2c3bc732b67%22+or+id%3D%3D%22aab9fadf-4166-4e1a-a3d9-1671e0aaaede%22+or+id%3D%3D%22f0e478e3-b0b1-4e46-ae4d-1a1ac268e0df%22+or+id%3D%3D%2237a91cb2-edb1-50b3-81e7-461a8043dd21%22+or+id%3D%3D%225f179ff1-e8a8-491d-8885-ea7a887409c7%22+or+id%3D%3D%2215ec25be-13ce-49b6-984a-04a4ca9ad546%22+or+id%3D%3D%22d6765922-19a7-448a-a148-67bdfe898820%22+or+id%3D%3D%22f36628f9-408d-4cfe-b52f-368ebc215071%22+or+id%3D%3D%223a33ce5f-ee58-466a-968f-bee361f30e00%22+or+id%3D%3D%227d637bac-29b8-4e0b-b347-61c8e8bc3f00%22+or+id%3D%3D%22e636f130-49e6-4b98-82be-360c59c91621%22+or+id%3D%3D%22524068c8-e8b7-49cd-a885-160238b928eb%22+or+id%3D%3D%22e291a0ae-09df-4842-baa3-e124870c3de4%22+or+id%3D%3D%22df6d79d0-6a34-4eba-b617-2654cb7093aa%22+or+id%3D%3D%223577a7ea-8742-4b59-b95f-e5edbdf57b9e%22+or+id%3D%3D%22aff4110c-3073-56ac-8201-06af79a18435%22+or+id%3D%3D%22b0ee4622-984d-4b04-a813-c92dccf6c3d7%22+or+id%3D%3D%22b2bb0f44-62b8-4cdd-950b-2df23576f2ac%22+or+id%3D%3D%22a444eeea-18da-4ea9-8d5b-b2453ad840af%22+or+id%3D%3D%22f95dbbc4-4722-44a4-b6d8-4fc76c816048%22+or+id%3D%3D%2275d1243f-4965-4c7f-9871-0a1561e72626%22+or+id%3D%3D%2275625d39-31e4-48e5-a76f-e387cf606a3f%22+or+id%3D%3D%2212bdf8ff-7909-488d-9f0a-78c14e67c7b3%22+or+id%3D%3D%223c5be1cb-7263-4b8a-9a9a-26f03858b7a1%22+or+id%3D%3D%22ae38c530-fe24-472f-8423-117f12508df6%22+or+id%3D%3D%22d53831bc-dfa4-4dd8-9b93-b9cb7e4b89c3%22+or+id%3D%3D%221fc62f97-d8b4-570b-93b2-db2d38fbf8af%22+or+id%3D%3D%2265dd071d-a3f7-41a2-b4f8-fa4e80b59196%22+or+id%3D%3D%22f8b0f741-7c0f-5ac5-ad8c-478966dd81c2%22+or+id%3D%3D%222b2f5589-e82a-445c-8201-43ac081cd0dc%22+or+id%3D%3D%22353d2bb6-c4ab-49a1-bb09-c94a92d997a6%22+or+id%3D%3D%228eca126b-64ae-4705-9bb3-7a2027707eaf%22+or+id%3D%3D%225c5f1c4f-92d0-46ee-b964-dbd77dcf895d%22+or+id%3D%3D%2268fd632e-79c3-4ddd-8a02-621a9b19a567%22+or+id%3D%3D%22609a0b37-f12f-4eb6-8876-04f0965e8a9e%22+or+id%3D%3D%22dad5200b-4c52-4cdc-83ea-6bd5444d2b0c%22+or+id%3D%3D%22f3ba5444-cb7a-43f6-84f8-55a980e9d8a0%22+or+id%3D%3D%22ea92c0dc-9cb2-4ff3-b97c-e4190faf2a8d%22+or+id%3D%3D%22886c190e-993b-579f-9db2-b7d68e57a922%22+or+id%3D%3D%22432435ea-7677-4e22-92f6-63807b7d08dc%22+or+id%3D%3D%221697fc1e-bfa0-5862-97cd-b29fa469adbc%22+or+id%3D%3D%22adab5ea0-0f85-4e69-a35c-2fa12c6c2d4a%22+or+id%3D%3D%22c6cf09ce-d6c6-5c0a-83b7-deb514a912d0%22+or+id%3D%3D%2257c00041-77e4-4cd8-8b7b-6ff2527387b5%22+or+id%3D%3D%229bba34cd-a718-41b6-83a4-417d55872666%22+or+id%3D%3D%22affff187-c9fd-5010-859d-199063698fa4%22%29&limit=50&expandAll=true HTTP/1.1" 200 None
2026-08-16 05:34:35  DEBUG     urllib3.connectionpool  https://api-lemoyne.folio.ebsco.com:443 "GET /search/instances?query=%28id%3D%3D%223d7f621c-d301-42ed-b8df-d73c423c04eb%22+or+id%3D%3D%22e4a69f24-5c02-4341-b991-9bdff36a73e6%22+or+id%3D%3D%224239356f-c5ff-4f80-8294-74313d748e37%22+or+id%3D%3D%221622aa2f-7dbc-4991-90ee-05436550a362%22%29&limit=4&expandAll=true HTTP/1.1" 200 None
2026-08-16 05:34:35  INFO      __main__  Fetched details for 104 instances
2026-08-16 05:34:35  DEBUG     urllib3.connectionpool  https://api-lemoyne.folio.ebsco.com:443 "GET /material-types?limit=500 HTTP/1.1" 200 1291
2026-08-16 05:34:35  INFO      __main__  Discovered 23 material types from FOLIO
2026-08-16 05:34:35  DEBUG     urllib3.connectionpool  https://api-lemoyne.folio.ebsco.com:443 "GET /locations?limit=1000 HTTP/1.1" 200 2498
2026-08-16 05:34:35  INFO      __main__  Loaded 33 location definitions
2026-08-16 05:34:35  INFO      __main__  Fetching cover images for 104 items …
2026-08-16 05:34:35  DEBUG     urllib3.connectionpool  Starting new HTTPS connection (1): books.google.com:443
2026-08-16 05:34:35  DEBUG     urllib3.connectionpool  https://books.google.com:443 "GET /books?jscmd=viewapi&bibkeys=ISBN%3A2026003056 HTTP/1.1" 200 None
2026-08-16 05:34:35  DEBUG     urllib3.connectionpool  Starting new HTTPS connection (1): books.google.com:443
2026-08-16 05:34:35  DEBUG     urllib3.connectionpool  https://books.google.com:443 "GET /books?jscmd=viewapi&bibkeys=OCLC%3A1570483056 HTTP/1.1" 200 None
2026-08-16 05:34:35  DEBUG     urllib3.connectionpool  Starting new HTTPS connection (1): books.google.com:443
2026-08-16 05:34:35  DEBUG     urllib3.connectionpool  https://books.google.com:443 "GET /books?jscmd=viewapi&bibkeys=ISBN%3A9798888905005 HTTP/1.1" 200 None
2026-08-16 05:34:35  DEBUG     urllib3.connectionpool  Starting new HTTPS connection (1): books.google.com:443
2026-08-16 05:34:36  DEBUG     urllib3.connectionpool  https://books.google.com:443 "GET /books?jscmd=viewapi&bibkeys=OCLC%3A1082149225 HTTP/1.1" 200 None
2026-08-16 05:34:36  DEBUG     urllib3.connectionpool  Starting new HTTPS connection (1): books.google.com:443
2026-08-16 05:34:36  DEBUG     urllib3.connectionpool  https://books.google.com:443 "GET /books?jscmd=viewapi&bibkeys=ISBN%3A2024943389 HTTP/1.1" 200 None
2026-08-16 05:34:36  DEBUG     urllib3.connectionpool  Starting new HTTPS connection (1): books.google.com:443
2026-08-16 05:34:36  DEBUG     urllib3.connectionpool  https://books.google.com:443 "GET /books?jscmd=viewapi&bibkeys=OCLC%3A1509695237 HTTP/1.1" 200 None
2026-08-16 05:34:36  DEBUG     urllib3.connectionpool  Starting new HTTPS connection (1): books.google.com:443
2026-08-16 05:34:36  DEBUG     urllib3.connectionpool  https://books.google.com:443 "GET /books?jscmd=viewapi&bibkeys=ISBN%3A9780925776228 HTTP/1.1" 200 None
2026-08-16 05:34:36  DEBUG     urllib3.connectionpool  Starting new HTTPS connection (1): books.google.com:443
2026-08-16 05:34:36  DEBUG     urllib3.connectionpool  https://books.google.com:443 "GET /books?jscmd=viewapi&bibkeys=ISBN%3A2024012516 HTTP/1.1" 200 None
2026-08-16 05:34:36  DEBUG     urllib3.connectionpool  Starting new HTTPS connection (1): books.google.com:443
2026-08-16 05:34:36  DEBUG     urllib3.connectionpool  https://books.google.com:443 "GET /books?jscmd=viewapi&bibkeys=OCLC%3A1417469967 HTTP/1.1" 200 None
2026-08-16 05:34:36  DEBUG     urllib3.connectionpool  Starting new HTTPS connection (1): books.google.com:443
2026-08-16 05:34:36  DEBUG     urllib3.connectionpool  https://books.google.com:443 "GET /books?jscmd=viewapi&bibkeys=ISBN%3A2022000906 HTTP/1.1" 200 None
2026-08-16 05:34:36  DEBUG     urllib3.connectionpool  Starting new HTTPS connection (1): books.google.com:443
2026-08-16 05:34:36  DEBUG     urllib3.connectionpool  https://books.google.com:443 "GET /books?jscmd=viewapi&bibkeys=OCLC%3A1302331379 HTTP/1.1" 200 None
2026-08-16 05:34:36  DEBUG     urllib3.connectionpool  Starting new HTTPS connection (1): api.themoviedb.org:443
2026-08-16 05:34:36  DEBUG     urllib3.connectionpool  https://api.themoviedb.org:443 "GET /3/search/multi?query=Gender+and+sexuality+in+the+classroom+%3A+an+educator%27s+guide+%2F+Marni+Brown%2C+Baker+A.+Rogers%2C+and+Martha+Caldwell.&api_key=0270b36dd719e939d079b611ba56fa7c HTTP/1.1" 200 None
2026-08-16 05:34:36  DEBUG     urllib3.connectionpool  Starting new HTTPS connection (1): books.google.com:443
2026-08-16 05:34:36  DEBUG     urllib3.connectionpool  https://books.google.com:443 "GET /books?jscmd=viewapi&bibkeys=ISBN%3A2024016523 HTTP/1.1" 200 None
2026-08-16 05:34:36  DEBUG     urllib3.connectionpool  Starting new HTTPS connection (1): books.google.com:443
2026-08-16 05:34:37  DEBUG     urllib3.connectionpool  https://books.google.com:443 "GET /books?jscmd=viewapi&bibkeys=OCLC%3A1437997463 HTTP/1.1" 200 None
2026-08-16 05:34:37  DEBUG     urllib3.connectionpool  Starting new HTTPS connection (1): books.google.com:443
2026-08-16 05:34:37  DEBUG     urllib3.connectionpool  https://books.google.com:443 "GET /books?jscmd=viewapi&bibkeys=ISBN%3A0063511630 HTTP/1.1" 200 None
2026-08-16 05:34:37  DEBUG     urllib3.connectionpool  Starting new HTTPS connection (1): books.google.com:443
2026-08-16 05:34:37  DEBUG     urllib3.connectionpool  https://books.google.com:443 "GET /books?jscmd=viewapi&bibkeys=ISBN%3A2025054230 HTTP/1.1" 200 None
2026-08-16 05:34:37  DEBUG     urllib3.connectionpool  Starting new HTTPS connection (1): books.google.com:443
2026-08-16 05:34:37  DEBUG     urllib3.connectionpool  https://books.google.com:443 "GET /books?jscmd=viewapi&bibkeys=OCLC%3A1520908122 HTTP/1.1" 200 None
2026-08-16 05:34:37  DEBUG     urllib3.connectionpool  Starting new HTTPS connection (1): books.google.com:443
2026-08-16 05:34:37  DEBUG     urllib3.connectionpool  https://books.google.com:443 "GET /books?jscmd=viewapi&bibkeys=ISBN%3A2021050502 HTTP/1.1" 200 None
2026-08-16 05:34:37  DEBUG     urllib3.connectionpool  Starting new HTTPS connection (1): books.google.com:443
2026-08-16 05:34:37  DEBUG     urllib3.connectionpool  https://books.google.com:443 "GET /books?jscmd=viewapi&bibkeys=OCLC%3A1288666177 HTTP/1.1" 200 None
2026-08-16 05:34:38  DEBUG     urllib3.connectionpool  Starting new HTTPS connection (1): books.google.com:443
2026-08-16 05:34:38  DEBUG     urllib3.connectionpool  https://books.google.com:443 "GET /books?jscmd=viewapi&bibkeys=ISBN%3A2017303895 HTTP/1.1" 200 None
2026-08-16 05:34:38  DEBUG     urllib3.connectionpool  Starting new HTTPS connection (1): books.google.com:443
2026-08-16 05:34:38  DEBUG     urllib3.connectionpool  https://books.google.com:443 "GET /books?jscmd=viewapi&bibkeys=OCLC%3A952789649 HTTP/1.1" 200 None
2026-08-16 05:34:38  DEBUG     urllib3.connectionpool  Starting new HTTPS connection (1): books.google.com:443
2026-08-16 05:34:38  DEBUG     urllib3.connectionpool  https://books.google.com:443 "GET /books?jscmd=viewapi&bibkeys=ISBN%3A1586921767 HTTP/1.1" 200 None
2026-08-16 05:34:38  DEBUG     urllib3.connectionpool  Starting new HTTPS connection (1): books.google.com:443
2026-08-16 05:34:39  DEBUG     urllib3.connectionpool  https://books.google.com:443 "GET /books?jscmd=viewapi&bibkeys=OCLC%3A1579017246 HTTP/1.1" 200 None
2026-08-16 05:34:39  DEBUG     urllib3.connectionpool  Starting new HTTPS connection (1): books.google.com:443
2026-08-16 05:34:39  DEBUG     urllib3.connectionpool  https://books.google.com:443 "GET /books?jscmd=viewapi&bibkeys=ISBN%3A2014949011 HTTP/1.1" 200 None
2026-08-16 05:34:39  DEBUG     urllib3.connectionpool  Starting new HTTPS connection (1): books.google.com:443
2026-08-16 05:34:39  DEBUG     urllib3.connectionpool  https://books.google.com:443 "GET /books?jscmd=viewapi&bibkeys=OCLC%3A898088225 HTTP/1.1" 200 None
2026-08-16 05:34:39  DEBUG     urllib3.connectionpool  Starting new HTTPS connection (1): books.google.com:443
2026-08-16 05:34:39  DEBUG     urllib3.connectionpool  https://books.google.com:443 "GET /books?jscmd=viewapi&bibkeys=ISBN%3A2025006793 HTTP/1.1" 200 None
2026-08-16 05:34:39  DEBUG     urllib3.connectionpool  Starting new HTTPS connection (1): books.google.com:443
2026-08-16 05:34:39  DEBUG     urllib3.connectionpool  https://books.google.com:443 "GET /books?jscmd=viewapi&bibkeys=OCLC%3A1500217614 HTTP/1.1" 200 None
2026-08-16 05:34:39  DEBUG     urllib3.connectionpool  Starting new HTTPS connection (1): books.google.com:443
2026-08-16 05:34:39  DEBUG     urllib3.connectionpool  https://books.google.com:443 "GET /books?jscmd=viewapi&bibkeys=ISBN%3A2018030408 HTTP/1.1" 200 None
2026-08-16 05:34:39  DEBUG     urllib3.connectionpool  Starting new HTTPS connection (1): books.google.com:443
2026-08-16 05:34:39  DEBUG     urllib3.connectionpool  https://books.google.com:443 "GET /books?jscmd=viewapi&bibkeys=OCLC%3A1043051113 HTTP/1.1" 200 None
2026-08-16 05:34:39  DEBUG     urllib3.connectionpool  Starting new HTTPS connection (1): books.google.com:443
2026-08-16 05:34:39  DEBUG     urllib3.connectionpool  https://books.google.com:443 "GET /books?jscmd=viewapi&bibkeys=ISBN%3A2026016846 HTTP/1.1" 200 None
2026-08-16 05:34:39  DEBUG     urllib3.connectionpool  Starting new HTTPS connection (1): books.google.com:443
2026-08-16 05:34:39  DEBUG     urllib3.connectionpool  https://books.google.com:443 "GET /books?jscmd=viewapi&bibkeys=OCLC%3A1570754080 HTTP/1.1" 200 None
2026-08-16 05:34:39  DEBUG     urllib3.connectionpool  Starting new HTTPS connection (1): api.themoviedb.org:443
2026-08-16 05:34:40  DEBUG     urllib3.connectionpool  https://api.themoviedb.org:443 "GET /3/search/multi?query=Creating+generative+AI+policies+%3A+a+guide+for+public+and+academic+libraries+%2F+Robin+Hastings.&api_key=0270b36dd719e939d079b611ba56fa7c HTTP/1.1" 200 None
2026-08-16 05:34:40  DEBUG     urllib3.connectionpool  Starting new HTTPS connection (1): books.google.com:443
2026-08-16 05:34:40  DEBUG     urllib3.connectionpool  https://books.google.com:443 "GET /books?jscmd=viewapi&bibkeys=ISBN%3A2021016303 HTTP/1.1" 200 None
2026-08-16 05:34:40  DEBUG     urllib3.connectionpool  Starting new HTTPS connection (1): books.google.com:443
2026-08-16 05:34:40  DEBUG     urllib3.connectionpool  https://books.google.com:443 "GET /books?jscmd=viewapi&bibkeys=OCLC%3A1240576417 HTTP/1.1" 200 None
2026-08-16 05:34:40  DEBUG     urllib3.connectionpool  Starting new HTTPS connection (1): books.google.com:443
2026-08-16 05:34:40  DEBUG     urllib3.connectionpool  https://books.google.com:443 "GET /books?jscmd=viewapi&bibkeys=ISBN%3A2021924408 HTTP/1.1" 200 None
2026-08-16 05:34:40  DEBUG     urllib3.connectionpool  Starting new HTTPS connection (1): books.google.com:443
2026-08-16 05:34:40  DEBUG     urllib3.connectionpool  https://books.google.com:443 "GET /books?jscmd=viewapi&bibkeys=OCLC%3A1282601295 HTTP/1.1" 200 None
2026-08-16 05:34:40  DEBUG     urllib3.connectionpool  Starting new HTTPS connection (1): books.google.com:443
2026-08-16 05:34:40  DEBUG     urllib3.connectionpool  https://books.google.com:443 "GET /books?jscmd=viewapi&bibkeys=OCLC%3A1518186166 HTTP/1.1" 200 None
2026-08-16 05:34:40  DEBUG     urllib3.connectionpool  Starting new HTTPS connection (1): books.google.com:443
2026-08-16 05:34:40  DEBUG     urllib3.connectionpool  https://books.google.com:443 "GET /books?jscmd=viewapi&bibkeys=ISBN%3A2025000127 HTTP/1.1" 200 None
2026-08-16 05:34:40  DEBUG     urllib3.connectionpool  Starting new HTTPS connection (1): books.google.com:443
2026-08-16 05:34:40  DEBUG     urllib3.connectionpool  https://books.google.com:443 "GET /books?jscmd=viewapi&bibkeys=OCLC%3A1514598684 HTTP/1.1" 200 None
2026-08-16 05:34:41  DEBUG     urllib3.connectionpool  Starting new HTTPS connection (1): books.google.com:443
2026-08-16 05:34:41  DEBUG     urllib3.connectionpool  https://books.google.com:443 "GET /books?jscmd=viewapi&bibkeys=ISBN%3A2023054363 HTTP/1.1" 200 None
2026-08-16 05:34:41  DEBUG     urllib3.connectionpool  Starting new HTTPS connection (1): books.google.com:443
2026-08-16 05:34:42  DEBUG     urllib3.connectionpool  https://books.google.com:443 "GET /books?jscmd=viewapi&bibkeys=OCLC%3A1415240396 HTTP/1.1" 200 None
2026-08-16 05:34:42  DEBUG     urllib3.connectionpool  Starting new HTTPS connection (1): books.google.com:443
2026-08-16 05:34:42  DEBUG     urllib3.connectionpool  https://books.google.com:443 "GET /books?jscmd=viewapi&bibkeys=ISBN%3A2023049476 HTTP/1.1" 200 None
2026-08-16 05:34:42  DEBUG     urllib3.connectionpool  Starting new HTTPS connection (1): books.google.com:443
2026-08-16 05:34:42  DEBUG     urllib3.connectionpool  https://books.google.com:443 "GET /books?jscmd=viewapi&bibkeys=OCLC%3A1408648878 HTTP/1.1" 200 None
2026-08-16 05:34:42  DEBUG     urllib3.connectionpool  Starting new HTTPS connection (1): books.google.com:443
2026-08-16 05:34:42  DEBUG     urllib3.connectionpool  https://books.google.com:443 "GET /books?jscmd=viewapi&bibkeys=OCLC%3A1521909326 HTTP/1.1" 200 None
2026-08-16 05:34:42  DEBUG     urllib3.connectionpool  Starting new HTTPS connection (1): api.themoviedb.org:443
2026-08-16 05:34:42  DEBUG     urllib3.connectionpool  https://api.themoviedb.org:443 "GET /3/search/multi?query=Thinking+AI+%3A+how+artificial+intelligence+emulates+human+understanding+%2F+John+MacCormick.&api_key=0270b36dd719e939d079b611ba56fa7c HTTP/1.1" 200 None
2026-08-16 05:34:42  DEBUG     urllib3.connectionpool  Starting new HTTPS connection (1): books.google.com:443
2026-08-16 05:34:42  DEBUG     urllib3.connectionpool  https://books.google.com:443 "GET /books?jscmd=viewapi&bibkeys=ISBN%3A2024059990 HTTP/1.1" 200 None
2026-08-16 05:34:42  DEBUG     urllib3.connectionpool  Starting new HTTPS connection (1): books.google.com:443
2026-08-16 05:34:42  DEBUG     urllib3.connectionpool  https://books.google.com:443 "GET /books?jscmd=viewapi&bibkeys=OCLC%3A1453071132 HTTP/1.1" 200 None
2026-08-16 05:34:42  DEBUG     urllib3.connectionpool  Starting new HTTPS connection (1): books.google.com:443
2026-08-16 05:34:42  DEBUG     urllib3.connectionpool  https://books.google.com:443 "GET /books?jscmd=viewapi&bibkeys=ISBN%3A2025016685 HTTP/1.1" 200 None
2026-08-16 05:34:42  DEBUG     urllib3.connectionpool  Starting new HTTPS connection (1): books.google.com:443
2026-08-16 05:34:42  DEBUG     urllib3.connectionpool  https://books.google.com:443 "GET /books?jscmd=viewapi&bibkeys=OCLC%3A1506131444 HTTP/1.1" 200 None
2026-08-16 05:34:42  DEBUG     urllib3.connectionpool  Starting new HTTPS connection (1): books.google.com:443
2026-08-16 05:34:42  DEBUG     urllib3.connectionpool  https://books.google.com:443 "GET /books?jscmd=viewapi&bibkeys=OCLC%3A1529593781 HTTP/1.1" 200 None
2026-08-16 05:34:42  DEBUG     urllib3.connectionpool  Starting new HTTPS connection (1): api.themoviedb.org:443
2026-08-16 05:34:43  DEBUG     urllib3.connectionpool  https://api.themoviedb.org:443 "GET /3/search/multi?query=Beyond+belief+%3A+how+evidence+shows+what+really+works+%2F+Helen+Pearson.&api_key=0270b36dd719e939d079b611ba56fa7c HTTP/1.1" 200 None
2026-08-16 05:34:43  DEBUG     urllib3.connectionpool  Starting new HTTPS connection (1): books.google.com:443
2026-08-16 05:34:43  DEBUG     urllib3.connectionpool  https://books.google.com:443 "GET /books?jscmd=viewapi&bibkeys=ISBN%3A2025936081 HTTP/1.1" 200 None
2026-08-16 05:34:43  DEBUG     urllib3.connectionpool  Starting new HTTPS connection (1): books.google.com:443
2026-08-16 05:34:43  DEBUG     urllib3.connectionpool  https://books.google.com:443 "GET /books?jscmd=viewapi&bibkeys=OCLC%3A1472919691 HTTP/1.1" 200 None
2026-08-16 05:34:43  DEBUG     urllib3.connectionpool  Starting new HTTPS connection (1): books.google.com:443
2026-08-16 05:34:43  DEBUG     urllib3.connectionpool  https://books.google.com:443 "GET /books?jscmd=viewapi&bibkeys=ISBN%3A2016021462 HTTP/1.1" 200 None
2026-08-16 05:34:43  DEBUG     urllib3.connectionpool  Starting new HTTPS connection (1): books.google.com:443
2026-08-16 05:34:43  DEBUG     urllib3.connectionpool  https://books.google.com:443 "GET /books?jscmd=viewapi&bibkeys=OCLC%3A949669599 HTTP/1.1" 200 None
2026-08-16 05:34:43  DEBUG     urllib3.connectionpool  Starting new HTTPS connection (1): books.google.com:443
2026-08-16 05:34:43  DEBUG     urllib3.connectionpool  https://books.google.com:443 "GET /books?jscmd=viewapi&bibkeys=ISBN%3A1296905252 HTTP/1.1" 200 None
2026-08-16 05:34:43  DEBUG     urllib3.connectionpool  Starting new HTTPS connection (1): books.google.com:443
2026-08-16 05:34:43  DEBUG     urllib3.connectionpool  https://books.google.com:443 "GET /books?jscmd=viewapi&bibkeys=OCLC%3A932001597 HTTP/1.1" 200 None
2026-08-16 05:34:43  DEBUG     urllib3.connectionpool  Starting new HTTPS connection (1): books.google.com:443
2026-08-16 05:34:43  DEBUG     urllib3.connectionpool  https://books.google.com:443 "GET /books?jscmd=viewapi&bibkeys=OCLC%3A1592965230 HTTP/1.1" 200 None
2026-08-16 05:34:43  DEBUG     urllib3.connectionpool  Starting new HTTPS connection (1): api.themoviedb.org:443
2026-08-16 05:34:43  DEBUG     urllib3.connectionpool  https://api.themoviedb.org:443 "GET /3/search/multi?query=80%2C000+hours+%3A+how+to+have+a+fulfilling+career+that+does+good+%2F+Benjamin+Todd.&api_key=0270b36dd719e939d079b611ba56fa7c HTTP/1.1" 200 None
2026-08-16 05:34:44  DEBUG     urllib3.connectionpool  Starting new HTTPS connection (1): books.google.com:443
2026-08-16 05:34:45  DEBUG     urllib3.connectionpool  https://books.google.com:443 "GET /books?jscmd=viewapi&bibkeys=ISBN%3A2020027770 HTTP/1.1" 200 None
2026-08-16 05:34:45  DEBUG     urllib3.connectionpool  Starting new HTTPS connection (1): books.google.com:443
2026-08-16 05:34:45  DEBUG     urllib3.connectionpool  https://books.google.com:443 "GET /books?jscmd=viewapi&bibkeys=OCLC%3A1151497573 HTTP/1.1" 200 None
2026-08-16 05:34:45  DEBUG     urllib3.connectionpool  Starting new HTTPS connection (1): books.google.com:443
2026-08-16 05:34:45  DEBUG     urllib3.connectionpool  https://books.google.com:443 "GET /books?jscmd=viewapi&bibkeys=ISBN%3A2021050092 HTTP/1.1" 200 None
2026-08-16 05:34:45  DEBUG     urllib3.connectionpool  Starting new HTTPS connection (1): books.google.com:443
2026-08-16 05:34:45  DEBUG     urllib3.connectionpool  https://books.google.com:443 "GET /books?jscmd=viewapi&bibkeys=OCLC%3A1285577176 HTTP/1.1" 200 None
2026-08-16 05:34:45  DEBUG     urllib3.connectionpool  Starting new HTTPS connection (1): books.google.com:443
2026-08-16 05:34:45  DEBUG     urllib3.connectionpool  https://books.google.com:443 "GET /books?jscmd=viewapi&bibkeys=ISBN%3A2020041583 HTTP/1.1" 200 None
2026-08-16 05:34:45  DEBUG     urllib3.connectionpool  Starting new HTTPS connection (1): books.google.com:443
2026-08-16 05:34:45  DEBUG     urllib3.connectionpool  https://books.google.com:443 "GET /books?jscmd=viewapi&bibkeys=OCLC%3A1196821778 HTTP/1.1" 200 None
2026-08-16 05:34:45  DEBUG     urllib3.connectionpool  Starting new HTTPS connection (1): books.google.com:443
2026-08-16 05:34:45  DEBUG     urllib3.connectionpool  https://books.google.com:443 "GET /books?jscmd=viewapi&bibkeys=ISBN%3A1311283879 HTTP/1.1" 200 None
2026-08-16 05:34:45  DEBUG     urllib3.connectionpool  Starting new HTTPS connection (1): books.google.com:443
2026-08-16 05:34:45  DEBUG     urllib3.connectionpool  https://books.google.com:443 "GET /books?jscmd=viewapi&bibkeys=OCLC%3A1259046336 HTTP/1.1" 200 None
2026-08-16 05:34:45  DEBUG     urllib3.connectionpool  Starting new HTTPS connection (1): books.google.com:443
2026-08-16 05:34:45  DEBUG     urllib3.connectionpool  https://books.google.com:443 "GET /books?jscmd=viewapi&bibkeys=ISBN%3A2024012575 HTTP/1.1" 200 None
2026-08-16 05:34:45  DEBUG     urllib3.connectionpool  Starting new HTTPS connection (1): books.google.com:443
2026-08-16 05:34:45  DEBUG     urllib3.connectionpool  https://books.google.com:443 "GET /books?jscmd=viewapi&bibkeys=OCLC%3A1420449549 HTTP/1.1" 200 None
2026-08-16 05:34:45  DEBUG     urllib3.connectionpool  Starting new HTTPS connection (1): books.google.com:443
2026-08-16 05:34:46  DEBUG     urllib3.connectionpool  https://books.google.com:443 "GET /books?jscmd=viewapi&bibkeys=ISBN%3A2025051097 HTTP/1.1" 200 None
2026-08-16 05:34:46  DEBUG     urllib3.connectionpool  Starting new HTTPS connection (1): books.google.com:443
2026-08-16 05:34:46  DEBUG     urllib3.connectionpool  https://books.google.com:443 "GET /books?jscmd=viewapi&bibkeys=OCLC%3A1541909718 HTTP/1.1" 200 None
2026-08-16 05:34:46  DEBUG     urllib3.connectionpool  Starting new HTTPS connection (1): api.themoviedb.org:443
2026-08-16 05:34:46  DEBUG     urllib3.connectionpool  https://api.themoviedb.org:443 "GET /3/search/multi?query=Sally+Rooney+%3A+perspectives+and+approaches+%2F+edited+by+Ellen+Scheible+and+Barry+Devine+%3B+Foreword+by+Claire+Bracken.&api_key=0270b36dd719e939d079b611ba56fa7c HTTP/1.1" 200 None
2026-08-16 05:34:46  DEBUG     urllib3.connectionpool  Starting new HTTPS connection (1): books.google.com:443
2026-08-16 05:34:46  DEBUG     urllib3.connectionpool  https://books.google.com:443 "GET /books?jscmd=viewapi&bibkeys=ISBN%3A2026016366 HTTP/1.1" 200 None
2026-08-16 05:34:46  DEBUG     urllib3.connectionpool  Starting new HTTPS connection (1): books.google.com:443
2026-08-16 05:34:46  DEBUG     urllib3.connectionpool  https://books.google.com:443 "GET /books?jscmd=viewapi&bibkeys=OCLC%3A1582422910 HTTP/1.1" 200 None
2026-08-16 05:34:46  DEBUG     urllib3.connectionpool  Starting new HTTPS connection (1): api.themoviedb.org:443
2026-08-16 05:34:46  DEBUG     urllib3.connectionpool  https://api.themoviedb.org:443 "GET /3/search/multi?query=The+unicorn+hunters+%3A+a+novel+%2F+Katherine+Arden.&api_key=0270b36dd719e939d079b611ba56fa7c HTTP/1.1" 200 None
2026-08-16 05:34:46  DEBUG     urllib3.connectionpool  Starting new HTTPS connection (1): books.google.com:443
2026-08-16 05:34:46  DEBUG     urllib3.connectionpool  https://books.google.com:443 "GET /books?jscmd=viewapi&bibkeys=ISBN%3A2025037346 HTTP/1.1" 200 None
2026-08-16 05:34:46  DEBUG     urllib3.connectionpool  Starting new HTTPS connection (1): books.google.com:443
2026-08-16 05:34:46  DEBUG     urllib3.connectionpool  https://books.google.com:443 "GET /books?jscmd=viewapi&bibkeys=OCLC%3A1524979901 HTTP/1.1" 200 None
2026-08-16 05:34:46  DEBUG     urllib3.connectionpool  Starting new HTTPS connection (1): api.themoviedb.org:443
2026-08-16 05:34:46  DEBUG     urllib3.connectionpool  https://api.themoviedb.org:443 "GET /3/search/multi?query=Patient%2C+female+%3A+stories+%2F+Julie+Schumacher.&api_key=0270b36dd719e939d079b611ba56fa7c HTTP/1.1" 200 None
2026-08-16 05:34:46  DEBUG     urllib3.connectionpool  Starting new HTTPS connection (1): books.google.com:443
2026-08-16 05:34:46  DEBUG     urllib3.connectionpool  https://books.google.com:443 "GET /books?jscmd=viewapi&bibkeys=ISBN%3A2020057139 HTTP/1.1" 200 None
2026-08-16 05:34:46  DEBUG     urllib3.connectionpool  Starting new HTTPS connection (1): books.google.com:443
2026-08-16 05:34:47  DEBUG     urllib3.connectionpool  https://books.google.com:443 "GET /books?jscmd=viewapi&bibkeys=OCLC%3A1175914589 HTTP/1.1" 200 None
2026-08-16 05:34:47  DEBUG     urllib3.connectionpool  Starting new HTTPS connection (1): books.google.com:443
2026-08-16 05:34:47  DEBUG     urllib3.connectionpool  https://books.google.com:443 "GET /books?jscmd=viewapi&bibkeys=ISBN%3A2016049811 HTTP/1.1" 200 None
2026-08-16 05:34:47  DEBUG     urllib3.connectionpool  Starting new HTTPS connection (1): books.google.com:443
2026-08-16 05:34:47  DEBUG     urllib3.connectionpool  https://books.google.com:443 "GET /books?jscmd=viewapi&bibkeys=OCLC%3A962025730 HTTP/1.1" 200 None
2026-08-16 05:34:48  DEBUG     urllib3.connectionpool  Starting new HTTPS connection (1): books.google.com:443
2026-08-16 05:34:48  DEBUG     urllib3.connectionpool  https://books.google.com:443 "GET /books?jscmd=viewapi&bibkeys=ISBN%3A2016058809 HTTP/1.1" 200 None
2026-08-16 05:34:48  DEBUG     urllib3.connectionpool  Starting new HTTPS connection (1): books.google.com:443
2026-08-16 05:34:48  DEBUG     urllib3.connectionpool  https://books.google.com:443 "GET /books?jscmd=viewapi&bibkeys=OCLC%3A959536312 HTTP/1.1" 200 None
2026-08-16 05:34:48  DEBUG     urllib3.connectionpool  Starting new HTTPS connection (1): books.google.com:443
2026-08-16 05:34:48  DEBUG     urllib3.connectionpool  https://books.google.com:443 "GET /books?jscmd=viewapi&bibkeys=ISBN%3A2023050723 HTTP/1.1" 200 None
2026-08-16 05:34:48  DEBUG     urllib3.connectionpool  Starting new HTTPS connection (1): books.google.com:443
2026-08-16 05:34:48  DEBUG     urllib3.connectionpool  https://books.google.com:443 "GET /books?jscmd=viewapi&bibkeys=OCLC%3A1412503493 HTTP/1.1" 200 None
2026-08-16 05:34:48  DEBUG     urllib3.connectionpool  Starting new HTTPS connection (1): books.google.com:443
2026-08-16 05:34:48  DEBUG     urllib3.connectionpool  https://books.google.com:443 "GET /books?jscmd=viewapi&bibkeys=ISBN%3A2015047167 HTTP/1.1" 200 None
2026-08-16 05:34:48  DEBUG     urllib3.connectionpool  Starting new HTTPS connection (1): books.google.com:443
2026-08-16 05:34:48  DEBUG     urllib3.connectionpool  https://books.google.com:443 "GET /books?jscmd=viewapi&bibkeys=OCLC%3A922454217 HTTP/1.1" 200 None
2026-08-16 05:34:48  DEBUG     urllib3.connectionpool  Starting new HTTPS connection (1): books.google.com:443
2026-08-16 05:34:48  DEBUG     urllib3.connectionpool  https://books.google.com:443 "GET /books?jscmd=viewapi&bibkeys=ISBN%3A2024041511 HTTP/1.1" 200 None
2026-08-16 05:34:48  DEBUG     urllib3.connectionpool  Starting new HTTPS connection (1): books.google.com:443
2026-08-16 05:34:49  DEBUG     urllib3.connectionpool  https://books.google.com:443 "GET /books?jscmd=viewapi&bibkeys=OCLC%3A1476523609 HTTP/1.1" 200 None
2026-08-16 05:34:49  DEBUG     urllib3.connectionpool  Starting new HTTPS connection (1): books.google.com:443
2026-08-16 05:34:49  DEBUG     urllib3.connectionpool  https://books.google.com:443 "GET /books?jscmd=viewapi&bibkeys=ISBN%3A2014039139 HTTP/1.1" 200 None
2026-08-16 05:34:49  DEBUG     urllib3.connectionpool  Starting new HTTPS connection (1): books.google.com:443
2026-08-16 05:34:49  DEBUG     urllib3.connectionpool  https://books.google.com:443 "GET /books?jscmd=viewapi&bibkeys=OCLC%3A872622573 HTTP/1.1" 200 None
2026-08-16 05:34:49  DEBUG     urllib3.connectionpool  Starting new HTTPS connection (1): books.google.com:443
2026-08-16 05:34:49  DEBUG     urllib3.connectionpool  https://books.google.com:443 "GET /books?jscmd=viewapi&bibkeys=ISBN%3A2015007184 HTTP/1.1" 200 None
2026-08-16 05:34:49  DEBUG     urllib3.connectionpool  Starting new HTTPS connection (1): books.google.com:443
2026-08-16 05:34:49  DEBUG     urllib3.connectionpool  https://books.google.com:443 "GET /books?jscmd=viewapi&bibkeys=OCLC%3A903635090 HTTP/1.1" 200 None
2026-08-16 05:34:49  DEBUG     urllib3.connectionpool  Starting new HTTPS connection (1): books.google.com:443
2026-08-16 05:34:49  DEBUG     urllib3.connectionpool  https://books.google.com:443 "GET /books?jscmd=viewapi&bibkeys=ISBN%3A2025039604 HTTP/1.1" 200 None
2026-08-16 05:34:49  DEBUG     urllib3.connectionpool  Starting new HTTPS connection (1): books.google.com:443
2026-08-16 05:34:49  DEBUG     urllib3.connectionpool  https://books.google.com:443 "GET /books?jscmd=viewapi&bibkeys=OCLC%3A1573038546 HTTP/1.1" 200 None
2026-08-16 05:34:49  DEBUG     urllib3.connectionpool  Starting new HTTPS connection (1): api.themoviedb.org:443
2026-08-16 05:34:49  DEBUG     urllib3.connectionpool  https://api.themoviedb.org:443 "GET /3/search/multi?query=Principles+and+practice+of+grief+counseling+%2F+Darcy+L.+Harris%2C+PhD%2C+RN%2C+RSW%2C+MEd%28Couns%29%2C+FT%2C+Evgenia+Milman%2C+PhD%2C+MA%2C+LP.&api_key=0270b36dd719e939d079b611ba56fa7c HTTP/1.1" 200 None
2026-08-16 05:34:49  DEBUG     urllib3.connectionpool  Starting new HTTPS connection (1): books.google.com:443
2026-08-16 05:34:49  DEBUG     urllib3.connectionpool  https://books.google.com:443 "GET /books?jscmd=viewapi&bibkeys=ISBN%3A1005494627 HTTP/1.1" 200 None
2026-08-16 05:34:49  DEBUG     urllib3.connectionpool  Starting new HTTPS connection (1): books.google.com:443
2026-08-16 05:34:49  DEBUG     urllib3.connectionpool  https://books.google.com:443 "GET /books?jscmd=viewapi&bibkeys=OCLC%3A29428773 HTTP/1.1" 200 None
2026-08-16 05:34:49  DEBUG     urllib3.connectionpool  Starting new HTTPS connection (1): books.google.com:443
2026-08-16 05:34:50  DEBUG     urllib3.connectionpool  https://books.google.com:443 "GET /books?jscmd=viewapi&bibkeys=ISBN%3A2024041341 HTTP/1.1" 200 None
2026-08-16 05:34:50  DEBUG     urllib3.connectionpool  Starting new HTTPS connection (1): books.google.com:443
2026-08-16 05:34:50  DEBUG     urllib3.connectionpool  https://books.google.com:443 "GET /books?jscmd=viewapi&bibkeys=OCLC%3A1472088920 HTTP/1.1" 200 None
2026-08-16 05:34:50  DEBUG     urllib3.connectionpool  Starting new HTTPS connection (1): books.google.com:443
2026-08-16 05:34:50  DEBUG     urllib3.connectionpool  https://books.google.com:443 "GET /books?jscmd=viewapi&bibkeys=OCLC%3A1393485907 HTTP/1.1" 200 None
2026-08-16 05:34:51  DEBUG     urllib3.connectionpool  Starting new HTTPS connection (1): books.google.com:443
2026-08-16 05:34:51  DEBUG     urllib3.connectionpool  https://books.google.com:443 "GET /books?jscmd=viewapi&bibkeys=ISBN%3A2017963192 HTTP/1.1" 200 None
2026-08-16 05:34:51  DEBUG     urllib3.connectionpool  Starting new HTTPS connection (1): books.google.com:443
2026-08-16 05:34:51  DEBUG     urllib3.connectionpool  https://books.google.com:443 "GET /books?jscmd=viewapi&bibkeys=OCLC%3A1040597238 HTTP/1.1" 200 None
2026-08-16 05:34:51  DEBUG     urllib3.connectionpool  Starting new HTTPS connection (1): books.google.com:443
2026-08-16 05:34:51  DEBUG     urllib3.connectionpool  https://books.google.com:443 "GET /books?jscmd=viewapi&bibkeys=ISBN%3A2020028806 HTTP/1.1" 200 None
2026-08-16 05:34:51  DEBUG     urllib3.connectionpool  Starting new HTTPS connection (1): books.google.com:443
2026-08-16 05:34:51  DEBUG     urllib3.connectionpool  https://books.google.com:443 "GET /books?jscmd=viewapi&bibkeys=OCLC%3A1161998512 HTTP/1.1" 200 None
2026-08-16 05:34:51  DEBUG     urllib3.connectionpool  Starting new HTTPS connection (1): books.google.com:443
2026-08-16 05:34:51  DEBUG     urllib3.connectionpool  https://books.google.com:443 "GET /books?jscmd=viewapi&bibkeys=ISBN%3A2008023436 HTTP/1.1" 200 None
2026-08-16 05:34:51  DEBUG     urllib3.connectionpool  Starting new HTTPS connection (1): books.google.com:443
2026-08-16 05:34:51  DEBUG     urllib3.connectionpool  https://books.google.com:443 "GET /books?jscmd=viewapi&bibkeys=OCLC%3A209594939 HTTP/1.1" 200 None
2026-08-16 05:34:51  DEBUG     urllib3.connectionpool  Starting new HTTPS connection (1): books.google.com:443
2026-08-16 05:34:51  DEBUG     urllib3.connectionpool  https://books.google.com:443 "GET /books?jscmd=viewapi&bibkeys=ISBN%3A2008021359 HTTP/1.1" 200 None
2026-08-16 05:34:51  DEBUG     urllib3.connectionpool  Starting new HTTPS connection (1): books.google.com:443
2026-08-16 05:34:52  DEBUG     urllib3.connectionpool  https://books.google.com:443 "GET /books?jscmd=viewapi&bibkeys=OCLC%3A228701289 HTTP/1.1" 200 None
2026-08-16 05:34:52  DEBUG     urllib3.connectionpool  Starting new HTTPS connection (1): books.google.com:443
2026-08-16 05:34:52  DEBUG     urllib3.connectionpool  https://books.google.com:443 "GET /books?jscmd=viewapi&bibkeys=ISBN%3A2025028315 HTTP/1.1" 200 None
2026-08-16 05:34:52  DEBUG     urllib3.connectionpool  Starting new HTTPS connection (1): books.google.com:443
2026-08-16 05:34:52  DEBUG     urllib3.connectionpool  https://books.google.com:443 "GET /books?jscmd=viewapi&bibkeys=OCLC%3A1517293860 HTTP/1.1" 200 None
2026-08-16 05:34:52  DEBUG     urllib3.connectionpool  Starting new HTTPS connection (1): books.google.com:443
2026-08-16 05:34:52  DEBUG     urllib3.connectionpool  https://books.google.com:443 "GET /books?jscmd=viewapi&bibkeys=ISBN%3A2022943294 HTTP/1.1" 200 None
2026-08-16 05:34:52  DEBUG     urllib3.connectionpool  Starting new HTTPS connection (1): books.google.com:443
2026-08-16 05:34:52  DEBUG     urllib3.connectionpool  https://books.google.com:443 "GET /books?jscmd=viewapi&bibkeys=OCLC%3A1470852652 HTTP/1.1" 200 None
2026-08-16 05:34:52  DEBUG     urllib3.connectionpool  Starting new HTTPS connection (1): books.google.com:443
2026-08-16 05:34:52  DEBUG     urllib3.connectionpool  https://books.google.com:443 "GET /books?jscmd=viewapi&bibkeys=ISBN%3A2019024983 HTTP/1.1" 200 None
2026-08-16 05:34:52  DEBUG     urllib3.connectionpool  Starting new HTTPS connection (1): books.google.com:443
2026-08-16 05:34:52  DEBUG     urllib3.connectionpool  https://books.google.com:443 "GET /books?jscmd=viewapi&bibkeys=OCLC%3A1104915225 HTTP/1.1" 200 None
2026-08-16 05:34:52  DEBUG     urllib3.connectionpool  Starting new HTTPS connection (1): books.google.com:443
2026-08-16 05:34:52  DEBUG     urllib3.connectionpool  https://books.google.com:443 "GET /books?jscmd=viewapi&bibkeys=ISBN%3A1166958971 HTTP/1.1" 200 None
2026-08-16 05:34:52  DEBUG     urllib3.connectionpool  Starting new HTTPS connection (1): books.google.com:443
2026-08-16 05:34:52  DEBUG     urllib3.connectionpool  https://books.google.com:443 "GET /books?jscmd=viewapi&bibkeys=OCLC%3A28256263 HTTP/1.1" 200 None
2026-08-16 05:34:52  DEBUG     urllib3.connectionpool  Starting new HTTPS connection (1): books.google.com:443
2026-08-16 05:34:53  DEBUG     urllib3.connectionpool  https://books.google.com:443 "GET /books?jscmd=viewapi&bibkeys=ISBN%3A2015037031 HTTP/1.1" 200 None
2026-08-16 05:34:53  DEBUG     urllib3.connectionpool  Starting new HTTPS connection (1): books.google.com:443
2026-08-16 05:34:53  DEBUG     urllib3.connectionpool  https://books.google.com:443 "GET /books?jscmd=viewapi&bibkeys=OCLC%3A913844831 HTTP/1.1" 200 None
2026-08-16 05:34:53  DEBUG     urllib3.connectionpool  Starting new HTTPS connection (1): books.google.com:443
2026-08-16 05:34:53  DEBUG     urllib3.connectionpool  https://books.google.com:443 "GET /books?jscmd=viewapi&bibkeys=ISBN%3A2009040505 HTTP/1.1" 200 None
2026-08-16 05:34:53  DEBUG     urllib3.connectionpool  Starting new HTTPS connection (1): books.google.com:443
2026-08-16 05:34:53  DEBUG     urllib3.connectionpool  https://books.google.com:443 "GET /books?jscmd=viewapi&bibkeys=OCLC%3A426814605 HTTP/1.1" 200 None
2026-08-16 05:34:54  DEBUG     urllib3.connectionpool  Starting new HTTPS connection (1): books.google.com:443
2026-08-16 05:34:54  DEBUG     urllib3.connectionpool  https://books.google.com:443 "GET /books?jscmd=viewapi&bibkeys=ISBN%3A1513889130 HTTP/1.1" 200 None
2026-08-16 05:34:54  DEBUG     urllib3.connectionpool  Starting new HTTPS connection (1): books.google.com:443
2026-08-16 05:34:54  DEBUG     urllib3.connectionpool  https://books.google.com:443 "GET /books?jscmd=viewapi&bibkeys=OCLC%3A1526060075 HTTP/1.1" 200 None
2026-08-16 05:34:54  DEBUG     urllib3.connectionpool  Starting new HTTPS connection (1): books.google.com:443
2026-08-16 05:34:54  DEBUG     urllib3.connectionpool  https://books.google.com:443 "GET /books?jscmd=viewapi&bibkeys=ISBN%3A1127748556 HTTP/1.1" 200 None
2026-08-16 05:34:54  DEBUG     urllib3.connectionpool  Starting new HTTPS connection (1): books.google.com:443
2026-08-16 05:34:54  DEBUG     urllib3.connectionpool  https://books.google.com:443 "GET /books?jscmd=viewapi&bibkeys=OCLC%3A229279169 HTTP/1.1" 200 None
2026-08-16 05:34:54  DEBUG     urllib3.connectionpool  Starting new HTTPS connection (1): books.google.com:443
2026-08-16 05:34:54  DEBUG     urllib3.connectionpool  https://books.google.com:443 "GET /books?jscmd=viewapi&bibkeys=ISBN%3A2014029056 HTTP/1.1" 200 None
2026-08-16 05:34:54  DEBUG     urllib3.connectionpool  Starting new HTTPS connection (1): books.google.com:443
2026-08-16 05:34:54  DEBUG     urllib3.connectionpool  https://books.google.com:443 "GET /books?jscmd=viewapi&bibkeys=OCLC%3A893099217 HTTP/1.1" 200 None
2026-08-16 05:34:54  DEBUG     urllib3.connectionpool  Starting new HTTPS connection (1): books.google.com:443
2026-08-16 05:34:55  DEBUG     urllib3.connectionpool  https://books.google.com:443 "GET /books?jscmd=viewapi&bibkeys=ISBN%3A2022036320 HTTP/1.1" 200 None
2026-08-16 05:34:55  DEBUG     urllib3.connectionpool  Starting new HTTPS connection (1): books.google.com:443
2026-08-16 05:34:55  DEBUG     urllib3.connectionpool  https://books.google.com:443 "GET /books?jscmd=viewapi&bibkeys=OCLC%3A1338165257 HTTP/1.1" 200 None
2026-08-16 05:34:55  DEBUG     urllib3.connectionpool  Starting new HTTPS connection (1): books.google.com:443
2026-08-16 05:34:55  DEBUG     urllib3.connectionpool  https://books.google.com:443 "GET /books?jscmd=viewapi&bibkeys=ISBN%3A2018049836 HTTP/1.1" 200 None
2026-08-16 05:34:55  DEBUG     urllib3.connectionpool  Starting new HTTPS connection (1): books.google.com:443
2026-08-16 05:34:55  DEBUG     urllib3.connectionpool  https://books.google.com:443 "GET /books?jscmd=viewapi&bibkeys=OCLC%3A1059251187 HTTP/1.1" 200 None
2026-08-16 05:34:55  DEBUG     urllib3.connectionpool  Starting new HTTPS connection (1): books.google.com:443
2026-08-16 05:34:55  DEBUG     urllib3.connectionpool  https://books.google.com:443 "GET /books?jscmd=viewapi&bibkeys=ISBN%3A1003809534 HTTP/1.1" 200 None
2026-08-16 05:34:55  DEBUG     urllib3.connectionpool  Starting new HTTPS connection (1): books.google.com:443
2026-08-16 05:34:55  DEBUG     urllib3.connectionpool  https://books.google.com:443 "GET /books?jscmd=viewapi&bibkeys=OCLC%3A885473030 HTTP/1.1" 200 None
2026-08-16 05:34:55  DEBUG     urllib3.connectionpool  Starting new HTTPS connection (1): books.google.com:443
2026-08-16 05:34:55  DEBUG     urllib3.connectionpool  https://books.google.com:443 "GET /books?jscmd=viewapi&bibkeys=ISBN%3A2017004274 HTTP/1.1" 200 None
2026-08-16 05:34:55  DEBUG     urllib3.connectionpool  Starting new HTTPS connection (1): books.google.com:443
2026-08-16 05:34:55  DEBUG     urllib3.connectionpool  https://books.google.com:443 "GET /books?jscmd=viewapi&bibkeys=OCLC%3A979993504 HTTP/1.1" 200 None
2026-08-16 05:34:55  DEBUG     urllib3.connectionpool  Starting new HTTPS connection (1): books.google.com:443
2026-08-16 05:34:56  DEBUG     urllib3.connectionpool  https://books.google.com:443 "GET /books?jscmd=viewapi&bibkeys=OCLC%3A1470945617 HTTP/1.1" 200 None
2026-08-16 05:34:56  DEBUG     urllib3.connectionpool  Starting new HTTPS connection (1): api.themoviedb.org:443
2026-08-16 05:34:56  DEBUG     urllib3.connectionpool  https://api.themoviedb.org:443 "GET /3/search/multi?query=The+best+ten-minute+plays+2024+%2F+edited+by+Debbie+Lamedman.&api_key=0270b36dd719e939d079b611ba56fa7c HTTP/1.1" 200 None
2026-08-16 05:34:56  DEBUG     urllib3.connectionpool  Starting new HTTPS connection (1): books.google.com:443
2026-08-16 05:34:56  DEBUG     urllib3.connectionpool  https://books.google.com:443 "GET /books?jscmd=viewapi&bibkeys=ISBN%3A1034934884 HTTP/1.1" 200 None
2026-08-16 05:34:56  DEBUG     urllib3.connectionpool  Starting new HTTPS connection (1): books.google.com:443
2026-08-16 05:34:56  DEBUG     urllib3.connectionpool  https://books.google.com:443 "GET /books?jscmd=viewapi&bibkeys=OCLC%3A33947563 HTTP/1.1" 200 None
2026-08-16 05:34:56  DEBUG     urllib3.connectionpool  Starting new HTTPS connection (1): books.google.com:443
2026-08-16 05:34:56  DEBUG     urllib3.connectionpool  https://books.google.com:443 "GET /books?jscmd=viewapi&bibkeys=ISBN%3A1305012657 HTTP/1.1" 200 None
2026-08-16 05:34:56  DEBUG     urllib3.connectionpool  Starting new HTTPS connection (1): books.google.com:443
2026-08-16 05:34:56  DEBUG     urllib3.connectionpool  https://books.google.com:443 "GET /books?jscmd=viewapi&bibkeys=OCLC%3A1304816219 HTTP/1.1" 200 None
2026-08-16 05:34:57  DEBUG     urllib3.connectionpool  Starting new HTTPS connection (1): books.google.com:443
2026-08-16 05:34:57  DEBUG     urllib3.connectionpool  https://books.google.com:443 "GET /books?jscmd=viewapi&bibkeys=ISBN%3A2020005807 HTTP/1.1" 200 None
2026-08-16 05:34:57  DEBUG     urllib3.connectionpool  Starting new HTTPS connection (1): books.google.com:443
2026-08-16 05:34:57  DEBUG     urllib3.connectionpool  https://books.google.com:443 "GET /books?jscmd=viewapi&bibkeys=OCLC%3A1129778655 HTTP/1.1" 200 None
2026-08-16 05:34:57  DEBUG     urllib3.connectionpool  Starting new HTTPS connection (1): books.google.com:443
2026-08-16 05:34:57  DEBUG     urllib3.connectionpool  https://books.google.com:443 "GET /books?jscmd=viewapi&bibkeys=OCLC%3A1386701132 HTTP/1.1" 200 None
2026-08-16 05:34:57  DEBUG     urllib3.connectionpool  Starting new HTTPS connection (1): books.google.com:443
2026-08-16 05:34:57  DEBUG     urllib3.connectionpool  https://books.google.com:443 "GET /books?jscmd=viewapi&bibkeys=ISBN%3A2020032761 HTTP/1.1" 200 None
2026-08-16 05:34:58  DEBUG     urllib3.connectionpool  Starting new HTTPS connection (1): books.google.com:443
2026-08-16 05:34:58  DEBUG     urllib3.connectionpool  https://books.google.com:443 "GET /books?jscmd=viewapi&bibkeys=OCLC%3A1191456301 HTTP/1.1" 200 None
2026-08-16 05:34:58  DEBUG     urllib3.connectionpool  Starting new HTTPS connection (1): api.themoviedb.org:443
2026-08-16 05:34:58  DEBUG     urllib3.connectionpool  https://api.themoviedb.org:443 "GET /3/search/multi?query=Raising+the+eleventh+pillar+%3A+the+ratification+debate+of+1788+%2F+John+Patrick+Coby%2C+Smith+College.&api_key=0270b36dd719e939d079b611ba56fa7c HTTP/1.1" 200 None
2026-08-16 05:34:58  DEBUG     urllib3.connectionpool  Starting new HTTPS connection (1): books.google.com:443
2026-08-16 05:34:58  DEBUG     urllib3.connectionpool  https://books.google.com:443 "GET /books?jscmd=viewapi&bibkeys=OCLC%3A808924324 HTTP/1.1" 200 None
2026-08-16 05:34:58  DEBUG     urllib3.connectionpool  Starting new HTTPS connection (1): books.google.com:443
2026-08-16 05:34:58  DEBUG     urllib3.connectionpool  https://books.google.com:443 "GET /books?jscmd=viewapi&bibkeys=ISBN%3A2024044769 HTTP/1.1" 200 None
2026-08-16 05:34:58  DEBUG     urllib3.connectionpool  Starting new HTTPS connection (1): books.google.com:443
2026-08-16 05:34:58  DEBUG     urllib3.connectionpool  https://books.google.com:443 "GET /books?jscmd=viewapi&bibkeys=OCLC%3A1466097097 HTTP/1.1" 200 None
2026-08-16 05:34:58  DEBUG     urllib3.connectionpool  Starting new HTTPS connection (1): books.google.com:443
2026-08-16 05:34:58  DEBUG     urllib3.connectionpool  https://books.google.com:443 "GET /books?jscmd=viewapi&bibkeys=ISBN%3A1324103388 HTTP/1.1" 200 None
2026-08-16 05:34:58  DEBUG     urllib3.connectionpool  Starting new HTTPS connection (1): books.google.com:443
2026-08-16 05:34:58  DEBUG     urllib3.connectionpool  https://books.google.com:443 "GET /books?jscmd=viewapi&bibkeys=ISBN%3A0865164339 HTTP/1.1" 200 None
2026-08-16 05:34:58  DEBUG     urllib3.connectionpool  Starting new HTTPS connection (1): books.google.com:443
2026-08-16 05:34:58  DEBUG     urllib3.connectionpool  https://books.google.com:443 "GET /books?jscmd=viewapi&bibkeys=ISBN%3A1027309594 HTTP/1.1" 200 None
2026-08-16 05:34:58  DEBUG     urllib3.connectionpool  Starting new HTTPS connection (1): books.google.com:443
2026-08-16 05:34:58  DEBUG     urllib3.connectionpool  https://books.google.com:443 "GET /books?jscmd=viewapi&bibkeys=OCLC%3A40756376 HTTP/1.1" 200 None
2026-08-16 05:34:58  DEBUG     urllib3.connectionpool  Starting new HTTPS connection (1): books.google.com:443
2026-08-16 05:34:58  DEBUG     urllib3.connectionpool  https://books.google.com:443 "GET /books?jscmd=viewapi&bibkeys=OCLC%3A29792423 HTTP/1.1" 200 None
2026-08-16 05:34:58  DEBUG     urllib3.connectionpool  Starting new HTTPS connection (1): books.google.com:443
2026-08-16 05:34:59  DEBUG     urllib3.connectionpool  https://books.google.com:443 "GET /books?jscmd=viewapi&bibkeys=ISBN%3A1035417239 HTTP/1.1" 200 None
2026-08-16 05:34:59  DEBUG     urllib3.connectionpool  Starting new HTTPS connection (1): books.google.com:443
2026-08-16 05:34:59  DEBUG     urllib3.connectionpool  https://books.google.com:443 "GET /books?jscmd=viewapi&bibkeys=OCLC%3A40248681 HTTP/1.1" 200 None
2026-08-16 05:35:00  DEBUG     urllib3.connectionpool  Starting new HTTPS connection (1): books.google.com:443
2026-08-16 05:35:00  DEBUG     urllib3.connectionpool  https://books.google.com:443 "GET /books?jscmd=viewapi&bibkeys=ISBN%3A1138650170 HTTP/1.1" 200 None
2026-08-16 05:35:00  DEBUG     urllib3.connectionpool  Starting new HTTPS connection (1): books.google.com:443
2026-08-16 05:35:00  DEBUG     urllib3.connectionpool  https://books.google.com:443 "GET /books?jscmd=viewapi&bibkeys=OCLC%3A1129459894 HTTP/1.1" 200 None
2026-08-16 05:35:00  DEBUG     urllib3.connectionpool  Starting new HTTPS connection (1): books.google.com:443
2026-08-16 05:35:00  DEBUG     urllib3.connectionpool  https://books.google.com:443 "GET /books?jscmd=viewapi&bibkeys=ISBN%3A1154290773 HTTP/1.1" 200 None
2026-08-16 05:35:00  DEBUG     urllib3.connectionpool  Starting new HTTPS connection (1): books.google.com:443
2026-08-16 05:35:00  DEBUG     urllib3.connectionpool  https://books.google.com:443 "GET /books?jscmd=viewapi&bibkeys=OCLC%3A17482829 HTTP/1.1" 200 None
2026-08-16 05:35:00  DEBUG     urllib3.connectionpool  Starting new HTTPS connection (1): books.google.com:443
2026-08-16 05:35:00  DEBUG     urllib3.connectionpool  https://books.google.com:443 "GET /books?jscmd=viewapi&bibkeys=ISBN%3A2020051054 HTTP/1.1" 200 None
2026-08-16 05:35:00  DEBUG     urllib3.connectionpool  Starting new HTTPS connection (1): books.google.com:443
2026-08-16 05:35:00  DEBUG     urllib3.connectionpool  https://books.google.com:443 "GET /books?jscmd=viewapi&bibkeys=OCLC%3A1224043158 HTTP/1.1" 200 None
2026-08-16 05:35:00  DEBUG     urllib3.connectionpool  Starting new HTTPS connection (1): books.google.com:443
2026-08-16 05:35:00  DEBUG     urllib3.connectionpool  https://books.google.com:443 "GET /books?jscmd=viewapi&bibkeys=OCLC%3A898086843 HTTP/1.1" 200 None
2026-08-16 05:35:00  DEBUG     urllib3.connectionpool  Starting new HTTPS connection (1): books.google.com:443
2026-08-16 05:35:01  DEBUG     urllib3.connectionpool  https://books.google.com:443 "GET /books?jscmd=viewapi&bibkeys=OCLC%3A1412257855 HTTP/1.1" 200 None
2026-08-16 05:35:01  DEBUG     urllib3.connectionpool  Starting new HTTPS connection (1): books.google.com:443
2026-08-16 05:35:01  DEBUG     urllib3.connectionpool  https://books.google.com:443 "GET /books?jscmd=viewapi&bibkeys=ISBN%3A1255413457 HTTP/1.1" 200 None
2026-08-16 05:35:01  DEBUG     urllib3.connectionpool  Starting new HTTPS connection (1): books.google.com:443
2026-08-16 05:35:01  DEBUG     urllib3.connectionpool  https://books.google.com:443 "GET /books?jscmd=viewapi&bibkeys=OCLC%3A1057635605 HTTP/1.1" 200 None
2026-08-16 05:35:01  DEBUG     urllib3.connectionpool  Starting new HTTPS connection (1): books.google.com:443
2026-08-16 05:35:01  DEBUG     urllib3.connectionpool  https://books.google.com:443 "GET /books?jscmd=viewapi&bibkeys=OCLC%3A41302618 HTTP/1.1" 200 None
2026-08-16 05:35:01  DEBUG     urllib3.connectionpool  Starting new HTTPS connection (1): books.google.com:443
2026-08-16 05:35:01  DEBUG     urllib3.connectionpool  https://books.google.com:443 "GET /books?jscmd=viewapi&bibkeys=ISBN%3A2017299760 HTTP/1.1" 200 None
2026-08-16 05:35:01  DEBUG     urllib3.connectionpool  Starting new HTTPS connection (1): books.google.com:443
2026-08-16 05:35:01  DEBUG     urllib3.connectionpool  https://books.google.com:443 "GET /books?jscmd=viewapi&bibkeys=OCLC%3A962008670 HTTP/1.1" 200 None
2026-08-16 05:35:01  DEBUG     urllib3.connectionpool  Starting new HTTPS connection (1): books.google.com:443
2026-08-16 05:35:01  DEBUG     urllib3.connectionpool  https://books.google.com:443 "GET /books?jscmd=viewapi&bibkeys=ISBN%3A2020049221 HTTP/1.1" 200 None
2026-08-16 05:35:01  DEBUG     urllib3.connectionpool  Starting new HTTPS connection (1): books.google.com:443
2026-08-16 05:35:01  DEBUG     urllib3.connectionpool  https://books.google.com:443 "GET /books?jscmd=viewapi&bibkeys=OCLC%3A1201298698 HTTP/1.1" 200 None
2026-08-16 05:35:01  DEBUG     urllib3.connectionpool  Starting new HTTPS connection (1): books.google.com:443
2026-08-16 05:35:01  DEBUG     urllib3.connectionpool  https://books.google.com:443 "GET /books?jscmd=viewapi&bibkeys=ISBN%3A1165622189 HTTP/1.1" 200 None
2026-08-16 05:35:01  DEBUG     urllib3.connectionpool  Starting new HTTPS connection (1): books.google.com:443
2026-08-16 05:35:02  DEBUG     urllib3.connectionpool  https://books.google.com:443 "GET /books?jscmd=viewapi&bibkeys=OCLC%3A1140193062 HTTP/1.1" 200 None
2026-08-16 05:35:03  DEBUG     urllib3.connectionpool  Starting new HTTPS connection (1): books.google.com:443
2026-08-16 05:35:03  DEBUG     urllib3.connectionpool  https://books.google.com:443 "GET /books?jscmd=viewapi&bibkeys=ISBN%3A2021051253 HTTP/1.1" 200 None
2026-08-16 05:35:03  DEBUG     urllib3.connectionpool  Starting new HTTPS connection (1): books.google.com:443
2026-08-16 05:35:03  DEBUG     urllib3.connectionpool  https://books.google.com:443 "GET /books?jscmd=viewapi&bibkeys=OCLC%3A1287744960 HTTP/1.1" 200 None
2026-08-16 05:35:03  DEBUG     urllib3.connectionpool  Starting new HTTPS connection (1): books.google.com:443
2026-08-16 05:35:03  DEBUG     urllib3.connectionpool  https://books.google.com:443 "GET /books?jscmd=viewapi&bibkeys=ISBN%3A2020935500 HTTP/1.1" 200 None
2026-08-16 05:35:03  DEBUG     urllib3.connectionpool  Starting new HTTPS connection (1): books.google.com:443
2026-08-16 05:35:03  DEBUG     urllib3.connectionpool  https://books.google.com:443 "GET /books?jscmd=viewapi&bibkeys=OCLC%3A1235880188 HTTP/1.1" 200 None
2026-08-16 05:35:03  DEBUG     urllib3.connectionpool  Starting new HTTPS connection (1): books.google.com:443
2026-08-16 05:35:03  DEBUG     urllib3.connectionpool  https://books.google.com:443 "GET /books?jscmd=viewapi&bibkeys=ISBN%3A2022051892 HTTP/1.1" 200 None
2026-08-16 05:35:03  DEBUG     urllib3.connectionpool  Starting new HTTPS connection (1): books.google.com:443
2026-08-16 05:35:03  DEBUG     urllib3.connectionpool  https://books.google.com:443 "GET /books?jscmd=viewapi&bibkeys=OCLC%3A1313902762 HTTP/1.1" 200 None
2026-08-16 05:35:03  DEBUG     urllib3.connectionpool  Starting new HTTPS connection (1): api.themoviedb.org:443
2026-08-16 05:35:03  DEBUG     urllib3.connectionpool  https://api.themoviedb.org:443 "GET /3/search/multi?query=Building+honor+in+academics+%3A+case+studies+in+academic+integrity+%2F+Valerie+P.+Denney%2C+Camilla+J.+Roberts.&api_key=0270b36dd719e939d079b611ba56fa7c HTTP/1.1" 200 None
2026-08-16 05:35:03  DEBUG     urllib3.connectionpool  Starting new HTTPS connection (1): books.google.com:443
2026-08-16 05:35:03  DEBUG     urllib3.connectionpool  https://books.google.com:443 "GET /books?jscmd=viewapi&bibkeys=ISBN%3A2025046546 HTTP/1.1" 200 None
2026-08-16 05:35:03  DEBUG     urllib3.connectionpool  Starting new HTTPS connection (1): books.google.com:443
2026-08-16 05:35:03  DEBUG     urllib3.connectionpool  https://books.google.com:443 "GET /books?jscmd=viewapi&bibkeys=OCLC%3A1573155706 HTTP/1.1" 200 None
2026-08-16 05:35:03  DEBUG     urllib3.connectionpool  Starting new HTTPS connection (1): api.themoviedb.org:443
2026-08-16 05:35:04  DEBUG     urllib3.connectionpool  https://api.themoviedb.org:443 "GET /3/search/multi?query=The+games+that+computers+%28and+humans%29+play+%3A+a+non-technical+introduction+to+artificial+intelligence+%2F+Jonathan+Schaeffer.&api_key=0270b36dd719e939d079b611ba56fa7c HTTP/1.1" 200 None
2026-08-16 05:35:04  DEBUG     urllib3.connectionpool  Starting new HTTPS connection (1): books.google.com:443
2026-08-16 05:35:04  DEBUG     urllib3.connectionpool  https://books.google.com:443 "GET /books?jscmd=viewapi&bibkeys=ISBN%3A2019051714 HTTP/1.1" 200 None
2026-08-16 05:35:04  DEBUG     urllib3.connectionpool  Starting new HTTPS connection (1): books.google.com:443
2026-08-16 05:35:04  DEBUG     urllib3.connectionpool  https://books.google.com:443 "GET /books?jscmd=viewapi&bibkeys=OCLC%3A1119533085 HTTP/1.1" 200 None
2026-08-16 05:35:04  DEBUG     urllib3.connectionpool  Starting new HTTPS connection (1): books.google.com:443
2026-08-16 05:35:04  DEBUG     urllib3.connectionpool  https://books.google.com:443 "GET /books?jscmd=viewapi&bibkeys=ISBN%3A1591829470 HTTP/1.1" 200 None
2026-08-16 05:35:04  DEBUG     urllib3.connectionpool  Starting new HTTPS connection (1): books.google.com:443
2026-08-16 05:35:04  DEBUG     urllib3.connectionpool  https://books.google.com:443 "GET /books?jscmd=viewapi&bibkeys=OCLC%3A1551446380 HTTP/1.1" 200 None
2026-08-16 05:35:04  DEBUG     urllib3.connectionpool  Starting new HTTPS connection (1): books.google.com:443
2026-08-16 05:35:04  DEBUG     urllib3.connectionpool  https://books.google.com:443 "GET /books?jscmd=viewapi&bibkeys=ISBN%3A1523045339 HTTP/1.1" 200 None
2026-08-16 05:35:04  DEBUG     urllib3.connectionpool  Starting new HTTPS connection (1): books.google.com:443
2026-08-16 05:35:04  DEBUG     urllib3.connectionpool  https://books.google.com:443 "GET /books?jscmd=viewapi&bibkeys=OCLC%3A1574784009 HTTP/1.1" 200 None
2026-08-16 05:35:04  DEBUG     urllib3.connectionpool  Starting new HTTPS connection (1): books.google.com:443
2026-08-16 05:35:04  DEBUG     urllib3.connectionpool  https://books.google.com:443 "GET /books?jscmd=viewapi&bibkeys=ISBN%3A2024009783 HTTP/1.1" 200 None
2026-08-16 05:35:04  DEBUG     urllib3.connectionpool  Starting new HTTPS connection (1): books.google.com:443
2026-08-16 05:35:04  DEBUG     urllib3.connectionpool  https://books.google.com:443 "GET /books?jscmd=viewapi&bibkeys=OCLC%3A1425246958 HTTP/1.1" 200 None
2026-08-16 05:35:04  DEBUG     urllib3.connectionpool  Starting new HTTPS connection (1): books.google.com:443
2026-08-16 05:35:04  DEBUG     urllib3.connectionpool  https://books.google.com:443 "GET /books?jscmd=viewapi&bibkeys=ISBN%3A2025015767 HTTP/1.1" 200 None
2026-08-16 05:35:04  DEBUG     urllib3.connectionpool  Starting new HTTPS connection (1): books.google.com:443
2026-08-16 05:35:05  DEBUG     urllib3.connectionpool  https://books.google.com:443 "GET /books?jscmd=viewapi&bibkeys=OCLC%3A1552153923 HTTP/1.1" 200 None
2026-08-16 05:35:05  DEBUG     urllib3.connectionpool  Starting new HTTPS connection (1): books.google.com:443
2026-08-16 05:35:05  DEBUG     urllib3.connectionpool  https://books.google.com:443 "GET /books?jscmd=viewapi&bibkeys=ISBN%3A1064489040 HTTP/1.1" 200 None
2026-08-16 05:35:05  DEBUG     urllib3.connectionpool  Starting new HTTPS connection (1): books.google.com:443
2026-08-16 05:35:05  DEBUG     urllib3.connectionpool  https://books.google.com:443 "GET /books?jscmd=viewapi&bibkeys=OCLC%3A894900970 HTTP/1.1" 200 None
2026-08-16 05:35:06  DEBUG     urllib3.connectionpool  Starting new HTTPS connection (1): books.google.com:443
2026-08-16 05:35:06  DEBUG     urllib3.connectionpool  https://books.google.com:443 "GET /books?jscmd=viewapi&bibkeys=ISBN%3A2025029822 HTTP/1.1" 200 None
2026-08-16 05:35:06  DEBUG     urllib3.connectionpool  Starting new HTTPS connection (1): books.google.com:443
2026-08-16 05:35:06  DEBUG     urllib3.connectionpool  https://books.google.com:443 "GET /books?jscmd=viewapi&bibkeys=OCLC%3A1530056475 HTTP/1.1" 200 None
2026-08-16 05:35:06  DEBUG     urllib3.connectionpool  Starting new HTTPS connection (1): api.themoviedb.org:443
2026-08-16 05:35:06  DEBUG     urllib3.connectionpool  https://api.themoviedb.org:443 "GET /3/search/multi?query=Leadership+lessons+from+the+Jesuits+%3A+cura+apostolica+and+the+mission-driven+organization+%2F+Matthew+E.+Carnes%2C+SJ%2C+editor+%3B+afterword+by+Michael+J.+Garanzini%2C+SJ+and+Arturo+Sosa%2C+SJ.&api_key=0270b36dd719e939d079b611ba56fa7c HTTP/1.1" 200 None
2026-08-16 05:35:06  DEBUG     urllib3.connectionpool  Starting new HTTPS connection (1): books.google.com:443
2026-08-16 05:35:06  DEBUG     urllib3.connectionpool  https://books.google.com:443 "GET /books?jscmd=viewapi&bibkeys=ISBN%3A1805265695 HTTP/1.1" 200 None
2026-08-16 05:35:06  DEBUG     urllib3.connectionpool  Starting new HTTPS connection (1): books.google.com:443
2026-08-16 05:35:06  DEBUG     urllib3.connectionpool  https://books.google.com:443 "GET /books?jscmd=viewapi&bibkeys=ISBN%3A2024036105 HTTP/1.1" 200 None
2026-08-16 05:35:06  DEBUG     urllib3.connectionpool  Starting new HTTPS connection (1): books.google.com:443
2026-08-16 05:35:06  DEBUG     urllib3.connectionpool  https://books.google.com:443 "GET /books?jscmd=viewapi&bibkeys=OCLC%3A1440028218 HTTP/1.1" 200 None
2026-08-16 05:35:06  INFO      src.html_generator  HTML written to /home/runner/work/folio-new-books/folio-new-books/output/new-materials.html
2026-08-16 05:35:06  DEBUG     src.html_generator  Assets copied to output/assets
2026-08-16 05:35:06  DEBUG     src.html_generator  Item data written to output/data/items.json
2026-08-16 05:35:06  INFO      __main__  Done — 104 items written to output/new-materials.html (plus assets/ and data/items.json)
2026-08-17 05:40:46  INFO      __main__  ──────────────────────────────────────────────────────────────────────
2026-08-17 05:40:46  INFO      __main__  FOLIO New Materials — run starting 2026-08-17 05:40:46
2026-08-17 05:40:46  INFO      __main__  Config: config.ini
2026-08-17 05:40:46  INFO      __main__  Date range: 2026-05-19 → 2026-08-17
2026-08-17 05:40:46  DEBUG     src.folio_client  Orders query: ((receiptDate>="2026-05-19T00:00:00" and receiptDate<="2026-08-17T23:59:59") and receiptStatus=="Fully Received") sortby metadata.updatedDate/sort.descending
2026-08-17 05:40:46  DEBUG     urllib3.connectionpool  Starting new HTTPS connection (1): api-lemoyne.folio.ebsco.com:443
2026-08-17 05:40:46  DEBUG     urllib3.connectionpool  https://api-lemoyne.folio.ebsco.com:443 "POST /authn/login-with-expiry HTTP/1.1" 201 None
2026-08-17 05:40:46  INFO      src.folio_client  FOLIO authentication successful (token cached)
2026-08-17 05:40:46  DEBUG     urllib3.connectionpool  Starting new HTTPS connection (1): api-lemoyne.folio.ebsco.com:443
2026-08-17 05:40:47  DEBUG     urllib3.connectionpool  https://api-lemoyne.folio.ebsco.com:443 "GET /orders/order-lines?query=%28%28receiptDate%3E%3D%222026-05-19T00%3A00%3A00%22+and+receiptDate%3C%3D%222026-08-17T23%3A59%3A59%22%29+and+receiptStatus%3D%3D%22Fully+Received%22%29+sortby+metadata.updatedDate%2Fsort.descending&limit=200&offset=0 HTTP/1.1" 200 32937
2026-08-17 05:40:47  INFO      __main__  Retrieved 104 order lines
2026-08-17 05:40:47  DEBUG     urllib3.connectionpool  https://api-lemoyne.folio.ebsco.com:443 "GET /search/instances?query=%28id%3D%3D%22a444eeea-18da-4ea9-8d5b-b2453ad840af%22+or+id%3D%3D%22a50aca5b-9851-4268-9646-8806c3cd76c7%22+or+id%3D%3D%2275625d39-31e4-48e5-a76f-e387cf606a3f%22+or+id%3D%3D%2279fbb5c4-ccd9-4c59-9c0d-6900f8ca1641%22+or+id%3D%3D%22e4da304e-798f-4d1e-a512-bced28e50a1e%22+or+id%3D%3D%22ae6fed8b-eabe-4cc5-bf48-6b8bf6fc2497%22+or+id%3D%3D%221373dd9b-6148-43a1-8749-8f2d30609c58%22+or+id%3D%3D%22ad48aab2-19c8-4852-ab1f-a2b0fee61906%22+or+id%3D%3D%2265d0f7c4-f8d2-45b4-a498-a9672b5a84d4%22+or+id%3D%3D%22ed4d7ba3-f047-42b8-8550-873be5bf5d30%22+or+id%3D%3D%22054ab8f5-55c1-5458-8e9a-02ae739c91cd%22+or+id%3D%3D%22036fa639-36cd-41e4-9664-02adba8395ad%22+or+id%3D%3D%22a70b30bf-a34a-4353-83f4-9508c7aca75b%22+or+id%3D%3D%22adb3a199-0695-492d-b218-ad6b02b7a8f0%22+or+id%3D%3D%2218944ed6-e85b-4953-95cd-e1153b0f120e%22+or+id%3D%3D%2212bdf8ff-7909-488d-9f0a-78c14e67c7b3%22+or+id%3D%3D%229bba34cd-a718-41b6-83a4-417d55872666%22+or+id%3D%3D%22e6a9f53d-7e97-4a0c-b76b-c9f51e1d4532%22+or+id%3D%3D%222d236822-4f1a-4046-a809-1b0755b00dc1%22+or+id%3D%3D%22ae4b384c-bcc6-47ab-81a6-566ea090502c%22+or+id%3D%3D%22ff1fb556-6c9e-50d0-beb5-125281389d8f%22+or+id%3D%3D%22ce83cf95-cccb-4c9f-8a16-06e6f10bf099%22+or+id%3D%3D%2243be2c3b-daf2-4d0c-ad94-37b4a0844b37%22+or+id%3D%3D%22ed664865-7963-4d43-9305-dc8d18f0997e%22+or+id%3D%3D%22473a6b80-c167-402f-a960-f5251c23f1c4%22+or+id%3D%3D%22aff4110c-3073-56ac-8201-06af79a18435%22+or+id%3D%3D%22e291a0ae-09df-4842-baa3-e124870c3de4%22+or+id%3D%3D%226051a792-421e-4b5b-8dae-3e0e3fcbdf65%22+or+id%3D%3D%22e636f130-49e6-4b98-82be-360c59c91621%22+or+id%3D%3D%2268a469c0-df1f-4dbe-8355-27d0a08e1137%22+or+id%3D%3D%22b0ee4622-984d-4b04-a813-c92dccf6c3d7%22+or+id%3D%3D%22c823c7f1-9b4b-4ebd-be33-a27201f4c22e%22+or+id%3D%3D%22b2bb0f44-62b8-4cdd-950b-2df23576f2ac%22+or+id%3D%3D%22df6d79d0-6a34-4eba-b617-2654cb7093aa%22+or+id%3D%3D%2265dd071d-a3f7-41a2-b4f8-fa4e80b59196%22+or+id%3D%3D%22cbd25b16-13ec-5314-8b39-e43d31e55fd5%22+or+id%3D%3D%224239356f-c5ff-4f80-8294-74313d748e37%22+or+id%3D%3D%22498e3d96-fb01-4706-9ea2-579f90e01800%22+or+id%3D%3D%2275d1243f-4965-4c7f-9871-0a1561e72626%22+or+id%3D%3D%22bbf45ff3-8e3a-4fc7-8a96-c4fdc21d59cc%22+or+id%3D%3D%223a33ce5f-ee58-466a-968f-bee361f30e00%22+or+id%3D%3D%2215ec25be-13ce-49b6-984a-04a4ca9ad546%22+or+id%3D%3D%22c1af76d5-cb27-442b-802c-273353304071%22+or+id%3D%3D%2221aacd1e-1438-4ee7-bf0f-a2a1f80cdf61%22+or+id%3D%3D%221a97aad4-e5ae-497c-95ac-84f6f11a0a97%22+or+id%3D%3D%2237a91cb2-edb1-50b3-81e7-461a8043dd21%22+or+id%3D%3D%223d7f621c-d301-42ed-b8df-d73c423c04eb%22+or+id%3D%3D%223577a7ea-8742-4b59-b95f-e5edbdf57b9e%22+or+id%3D%3D%224b11fd46-a48b-4cf4-adbc-b1465e25fc4c%22+or+id%3D%3D%22d6c24703-e0ad-4426-bc57-6008471e6180%22%29&limit=50&expandAll=true HTTP/1.1" 200 None
2026-08-17 05:40:48  DEBUG     urllib3.connectionpool  https://api-lemoyne.folio.ebsco.com:443 "GET /search/instances?query=%28id%3D%3D%22dad5200b-4c52-4cdc-83ea-6bd5444d2b0c%22+or+id%3D%3D%223e66bb17-7bc2-4e2e-b755-3b502e86faac%22+or+id%3D%3D%223c5be1cb-7263-4b8a-9a9a-26f03858b7a1%22+or+id%3D%3D%22a7839b0c-84ee-4c57-aa8b-bcc10c06f5ea%22+or+id%3D%3D%2223650665-733f-4874-ab91-c3137d092de1%22+or+id%3D%3D%22ef87a4aa-3860-4d33-a406-212807eb342a%22+or+id%3D%3D%22c6cf09ce-d6c6-5c0a-83b7-deb514a912d0%22+or+id%3D%3D%22ea92c0dc-9cb2-4ff3-b97c-e4190faf2a8d%22+or+id%3D%3D%2286c80696-0f9b-48d1-b5cb-b028ac4de3c4%22+or+id%3D%3D%22a758abc2-d7ea-4293-bfa9-2e20cb502a7c%22+or+id%3D%3D%2257c00041-77e4-4cd8-8b7b-6ff2527387b5%22+or+id%3D%3D%225f179ff1-e8a8-491d-8885-ea7a887409c7%22+or+id%3D%3D%2287518e5d-b3d8-509a-9cde-fb0f6ba16ecb%22+or+id%3D%3D%22353d2bb6-c4ab-49a1-bb09-c94a92d997a6%22+or+id%3D%3D%2268fd632e-79c3-4ddd-8a02-621a9b19a567%22+or+id%3D%3D%22e4a69f24-5c02-4341-b991-9bdff36a73e6%22+or+id%3D%3D%22aab9fadf-4166-4e1a-a3d9-1671e0aaaede%22+or+id%3D%3D%225c5f1c4f-92d0-46ee-b964-dbd77dcf895d%22+or+id%3D%3D%2219707bc4-8830-4749-b0cb-03353ff98fcf%22+or+id%3D%3D%221697fc1e-bfa0-5862-97cd-b29fa469adbc%22+or+id%3D%3D%22feedf627-b780-4db5-aabc-4a5d7866184b%22+or+id%3D%3D%22eea76be1-e65e-5b2c-a03d-2643d089d051%22+or+id%3D%3D%22605791de-aa54-49fe-865e-1e9da1ff5065%22+or+id%3D%3D%228eca126b-64ae-4705-9bb3-7a2027707eaf%22+or+id%3D%3D%221fc62f97-d8b4-570b-93b2-db2d38fbf8af%22+or+id%3D%3D%22ae38c530-fe24-472f-8423-117f12508df6%22+or+id%3D%3D%22d6765922-19a7-448a-a148-67bdfe898820%22+or+id%3D%3D%223607de06-841a-452c-968a-aecddaa06018%22+or+id%3D%3D%22b2754740-252e-4985-b72d-dbf638e7cb31%22+or+id%3D%3D%222b2f5589-e82a-445c-8201-43ac081cd0dc%22+or+id%3D%3D%22b13690f5-18ef-4baa-8ec1-63e349399e9e%22+or+id%3D%3D%227d637bac-29b8-4e0b-b347-61c8e8bc3f00%22+or+id%3D%3D%224a90fd66-427a-47c4-bac7-08c9f2933a0c%22+or+id%3D%3D%22fd1c9f3b-99d0-5d75-ae31-83350383e9fa%22+or+id%3D%3D%22affff187-c9fd-5010-859d-199063698fa4%22+or+id%3D%3D%22609a0b37-f12f-4eb6-8876-04f0965e8a9e%22+or+id%3D%3D%22886c190e-993b-579f-9db2-b7d68e57a922%22+or+id%3D%3D%22f8b0f741-7c0f-5ac5-ad8c-478966dd81c2%22+or+id%3D%3D%22f95dbbc4-4722-44a4-b6d8-4fc76c816048%22+or+id%3D%3D%22524068c8-e8b7-49cd-a885-160238b928eb%22+or+id%3D%3D%2214157781-276e-4ab7-94af-e84e5efd2955%22+or+id%3D%3D%22f36628f9-408d-4cfe-b52f-368ebc215071%22+or+id%3D%3D%22f3ba5444-cb7a-43f6-84f8-55a980e9d8a0%22+or+id%3D%3D%220e392e26-f166-4f62-8b95-8898da1f7f36%22+or+id%3D%3D%227550874b-2da9-4dc7-9e99-e4c218790f1a%22+or+id%3D%3D%22f0e478e3-b0b1-4e46-ae4d-1a1ac268e0df%22+or+id%3D%3D%22d53831bc-dfa4-4dd8-9b93-b9cb7e4b89c3%22+or+id%3D%3D%22cae3d197-eab8-43ef-b86b-d08b07946a61%22+or+id%3D%3D%22adab5ea0-0f85-4e69-a35c-2fa12c6c2d4a%22+or+id%3D%3D%22ead52c52-4885-4f13-9e05-d2c3bc732b67%22%29&limit=50&expandAll=true HTTP/1.1" 200 None
2026-08-17 05:40:48  DEBUG     urllib3.connectionpool  https://api-lemoyne.folio.ebsco.com:443 "GET /search/instances?query=%28id%3D%3D%22c9ca2c1f-2ae2-5bf8-af0c-a129f69b5639%22+or+id%3D%3D%221622aa2f-7dbc-4991-90ee-05436550a362%22+or+id%3D%3D%22432435ea-7677-4e22-92f6-63807b7d08dc%22+or+id%3D%3D%22ef494b13-386e-4e46-8d27-5b7efda6bad5%22%29&limit=4&expandAll=true HTTP/1.1" 200 None
2026-08-17 05:40:48  INFO      __main__  Fetched details for 104 instances
2026-08-17 05:40:48  DEBUG     urllib3.connectionpool  https://api-lemoyne.folio.ebsco.com:443 "GET /material-types?limit=500 HTTP/1.1" 200 1291
2026-08-17 05:40:48  INFO      __main__  Discovered 23 material types from FOLIO
2026-08-17 05:40:48  DEBUG     urllib3.connectionpool  https://api-lemoyne.folio.ebsco.com:443 "GET /locations?limit=1000 HTTP/1.1" 200 2498
2026-08-17 05:40:48  INFO      __main__  Loaded 33 location definitions
2026-08-17 05:40:48  INFO      __main__  Fetching cover images for 104 items …
2026-08-17 05:40:48  DEBUG     urllib3.connectionpool  Starting new HTTPS connection (1): books.google.com:443
2026-08-17 05:40:48  DEBUG     urllib3.connectionpool  https://books.google.com:443 "GET /books?jscmd=viewapi&bibkeys=ISBN%3A2026003056 HTTP/1.1" 200 None
2026-08-17 05:40:48  DEBUG     urllib3.connectionpool  Starting new HTTPS connection (1): books.google.com:443
2026-08-17 05:40:48  DEBUG     urllib3.connectionpool  https://books.google.com:443 "GET /books?jscmd=viewapi&bibkeys=OCLC%3A1570483056 HTTP/1.1" 200 None
2026-08-17 05:40:48  DEBUG     urllib3.connectionpool  Starting new HTTPS connection (1): books.google.com:443
2026-08-17 05:40:49  DEBUG     urllib3.connectionpool  https://books.google.com:443 "GET /books?jscmd=viewapi&bibkeys=ISBN%3A9798888905005 HTTP/1.1" 200 None
2026-08-17 05:40:49  DEBUG     urllib3.connectionpool  Starting new HTTPS connection (1): books.google.com:443
2026-08-17 05:40:49  DEBUG     urllib3.connectionpool  https://books.google.com:443 "GET /books?jscmd=viewapi&bibkeys=OCLC%3A1082149225 HTTP/1.1" 200 None
2026-08-17 05:40:49  DEBUG     urllib3.connectionpool  Starting new HTTPS connection (1): books.google.com:443
2026-08-17 05:40:49  DEBUG     urllib3.connectionpool  https://books.google.com:443 "GET /books?jscmd=viewapi&bibkeys=ISBN%3A2024943389 HTTP/1.1" 200 None
2026-08-17 05:40:49  DEBUG     urllib3.connectionpool  Starting new HTTPS connection (1): books.google.com:443
2026-08-17 05:40:49  DEBUG     urllib3.connectionpool  https://books.google.com:443 "GET /books?jscmd=viewapi&bibkeys=OCLC%3A1509695237 HTTP/1.1" 200 None
2026-08-17 05:40:49  DEBUG     urllib3.connectionpool  Starting new HTTPS connection (1): books.google.com:443
2026-08-17 05:40:49  DEBUG     urllib3.connectionpool  https://books.google.com:443 "GET /books?jscmd=viewapi&bibkeys=ISBN%3A9780925776228 HTTP/1.1" 200 None
2026-08-17 05:40:49  DEBUG     urllib3.connectionpool  Starting new HTTPS connection (1): books.google.com:443
2026-08-17 05:40:49  DEBUG     urllib3.connectionpool  https://books.google.com:443 "GET /books?jscmd=viewapi&bibkeys=ISBN%3A2024012516 HTTP/1.1" 200 None
2026-08-17 05:40:49  DEBUG     urllib3.connectionpool  Starting new HTTPS connection (1): books.google.com:443
2026-08-17 05:40:49  DEBUG     urllib3.connectionpool  https://books.google.com:443 "GET /books?jscmd=viewapi&bibkeys=OCLC%3A1417469967 HTTP/1.1" 200 None
2026-08-17 05:40:49  DEBUG     urllib3.connectionpool  Starting new HTTPS connection (1): books.google.com:443
2026-08-17 05:40:49  DEBUG     urllib3.connectionpool  https://books.google.com:443 "GET /books?jscmd=viewapi&bibkeys=ISBN%3A2022000906 HTTP/1.1" 200 None
2026-08-17 05:40:49  DEBUG     urllib3.connectionpool  Starting new HTTPS connection (1): books.google.com:443
2026-08-17 05:40:49  DEBUG     urllib3.connectionpool  https://books.google.com:443 "GET /books?jscmd=viewapi&bibkeys=OCLC%3A1302331379 HTTP/1.1" 200 None
2026-08-17 05:40:49  DEBUG     urllib3.connectionpool  Starting new HTTPS connection (1): api.themoviedb.org:443
2026-08-17 05:40:50  DEBUG     urllib3.connectionpool  https://api.themoviedb.org:443 "GET /3/search/multi?query=Gender+and+sexuality+in+the+classroom+%3A+an+educator%27s+guide+%2F+Marni+Brown%2C+Baker+A.+Rogers%2C+and+Martha+Caldwell.&api_key=0270b36dd719e939d079b611ba56fa7c HTTP/1.1" 200 None
2026-08-17 05:40:50  DEBUG     urllib3.connectionpool  Starting new HTTPS connection (1): books.google.com:443
2026-08-17 05:40:50  DEBUG     urllib3.connectionpool  https://books.google.com:443 "GET /books?jscmd=viewapi&bibkeys=ISBN%3A2024016523 HTTP/1.1" 200 None
2026-08-17 05:40:50  DEBUG     urllib3.connectionpool  Starting new HTTPS connection (1): books.google.com:443
2026-08-17 05:40:50  DEBUG     urllib3.connectionpool  https://books.google.com:443 "GET /books?jscmd=viewapi&bibkeys=OCLC%3A1437997463 HTTP/1.1" 200 None
2026-08-17 05:40:50  DEBUG     urllib3.connectionpool  Starting new HTTPS connection (1): books.google.com:443
2026-08-17 05:40:50  DEBUG     urllib3.connectionpool  https://books.google.com:443 "GET /books?jscmd=viewapi&bibkeys=ISBN%3A0063511630 HTTP/1.1" 200 None
2026-08-17 05:40:50  DEBUG     urllib3.connectionpool  Starting new HTTPS connection (1): books.google.com:443
2026-08-17 05:40:50  DEBUG     urllib3.connectionpool  https://books.google.com:443 "GET /books?jscmd=viewapi&bibkeys=ISBN%3A2025054230 HTTP/1.1" 200 None
2026-08-17 05:40:50  DEBUG     urllib3.connectionpool  Starting new HTTPS connection (1): books.google.com:443
2026-08-17 05:40:50  DEBUG     urllib3.connectionpool  https://books.google.com:443 "GET /books?jscmd=viewapi&bibkeys=OCLC%3A1520908122 HTTP/1.1" 200 None
2026-08-17 05:40:50  DEBUG     urllib3.connectionpool  Starting new HTTPS connection (1): books.google.com:443
2026-08-17 05:40:51  DEBUG     urllib3.connectionpool  https://books.google.com:443 "GET /books?jscmd=viewapi&bibkeys=ISBN%3A2021050502 HTTP/1.1" 200 None
2026-08-17 05:40:51  DEBUG     urllib3.connectionpool  Starting new HTTPS connection (1): books.google.com:443
2026-08-17 05:40:51  DEBUG     urllib3.connectionpool  https://books.google.com:443 "GET /books?jscmd=viewapi&bibkeys=OCLC%3A1288666177 HTTP/1.1" 200 None
2026-08-17 05:40:52  DEBUG     urllib3.connectionpool  Starting new HTTPS connection (1): books.google.com:443
2026-08-17 05:40:52  DEBUG     urllib3.connectionpool  https://books.google.com:443 "GET /books?jscmd=viewapi&bibkeys=ISBN%3A2017303895 HTTP/1.1" 200 None
2026-08-17 05:40:52  DEBUG     urllib3.connectionpool  Starting new HTTPS connection (1): books.google.com:443
2026-08-17 05:40:52  DEBUG     urllib3.connectionpool  https://books.google.com:443 "GET /books?jscmd=viewapi&bibkeys=OCLC%3A952789649 HTTP/1.1" 200 None
2026-08-17 05:40:52  DEBUG     urllib3.connectionpool  Starting new HTTPS connection (1): books.google.com:443
2026-08-17 05:40:52  DEBUG     urllib3.connectionpool  https://books.google.com:443 "GET /books?jscmd=viewapi&bibkeys=ISBN%3A1586921767 HTTP/1.1" 200 None
2026-08-17 05:40:52  DEBUG     urllib3.connectionpool  Starting new HTTPS connection (1): books.google.com:443
2026-08-17 05:40:53  DEBUG     urllib3.connectionpool  https://books.google.com:443 "GET /books?jscmd=viewapi&bibkeys=OCLC%3A1579017246 HTTP/1.1" 200 None
2026-08-17 05:40:53  DEBUG     urllib3.connectionpool  Starting new HTTPS connection (1): books.google.com:443
2026-08-17 05:40:53  DEBUG     urllib3.connectionpool  https://books.google.com:443 "GET /books?jscmd=viewapi&bibkeys=ISBN%3A2014949011 HTTP/1.1" 200 None
2026-08-17 05:40:53  DEBUG     urllib3.connectionpool  Starting new HTTPS connection (1): books.google.com:443
2026-08-17 05:40:53  DEBUG     urllib3.connectionpool  https://books.google.com:443 "GET /books?jscmd=viewapi&bibkeys=OCLC%3A898088225 HTTP/1.1" 200 None
2026-08-17 05:40:53  DEBUG     urllib3.connectionpool  Starting new HTTPS connection (1): books.google.com:443
2026-08-17 05:40:53  DEBUG     urllib3.connectionpool  https://books.google.com:443 "GET /books?jscmd=viewapi&bibkeys=ISBN%3A2025006793 HTTP/1.1" 200 None
2026-08-17 05:40:53  DEBUG     urllib3.connectionpool  Starting new HTTPS connection (1): books.google.com:443
2026-08-17 05:40:53  DEBUG     urllib3.connectionpool  https://books.google.com:443 "GET /books?jscmd=viewapi&bibkeys=OCLC%3A1500217614 HTTP/1.1" 200 None
2026-08-17 05:40:53  DEBUG     urllib3.connectionpool  Starting new HTTPS connection (1): books.google.com:443
2026-08-17 05:40:53  DEBUG     urllib3.connectionpool  https://books.google.com:443 "GET /books?jscmd=viewapi&bibkeys=ISBN%3A2018030408 HTTP/1.1" 200 None
2026-08-17 05:40:53  DEBUG     urllib3.connectionpool  Starting new HTTPS connection (1): books.google.com:443
2026-08-17 05:40:53  DEBUG     urllib3.connectionpool  https://books.google.com:443 "GET /books?jscmd=viewapi&bibkeys=OCLC%3A1043051113 HTTP/1.1" 200 None
2026-08-17 05:40:53  DEBUG     urllib3.connectionpool  Starting new HTTPS connection (1): books.google.com:443
2026-08-17 05:40:53  DEBUG     urllib3.connectionpool  https://books.google.com:443 "GET /books?jscmd=viewapi&bibkeys=ISBN%3A2026016846 HTTP/1.1" 200 None
2026-08-17 05:40:53  DEBUG     urllib3.connectionpool  Starting new HTTPS connection (1): books.google.com:443
2026-08-17 05:40:53  DEBUG     urllib3.connectionpool  https://books.google.com:443 "GET /books?jscmd=viewapi&bibkeys=OCLC%3A1570754080 HTTP/1.1" 200 None
2026-08-17 05:40:53  DEBUG     urllib3.connectionpool  Starting new HTTPS connection (1): api.themoviedb.org:443
2026-08-17 05:40:53  DEBUG     urllib3.connectionpool  https://api.themoviedb.org:443 "GET /3/search/multi?query=Creating+generative+AI+policies+%3A+a+guide+for+public+and+academic+libraries+%2F+Robin+Hastings.&api_key=0270b36dd719e939d079b611ba56fa7c HTTP/1.1" 200 None
2026-08-17 05:40:53  DEBUG     urllib3.connectionpool  Starting new HTTPS connection (1): books.google.com:443
2026-08-17 05:40:54  DEBUG     urllib3.connectionpool  https://books.google.com:443 "GET /books?jscmd=viewapi&bibkeys=ISBN%3A2021016303 HTTP/1.1" 200 None
2026-08-17 05:40:54  DEBUG     urllib3.connectionpool  Starting new HTTPS connection (1): books.google.com:443
2026-08-17 05:40:54  DEBUG     urllib3.connectionpool  https://books.google.com:443 "GET /books?jscmd=viewapi&bibkeys=OCLC%3A1240576417 HTTP/1.1" 200 None
2026-08-17 05:40:54  DEBUG     urllib3.connectionpool  Starting new HTTPS connection (1): books.google.com:443
2026-08-17 05:40:54  DEBUG     urllib3.connectionpool  https://books.google.com:443 "GET /books?jscmd=viewapi&bibkeys=ISBN%3A2021924408 HTTP/1.1" 200 None
2026-08-17 05:40:54  DEBUG     urllib3.connectionpool  Starting new HTTPS connection (1): books.google.com:443
2026-08-17 05:40:54  DEBUG     urllib3.connectionpool  https://books.google.com:443 "GET /books?jscmd=viewapi&bibkeys=OCLC%3A1282601295 HTTP/1.1" 200 None
2026-08-17 05:40:54  DEBUG     urllib3.connectionpool  Starting new HTTPS connection (1): books.google.com:443
2026-08-17 05:40:54  DEBUG     urllib3.connectionpool  https://books.google.com:443 "GET /books?jscmd=viewapi&bibkeys=OCLC%3A1518186166 HTTP/1.1" 200 None
2026-08-17 05:40:54  DEBUG     urllib3.connectionpool  Starting new HTTPS connection (1): books.google.com:443
2026-08-17 05:40:54  DEBUG     urllib3.connectionpool  https://books.google.com:443 "GET /books?jscmd=viewapi&bibkeys=ISBN%3A2025000127 HTTP/1.1" 200 None
2026-08-17 05:40:54  DEBUG     urllib3.connectionpool  Starting new HTTPS connection (1): books.google.com:443
2026-08-17 05:40:54  DEBUG     urllib3.connectionpool  https://books.google.com:443 "GET /books?jscmd=viewapi&bibkeys=OCLC%3A1514598684 HTTP/1.1" 200 None
2026-08-17 05:40:55  DEBUG     urllib3.connectionpool  Starting new HTTPS connection (1): books.google.com:443
2026-08-17 05:40:55  DEBUG     urllib3.connectionpool  https://books.google.com:443 "GET /books?jscmd=viewapi&bibkeys=ISBN%3A2023054363 HTTP/1.1" 200 None
2026-08-17 05:40:55  DEBUG     urllib3.connectionpool  Starting new HTTPS connection (1): books.google.com:443
2026-08-17 05:40:56  DEBUG     urllib3.connectionpool  https://books.google.com:443 "GET /books?jscmd=viewapi&bibkeys=OCLC%3A1415240396 HTTP/1.1" 200 None
2026-08-17 05:40:56  DEBUG     urllib3.connectionpool  Starting new HTTPS connection (1): books.google.com:443
2026-08-17 05:40:56  DEBUG     urllib3.connectionpool  https://books.google.com:443 "GET /books?jscmd=viewapi&bibkeys=ISBN%3A2023049476 HTTP/1.1" 200 None
2026-08-17 05:40:56  DEBUG     urllib3.connectionpool  Starting new HTTPS connection (1): books.google.com:443
2026-08-17 05:40:56  DEBUG     urllib3.connectionpool  https://books.google.com:443 "GET /books?jscmd=viewapi&bibkeys=OCLC%3A1408648878 HTTP/1.1" 200 None
2026-08-17 05:40:56  DEBUG     urllib3.connectionpool  Starting new HTTPS connection (1): books.google.com:443
2026-08-17 05:40:56  DEBUG     urllib3.connectionpool  https://books.google.com:443 "GET /books?jscmd=viewapi&bibkeys=OCLC%3A1521909326 HTTP/1.1" 200 None
2026-08-17 05:40:56  DEBUG     urllib3.connectionpool  Starting new HTTPS connection (1): api.themoviedb.org:443
2026-08-17 05:40:56  DEBUG     urllib3.connectionpool  https://api.themoviedb.org:443 "GET /3/search/multi?query=Thinking+AI+%3A+how+artificial+intelligence+emulates+human+understanding+%2F+John+MacCormick.&api_key=0270b36dd719e939d079b611ba56fa7c HTTP/1.1" 200 None
2026-08-17 05:40:56  DEBUG     urllib3.connectionpool  Starting new HTTPS connection (1): books.google.com:443
2026-08-17 05:40:56  DEBUG     urllib3.connectionpool  https://books.google.com:443 "GET /books?jscmd=viewapi&bibkeys=ISBN%3A2024059990 HTTP/1.1" 200 None
2026-08-17 05:40:56  DEBUG     urllib3.connectionpool  Starting new HTTPS connection (1): books.google.com:443
2026-08-17 05:40:56  DEBUG     urllib3.connectionpool  https://books.google.com:443 "GET /books?jscmd=viewapi&bibkeys=OCLC%3A1453071132 HTTP/1.1" 200 None
2026-08-17 05:40:56  DEBUG     urllib3.connectionpool  Starting new HTTPS connection (1): books.google.com:443
2026-08-17 05:40:56  DEBUG     urllib3.connectionpool  https://books.google.com:443 "GET /books?jscmd=viewapi&bibkeys=ISBN%3A2025016685 HTTP/1.1" 200 None
2026-08-17 05:40:56  DEBUG     urllib3.connectionpool  Starting new HTTPS connection (1): books.google.com:443
2026-08-17 05:40:56  DEBUG     urllib3.connectionpool  https://books.google.com:443 "GET /books?jscmd=viewapi&bibkeys=OCLC%3A1506131444 HTTP/1.1" 200 None
2026-08-17 05:40:56  DEBUG     urllib3.connectionpool  Starting new HTTPS connection (1): books.google.com:443
2026-08-17 05:40:57  DEBUG     urllib3.connectionpool  https://books.google.com:443 "GET /books?jscmd=viewapi&bibkeys=OCLC%3A1529593781 HTTP/1.1" 200 None
2026-08-17 05:40:57  DEBUG     urllib3.connectionpool  Starting new HTTPS connection (1): api.themoviedb.org:443
2026-08-17 05:40:57  DEBUG     urllib3.connectionpool  https://api.themoviedb.org:443 "GET /3/search/multi?query=Beyond+belief+%3A+how+evidence+shows+what+really+works+%2F+Helen+Pearson.&api_key=0270b36dd719e939d079b611ba56fa7c HTTP/1.1" 200 None
2026-08-17 05:40:57  DEBUG     urllib3.connectionpool  Starting new HTTPS connection (1): books.google.com:443
2026-08-17 05:40:57  DEBUG     urllib3.connectionpool  https://books.google.com:443 "GET /books?jscmd=viewapi&bibkeys=ISBN%3A2025936081 HTTP/1.1" 200 None
2026-08-17 05:40:57  DEBUG     urllib3.connectionpool  Starting new HTTPS connection (1): books.google.com:443
2026-08-17 05:40:57  DEBUG     urllib3.connectionpool  https://books.google.com:443 "GET /books?jscmd=viewapi&bibkeys=OCLC%3A1472919691 HTTP/1.1" 200 None
2026-08-17 05:40:57  DEBUG     urllib3.connectionpool  Starting new HTTPS connection (1): books.google.com:443
2026-08-17 05:40:57  DEBUG     urllib3.connectionpool  https://books.google.com:443 "GET /books?jscmd=viewapi&bibkeys=ISBN%3A2016021462 HTTP/1.1" 200 None
2026-08-17 05:40:57  DEBUG     urllib3.connectionpool  Starting new HTTPS connection (1): books.google.com:443
2026-08-17 05:40:57  DEBUG     urllib3.connectionpool  https://books.google.com:443 "GET /books?jscmd=viewapi&bibkeys=OCLC%3A949669599 HTTP/1.1" 200 None
2026-08-17 05:40:57  DEBUG     urllib3.connectionpool  Starting new HTTPS connection (1): books.google.com:443
2026-08-17 05:40:57  DEBUG     urllib3.connectionpool  https://books.google.com:443 "GET /books?jscmd=viewapi&bibkeys=ISBN%3A1296905252 HTTP/1.1" 200 None
2026-08-17 05:40:57  DEBUG     urllib3.connectionpool  Starting new HTTPS connection (1): books.google.com:443
2026-08-17 05:40:57  DEBUG     urllib3.connectionpool  https://books.google.com:443 "GET /books?jscmd=viewapi&bibkeys=OCLC%3A932001597 HTTP/1.1" 200 None
2026-08-17 05:40:57  DEBUG     urllib3.connectionpool  Starting new HTTPS connection (1): books.google.com:443
2026-08-17 05:40:57  DEBUG     urllib3.connectionpool  https://books.google.com:443 "GET /books?jscmd=viewapi&bibkeys=OCLC%3A1592965230 HTTP/1.1" 200 None
2026-08-17 05:40:57  DEBUG     urllib3.connectionpool  Starting new HTTPS connection (1): api.themoviedb.org:443
2026-08-17 05:40:58  DEBUG     urllib3.connectionpool  https://api.themoviedb.org:443 "GET /3/search/multi?query=80%2C000+hours+%3A+how+to+have+a+fulfilling+career+that+does+good+%2F+Benjamin+Todd.&api_key=0270b36dd719e939d079b611ba56fa7c HTTP/1.1" 200 None
2026-08-17 05:40:59  DEBUG     urllib3.connectionpool  Starting new HTTPS connection (1): books.google.com:443
2026-08-17 05:40:59  DEBUG     urllib3.connectionpool  https://books.google.com:443 "GET /books?jscmd=viewapi&bibkeys=ISBN%3A2020027770 HTTP/1.1" 200 None
2026-08-17 05:40:59  DEBUG     urllib3.connectionpool  Starting new HTTPS connection (1): books.google.com:443
2026-08-17 05:40:59  DEBUG     urllib3.connectionpool  https://books.google.com:443 "GET /books?jscmd=viewapi&bibkeys=OCLC%3A1151497573 HTTP/1.1" 200 None
2026-08-17 05:40:59  DEBUG     urllib3.connectionpool  Starting new HTTPS connection (1): books.google.com:443
2026-08-17 05:40:59  DEBUG     urllib3.connectionpool  https://books.google.com:443 "GET /books?jscmd=viewapi&bibkeys=ISBN%3A2021050092 HTTP/1.1" 200 None
2026-08-17 05:40:59  DEBUG     urllib3.connectionpool  Starting new HTTPS connection (1): books.google.com:443
2026-08-17 05:40:59  DEBUG     urllib3.connectionpool  https://books.google.com:443 "GET /books?jscmd=viewapi&bibkeys=OCLC%3A1285577176 HTTP/1.1" 200 None
2026-08-17 05:40:59  DEBUG     urllib3.connectionpool  Starting new HTTPS connection (1): books.google.com:443
2026-08-17 05:40:59  DEBUG     urllib3.connectionpool  https://books.google.com:443 "GET /books?jscmd=viewapi&bibkeys=ISBN%3A2020041583 HTTP/1.1" 200 None
2026-08-17 05:40:59  DEBUG     urllib3.connectionpool  Starting new HTTPS connection (1): books.google.com:443
2026-08-17 05:40:59  DEBUG     urllib3.connectionpool  https://books.google.com:443 "GET /books?jscmd=viewapi&bibkeys=OCLC%3A1196821778 HTTP/1.1" 200 None
2026-08-17 05:40:59  DEBUG     urllib3.connectionpool  Starting new HTTPS connection (1): books.google.com:443
2026-08-17 05:40:59  DEBUG     urllib3.connectionpool  https://books.google.com:443 "GET /books?jscmd=viewapi&bibkeys=ISBN%3A1311283879 HTTP/1.1" 200 None
2026-08-17 05:40:59  DEBUG     urllib3.connectionpool  Starting new HTTPS connection (1): books.google.com:443
2026-08-17 05:40:59  DEBUG     urllib3.connectionpool  https://books.google.com:443 "GET /books?jscmd=viewapi&bibkeys=OCLC%3A1259046336 HTTP/1.1" 200 None
2026-08-17 05:40:59  DEBUG     urllib3.connectionpool  Starting new HTTPS connection (1): books.google.com:443
2026-08-17 05:41:00  DEBUG     urllib3.connectionpool  https://books.google.com:443 "GET /books?jscmd=viewapi&bibkeys=ISBN%3A2024012575 HTTP/1.1" 200 None
2026-08-17 05:41:00  DEBUG     urllib3.connectionpool  Starting new HTTPS connection (1): books.google.com:443
2026-08-17 05:41:00  DEBUG     urllib3.connectionpool  https://books.google.com:443 "GET /books?jscmd=viewapi&bibkeys=OCLC%3A1420449549 HTTP/1.1" 200 None
2026-08-17 05:41:00  DEBUG     urllib3.connectionpool  Starting new HTTPS connection (1): books.google.com:443
2026-08-17 05:41:00  DEBUG     urllib3.connectionpool  https://books.google.com:443 "GET /books?jscmd=viewapi&bibkeys=ISBN%3A2025051097 HTTP/1.1" 200 None
2026-08-17 05:41:00  DEBUG     urllib3.connectionpool  Starting new HTTPS connection (1): books.google.com:443
2026-08-17 05:41:00  DEBUG     urllib3.connectionpool  https://books.google.com:443 "GET /books?jscmd=viewapi&bibkeys=OCLC%3A1541909718 HTTP/1.1" 200 None
2026-08-17 05:41:00  DEBUG     urllib3.connectionpool  Starting new HTTPS connection (1): books.google.com:443
2026-08-17 05:41:00  DEBUG     urllib3.connectionpool  https://books.google.com:443 "GET /books?jscmd=viewapi&bibkeys=ISBN%3A2026016366 HTTP/1.1" 200 None
2026-08-17 05:41:00  DEBUG     urllib3.connectionpool  Starting new HTTPS connection (1): books.google.com:443
2026-08-17 05:41:00  DEBUG     urllib3.connectionpool  https://books.google.com:443 "GET /books?jscmd=viewapi&bibkeys=OCLC%3A1582422910 HTTP/1.1" 200 None
2026-08-17 05:41:00  DEBUG     urllib3.connectionpool  Starting new HTTPS connection (1): api.themoviedb.org:443
2026-08-17 05:41:00  DEBUG     urllib3.connectionpool  https://api.themoviedb.org:443 "GET /3/search/multi?query=The+unicorn+hunters+%3A+a+novel+%2F+Katherine+Arden.&api_key=0270b36dd719e939d079b611ba56fa7c HTTP/1.1" 200 None
2026-08-17 05:41:00  DEBUG     urllib3.connectionpool  Starting new HTTPS connection (1): books.google.com:443
2026-08-17 05:41:01  DEBUG     urllib3.connectionpool  https://books.google.com:443 "GET /books?jscmd=viewapi&bibkeys=ISBN%3A2025037346 HTTP/1.1" 200 None
2026-08-17 05:41:01  DEBUG     urllib3.connectionpool  Starting new HTTPS connection (1): books.google.com:443
2026-08-17 05:41:01  DEBUG     urllib3.connectionpool  https://books.google.com:443 "GET /books?jscmd=viewapi&bibkeys=OCLC%3A1524979901 HTTP/1.1" 200 None
2026-08-17 05:41:01  DEBUG     urllib3.connectionpool  Starting new HTTPS connection (1): api.themoviedb.org:443
2026-08-17 05:41:01  DEBUG     urllib3.connectionpool  https://api.themoviedb.org:443 "GET /3/search/multi?query=Patient%2C+female+%3A+stories+%2F+Julie+Schumacher.&api_key=0270b36dd719e939d079b611ba56fa7c HTTP/1.1" 200 None
2026-08-17 05:41:01  DEBUG     urllib3.connectionpool  Starting new HTTPS connection (1): books.google.com:443
2026-08-17 05:41:01  DEBUG     urllib3.connectionpool  https://books.google.com:443 "GET /books?jscmd=viewapi&bibkeys=ISBN%3A2020057139 HTTP/1.1" 200 None
2026-08-17 05:41:01  DEBUG     urllib3.connectionpool  Starting new HTTPS connection (1): books.google.com:443
2026-08-17 05:41:01  DEBUG     urllib3.connectionpool  https://books.google.com:443 "GET /books?jscmd=viewapi&bibkeys=OCLC%3A1175914589 HTTP/1.1" 200 None
2026-08-17 05:41:01  DEBUG     urllib3.connectionpool  Starting new HTTPS connection (1): books.google.com:443
2026-08-17 05:41:01  DEBUG     urllib3.connectionpool  https://books.google.com:443 "GET /books?jscmd=viewapi&bibkeys=ISBN%3A2016049811 HTTP/1.1" 200 None
2026-08-17 05:41:01  DEBUG     urllib3.connectionpool  Starting new HTTPS connection (1): books.google.com:443
2026-08-17 05:41:01  DEBUG     urllib3.connectionpool  https://books.google.com:443 "GET /books?jscmd=viewapi&bibkeys=OCLC%3A962025730 HTTP/1.1" 200 None
2026-08-17 05:41:02  DEBUG     urllib3.connectionpool  Starting new HTTPS connection (1): books.google.com:443
2026-08-17 05:41:02  DEBUG     urllib3.connectionpool  https://books.google.com:443 "GET /books?jscmd=viewapi&bibkeys=ISBN%3A2016058809 HTTP/1.1" 200 None
2026-08-17 05:41:02  DEBUG     urllib3.connectionpool  Starting new HTTPS connection (1): books.google.com:443
2026-08-17 05:41:02  DEBUG     urllib3.connectionpool  https://books.google.com:443 "GET /books?jscmd=viewapi&bibkeys=OCLC%3A959536312 HTTP/1.1" 200 None
2026-08-17 05:41:02  DEBUG     urllib3.connectionpool  Starting new HTTPS connection (1): books.google.com:443
2026-08-17 05:41:03  DEBUG     urllib3.connectionpool  https://books.google.com:443 "GET /books?jscmd=viewapi&bibkeys=ISBN%3A2023050723 HTTP/1.1" 200 None
2026-08-17 05:41:03  DEBUG     urllib3.connectionpool  Starting new HTTPS connection (1): books.google.com:443
2026-08-17 05:41:03  DEBUG     urllib3.connectionpool  https://books.google.com:443 "GET /books?jscmd=viewapi&bibkeys=OCLC%3A1412503493 HTTP/1.1" 200 None
2026-08-17 05:41:03  DEBUG     urllib3.connectionpool  Starting new HTTPS connection (1): books.google.com:443
2026-08-17 05:41:03  DEBUG     urllib3.connectionpool  https://books.google.com:443 "GET /books?jscmd=viewapi&bibkeys=ISBN%3A2015047167 HTTP/1.1" 200 None
2026-08-17 05:41:03  DEBUG     urllib3.connectionpool  Starting new HTTPS connection (1): books.google.com:443
2026-08-17 05:41:03  DEBUG     urllib3.connectionpool  https://books.google.com:443 "GET /books?jscmd=viewapi&bibkeys=OCLC%3A922454217 HTTP/1.1" 200 None
2026-08-17 05:41:03  DEBUG     urllib3.connectionpool  Starting new HTTPS connection (1): books.google.com:443
2026-08-17 05:41:03  DEBUG     urllib3.connectionpool  https://books.google.com:443 "GET /books?jscmd=viewapi&bibkeys=ISBN%3A2024041511 HTTP/1.1" 200 None
2026-08-17 05:41:03  DEBUG     urllib3.connectionpool  Starting new HTTPS connection (1): books.google.com:443
2026-08-17 05:41:03  DEBUG     urllib3.connectionpool  https://books.google.com:443 "GET /books?jscmd=viewapi&bibkeys=OCLC%3A1476523609 HTTP/1.1" 200 None
2026-08-17 05:41:03  DEBUG     urllib3.connectionpool  Starting new HTTPS connection (1): books.google.com:443
2026-08-17 05:41:03  DEBUG     urllib3.connectionpool  https://books.google.com:443 "GET /books?jscmd=viewapi&bibkeys=ISBN%3A2014039139 HTTP/1.1" 200 None
2026-08-17 05:41:03  DEBUG     urllib3.connectionpool  Starting new HTTPS connection (1): books.google.com:443
2026-08-17 05:41:03  DEBUG     urllib3.connectionpool  https://books.google.com:443 "GET /books?jscmd=viewapi&bibkeys=OCLC%3A872622573 HTTP/1.1" 200 None
2026-08-17 05:41:03  DEBUG     urllib3.connectionpool  Starting new HTTPS connection (1): books.google.com:443
2026-08-17 05:41:03  DEBUG     urllib3.connectionpool  https://books.google.com:443 "GET /books?jscmd=viewapi&bibkeys=ISBN%3A2015007184 HTTP/1.1" 200 None
2026-08-17 05:41:03  DEBUG     urllib3.connectionpool  Starting new HTTPS connection (1): books.google.com:443
2026-08-17 05:41:03  DEBUG     urllib3.connectionpool  https://books.google.com:443 "GET /books?jscmd=viewapi&bibkeys=OCLC%3A903635090 HTTP/1.1" 200 None
2026-08-17 05:41:03  DEBUG     urllib3.connectionpool  Starting new HTTPS connection (1): books.google.com:443
2026-08-17 05:41:04  DEBUG     urllib3.connectionpool  https://books.google.com:443 "GET /books?jscmd=viewapi&bibkeys=ISBN%3A2025039604 HTTP/1.1" 200 None
2026-08-17 05:41:04  DEBUG     urllib3.connectionpool  Starting new HTTPS connection (1): books.google.com:443
2026-08-17 05:41:04  DEBUG     urllib3.connectionpool  https://books.google.com:443 "GET /books?jscmd=viewapi&bibkeys=OCLC%3A1573038546 HTTP/1.1" 200 None
2026-08-17 05:41:04  DEBUG     urllib3.connectionpool  Starting new HTTPS connection (1): api.themoviedb.org:443
2026-08-17 05:41:04  DEBUG     urllib3.connectionpool  https://api.themoviedb.org:443 "GET /3/search/multi?query=Principles+and+practice+of+grief+counseling+%2F+Darcy+L.+Harris%2C+PhD%2C+RN%2C+RSW%2C+MEd%28Couns%29%2C+FT%2C+Evgenia+Milman%2C+PhD%2C+MA%2C+LP.&api_key=0270b36dd719e939d079b611ba56fa7c HTTP/1.1" 200 None
2026-08-17 05:41:04  DEBUG     urllib3.connectionpool  Starting new HTTPS connection (1): books.google.com:443
2026-08-17 05:41:04  DEBUG     urllib3.connectionpool  https://books.google.com:443 "GET /books?jscmd=viewapi&bibkeys=ISBN%3A1005494627 HTTP/1.1" 200 None
2026-08-17 05:41:04  DEBUG     urllib3.connectionpool  Starting new HTTPS connection (1): books.google.com:443
2026-08-17 05:41:04  DEBUG     urllib3.connectionpool  https://books.google.com:443 "GET /books?jscmd=viewapi&bibkeys=OCLC%3A29428773 HTTP/1.1" 200 None
2026-08-17 05:41:04  DEBUG     urllib3.connectionpool  Starting new HTTPS connection (1): books.google.com:443
2026-08-17 05:41:04  DEBUG     urllib3.connectionpool  https://books.google.com:443 "GET /books?jscmd=viewapi&bibkeys=ISBN%3A2024041341 HTTP/1.1" 200 None
2026-08-17 05:41:04  DEBUG     urllib3.connectionpool  Starting new HTTPS connection (1): books.google.com:443
2026-08-17 05:41:04  DEBUG     urllib3.connectionpool  https://books.google.com:443 "GET /books?jscmd=viewapi&bibkeys=OCLC%3A1472088920 HTTP/1.1" 200 None
2026-08-17 05:41:04  DEBUG     urllib3.connectionpool  Starting new HTTPS connection (1): books.google.com:443
2026-08-17 05:41:04  DEBUG     urllib3.connectionpool  https://books.google.com:443 "GET /books?jscmd=viewapi&bibkeys=OCLC%3A1393485907 HTTP/1.1" 200 None
2026-08-17 05:41:05  DEBUG     urllib3.connectionpool  Starting new HTTPS connection (1): books.google.com:443
2026-08-17 05:41:05  DEBUG     urllib3.connectionpool  https://books.google.com:443 "GET /books?jscmd=viewapi&bibkeys=ISBN%3A2017963192 HTTP/1.1" 200 None
2026-08-17 05:41:05  DEBUG     urllib3.connectionpool  Starting new HTTPS connection (1): books.google.com:443
2026-08-17 05:41:05  DEBUG     urllib3.connectionpool  https://books.google.com:443 "GET /books?jscmd=viewapi&bibkeys=OCLC%3A1040597238 HTTP/1.1" 200 None
2026-08-17 05:41:06  DEBUG     urllib3.connectionpool  Starting new HTTPS connection (1): books.google.com:443
2026-08-17 05:41:06  DEBUG     urllib3.connectionpool  https://books.google.com:443 "GET /books?jscmd=viewapi&bibkeys=ISBN%3A2020028806 HTTP/1.1" 200 None
2026-08-17 05:41:06  DEBUG     urllib3.connectionpool  Starting new HTTPS connection (1): books.google.com:443
2026-08-17 05:41:06  DEBUG     urllib3.connectionpool  https://books.google.com:443 "GET /books?jscmd=viewapi&bibkeys=OCLC%3A1161998512 HTTP/1.1" 200 None
2026-08-17 05:41:06  DEBUG     urllib3.connectionpool  Starting new HTTPS connection (1): books.google.com:443
2026-08-17 05:41:06  DEBUG     urllib3.connectionpool  https://books.google.com:443 "GET /books?jscmd=viewapi&bibkeys=ISBN%3A2008023436 HTTP/1.1" 200 None
2026-08-17 05:41:06  DEBUG     urllib3.connectionpool  Starting new HTTPS connection (1): books.google.com:443
2026-08-17 05:41:06  DEBUG     urllib3.connectionpool  https://books.google.com:443 "GET /books?jscmd=viewapi&bibkeys=OCLC%3A209594939 HTTP/1.1" 200 None
2026-08-17 05:41:06  DEBUG     urllib3.connectionpool  Starting new HTTPS connection (1): books.google.com:443
2026-08-17 05:41:06  DEBUG     urllib3.connectionpool  https://books.google.com:443 "GET /books?jscmd=viewapi&bibkeys=ISBN%3A2008021359 HTTP/1.1" 200 None
2026-08-17 05:41:06  DEBUG     urllib3.connectionpool  Starting new HTTPS connection (1): books.google.com:443
2026-08-17 05:41:06  DEBUG     urllib3.connectionpool  https://books.google.com:443 "GET /books?jscmd=viewapi&bibkeys=OCLC%3A228701289 HTTP/1.1" 200 None
2026-08-17 05:41:06  DEBUG     urllib3.connectionpool  Starting new HTTPS connection (1): books.google.com:443
2026-08-17 05:41:06  DEBUG     urllib3.connectionpool  https://books.google.com:443 "GET /books?jscmd=viewapi&bibkeys=ISBN%3A2025028315 HTTP/1.1" 200 None
2026-08-17 05:41:06  DEBUG     urllib3.connectionpool  Starting new HTTPS connection (1): books.google.com:443
2026-08-17 05:41:06  DEBUG     urllib3.connectionpool  https://books.google.com:443 "GET /books?jscmd=viewapi&bibkeys=OCLC%3A1517293860 HTTP/1.1" 200 None
2026-08-17 05:41:06  DEBUG     urllib3.connectionpool  Starting new HTTPS connection (1): books.google.com:443
2026-08-17 05:41:06  DEBUG     urllib3.connectionpool  https://books.google.com:443 "GET /books?jscmd=viewapi&bibkeys=ISBN%3A2022943294 HTTP/1.1" 200 None
2026-08-17 05:41:07  DEBUG     urllib3.connectionpool  Starting new HTTPS connection (1): books.google.com:443
2026-08-17 05:41:07  DEBUG     urllib3.connectionpool  https://books.google.com:443 "GET /books?jscmd=viewapi&bibkeys=OCLC%3A1470852652 HTTP/1.1" 200 None
2026-08-17 05:41:07  DEBUG     urllib3.connectionpool  Starting new HTTPS connection (1): books.google.com:443
2026-08-17 05:41:07  DEBUG     urllib3.connectionpool  https://books.google.com:443 "GET /books?jscmd=viewapi&bibkeys=ISBN%3A2019024983 HTTP/1.1" 200 None
2026-08-17 05:41:07  DEBUG     urllib3.connectionpool  Starting new HTTPS connection (1): books.google.com:443
2026-08-17 05:41:07  DEBUG     urllib3.connectionpool  https://books.google.com:443 "GET /books?jscmd=viewapi&bibkeys=OCLC%3A1104915225 HTTP/1.1" 200 None
2026-08-17 05:41:07  DEBUG     urllib3.connectionpool  Starting new HTTPS connection (1): books.google.com:443
2026-08-17 05:41:07  DEBUG     urllib3.connectionpool  https://books.google.com:443 "GET /books?jscmd=viewapi&bibkeys=ISBN%3A1166958971 HTTP/1.1" 200 None
2026-08-17 05:41:07  DEBUG     urllib3.connectionpool  Starting new HTTPS connection (1): books.google.com:443
2026-08-17 05:41:07  DEBUG     urllib3.connectionpool  https://books.google.com:443 "GET /books?jscmd=viewapi&bibkeys=OCLC%3A28256263 HTTP/1.1" 200 None
2026-08-17 05:41:07  DEBUG     urllib3.connectionpool  Starting new HTTPS connection (1): books.google.com:443
2026-08-17 05:41:07  DEBUG     urllib3.connectionpool  https://books.google.com:443 "GET /books?jscmd=viewapi&bibkeys=ISBN%3A2015037031 HTTP/1.1" 200 None
2026-08-17 05:41:07  DEBUG     urllib3.connectionpool  Starting new HTTPS connection (1): books.google.com:443
2026-08-17 05:41:07  DEBUG     urllib3.connectionpool  https://books.google.com:443 "GET /books?jscmd=viewapi&bibkeys=OCLC%3A913844831 HTTP/1.1" 200 None
2026-08-17 05:41:07  DEBUG     urllib3.connectionpool  Starting new HTTPS connection (1): books.google.com:443
2026-08-17 05:41:07  DEBUG     urllib3.connectionpool  https://books.google.com:443 "GET /books?jscmd=viewapi&bibkeys=ISBN%3A2009040505 HTTP/1.1" 200 None
2026-08-17 05:41:07  DEBUG     urllib3.connectionpool  Starting new HTTPS connection (1): books.google.com:443
2026-08-17 05:41:08  DEBUG     urllib3.connectionpool  https://books.google.com:443 "GET /books?jscmd=viewapi&bibkeys=OCLC%3A426814605 HTTP/1.1" 200 None
2026-08-17 05:41:09  DEBUG     urllib3.connectionpool  Starting new HTTPS connection (1): books.google.com:443
2026-08-17 05:41:09  DEBUG     urllib3.connectionpool  https://books.google.com:443 "GET /books?jscmd=viewapi&bibkeys=ISBN%3A1513889130 HTTP/1.1" 200 None
2026-08-17 05:41:09  DEBUG     urllib3.connectionpool  Starting new HTTPS connection (1): books.google.com:443
2026-08-17 05:41:09  DEBUG     urllib3.connectionpool  https://books.google.com:443 "GET /books?jscmd=viewapi&bibkeys=OCLC%3A1526060075 HTTP/1.1" 200 None
2026-08-17 05:41:09  DEBUG     urllib3.connectionpool  Starting new HTTPS connection (1): books.google.com:443
2026-08-17 05:41:09  DEBUG     urllib3.connectionpool  https://books.google.com:443 "GET /books?jscmd=viewapi&bibkeys=ISBN%3A1127748556 HTTP/1.1" 200 None
2026-08-17 05:41:09  DEBUG     urllib3.connectionpool  Starting new HTTPS connection (1): books.google.com:443
2026-08-17 05:41:09  DEBUG     urllib3.connectionpool  https://books.google.com:443 "GET /books?jscmd=viewapi&bibkeys=OCLC%3A229279169 HTTP/1.1" 200 None
2026-08-17 05:41:09  DEBUG     urllib3.connectionpool  Starting new HTTPS connection (1): books.google.com:443
2026-08-17 05:41:09  DEBUG     urllib3.connectionpool  https://books.google.com:443 "GET /books?jscmd=viewapi&bibkeys=ISBN%3A2014029056 HTTP/1.1" 200 None
2026-08-17 05:41:09  DEBUG     urllib3.connectionpool  Starting new HTTPS connection (1): books.google.com:443
2026-08-17 05:41:09  DEBUG     urllib3.connectionpool  https://books.google.com:443 "GET /books?jscmd=viewapi&bibkeys=OCLC%3A893099217 HTTP/1.1" 200 None
2026-08-17 05:41:09  DEBUG     urllib3.connectionpool  Starting new HTTPS connection (1): books.google.com:443
2026-08-17 05:41:09  DEBUG     urllib3.connectionpool  https://books.google.com:443 "GET /books?jscmd=viewapi&bibkeys=ISBN%3A2022036320 HTTP/1.1" 200 None
2026-08-17 05:41:09  DEBUG     urllib3.connectionpool  Starting new HTTPS connection (1): books.google.com:443
2026-08-17 05:41:09  DEBUG     urllib3.connectionpool  https://books.google.com:443 "GET /books?jscmd=viewapi&bibkeys=OCLC%3A1338165257 HTTP/1.1" 200 None
2026-08-17 05:41:09  DEBUG     urllib3.connectionpool  Starting new HTTPS connection (1): books.google.com:443
2026-08-17 05:41:09  DEBUG     urllib3.connectionpool  https://books.google.com:443 "GET /books?jscmd=viewapi&bibkeys=ISBN%3A2018049836 HTTP/1.1" 200 None
2026-08-17 05:41:09  DEBUG     urllib3.connectionpool  Starting new HTTPS connection (1): books.google.com:443
2026-08-17 05:41:10  DEBUG     urllib3.connectionpool  https://books.google.com:443 "GET /books?jscmd=viewapi&bibkeys=OCLC%3A1059251187 HTTP/1.1" 200 None
2026-08-17 05:41:10  DEBUG     urllib3.connectionpool  Starting new HTTPS connection (1): books.google.com:443
2026-08-17 05:41:10  DEBUG     urllib3.connectionpool  https://books.google.com:443 "GET /books?jscmd=viewapi&bibkeys=ISBN%3A1003809534 HTTP/1.1" 200 None
2026-08-17 05:41:10  DEBUG     urllib3.connectionpool  Starting new HTTPS connection (1): books.google.com:443
2026-08-17 05:41:10  DEBUG     urllib3.connectionpool  https://books.google.com:443 "GET /books?jscmd=viewapi&bibkeys=OCLC%3A885473030 HTTP/1.1" 200 None
2026-08-17 05:41:10  DEBUG     urllib3.connectionpool  Starting new HTTPS connection (1): books.google.com:443
2026-08-17 05:41:10  DEBUG     urllib3.connectionpool  https://books.google.com:443 "GET /books?jscmd=viewapi&bibkeys=ISBN%3A2017004274 HTTP/1.1" 200 None
2026-08-17 05:41:10  DEBUG     urllib3.connectionpool  Starting new HTTPS connection (1): books.google.com:443
2026-08-17 05:41:10  DEBUG     urllib3.connectionpool  https://books.google.com:443 "GET /books?jscmd=viewapi&bibkeys=OCLC%3A979993504 HTTP/1.1" 200 None
2026-08-17 05:41:10  DEBUG     urllib3.connectionpool  Starting new HTTPS connection (1): books.google.com:443
2026-08-17 05:41:10  DEBUG     urllib3.connectionpool  https://books.google.com:443 "GET /books?jscmd=viewapi&bibkeys=OCLC%3A1470945617 HTTP/1.1" 200 None
2026-08-17 05:41:10  DEBUG     urllib3.connectionpool  Starting new HTTPS connection (1): api.themoviedb.org:443
2026-08-17 05:41:10  DEBUG     urllib3.connectionpool  https://api.themoviedb.org:443 "GET /3/search/multi?query=The+best+ten-minute+plays+2024+%2F+edited+by+Debbie+Lamedman.&api_key=0270b36dd719e939d079b611ba56fa7c HTTP/1.1" 200 None
2026-08-17 05:41:10  DEBUG     urllib3.connectionpool  Starting new HTTPS connection (1): books.google.com:443
2026-08-17 05:41:10  DEBUG     urllib3.connectionpool  https://books.google.com:443 "GET /books?jscmd=viewapi&bibkeys=ISBN%3A1034934884 HTTP/1.1" 200 None
2026-08-17 05:41:10  DEBUG     urllib3.connectionpool  Starting new HTTPS connection (1): books.google.com:443
2026-08-17 05:41:11  DEBUG     urllib3.connectionpool  https://books.google.com:443 "GET /books?jscmd=viewapi&bibkeys=OCLC%3A33947563 HTTP/1.1" 200 None
2026-08-17 05:41:11  DEBUG     urllib3.connectionpool  Starting new HTTPS connection (1): books.google.com:443
2026-08-17 05:41:11  DEBUG     urllib3.connectionpool  https://books.google.com:443 "GET /books?jscmd=viewapi&bibkeys=ISBN%3A1305012657 HTTP/1.1" 200 None
2026-08-17 05:41:11  DEBUG     urllib3.connectionpool  Starting new HTTPS connection (1): books.google.com:443
2026-08-17 05:41:11  DEBUG     urllib3.connectionpool  https://books.google.com:443 "GET /books?jscmd=viewapi&bibkeys=OCLC%3A1304816219 HTTP/1.1" 200 None
2026-08-17 05:41:12  DEBUG     urllib3.connectionpool  Starting new HTTPS connection (1): books.google.com:443
2026-08-17 05:41:12  DEBUG     urllib3.connectionpool  https://books.google.com:443 "GET /books?jscmd=viewapi&bibkeys=ISBN%3A2020005807 HTTP/1.1" 200 None
2026-08-17 05:41:12  DEBUG     urllib3.connectionpool  Starting new HTTPS connection (1): books.google.com:443
2026-08-17 05:41:12  DEBUG     urllib3.connectionpool  https://books.google.com:443 "GET /books?jscmd=viewapi&bibkeys=OCLC%3A1129778655 HTTP/1.1" 200 None
2026-08-17 05:41:12  DEBUG     urllib3.connectionpool  Starting new HTTPS connection (1): books.google.com:443
2026-08-17 05:41:12  DEBUG     urllib3.connectionpool  https://books.google.com:443 "GET /books?jscmd=viewapi&bibkeys=OCLC%3A1386701132 HTTP/1.1" 200 None
2026-08-17 05:41:12  DEBUG     urllib3.connectionpool  Starting new HTTPS connection (1): books.google.com:443
2026-08-17 05:41:12  DEBUG     urllib3.connectionpool  https://books.google.com:443 "GET /books?jscmd=viewapi&bibkeys=ISBN%3A2020032761 HTTP/1.1" 200 None
2026-08-17 05:41:12  DEBUG     urllib3.connectionpool  Starting new HTTPS connection (1): books.google.com:443
2026-08-17 05:41:12  DEBUG     urllib3.connectionpool  https://books.google.com:443 "GET /books?jscmd=viewapi&bibkeys=OCLC%3A1191456301 HTTP/1.1" 200 None
2026-08-17 05:41:12  DEBUG     urllib3.connectionpool  Starting new HTTPS connection (1): api.themoviedb.org:443
2026-08-17 05:41:13  DEBUG     urllib3.connectionpool  https://api.themoviedb.org:443 "GET /3/search/multi?query=Raising+the+eleventh+pillar+%3A+the+ratification+debate+of+1788+%2F+John+Patrick+Coby%2C+Smith+College.&api_key=0270b36dd719e939d079b611ba56fa7c HTTP/1.1" 200 None
2026-08-17 05:41:13  DEBUG     urllib3.connectionpool  Starting new HTTPS connection (1): books.google.com:443
2026-08-17 05:41:13  DEBUG     urllib3.connectionpool  https://books.google.com:443 "GET /books?jscmd=viewapi&bibkeys=OCLC%3A808924324 HTTP/1.1" 200 None
2026-08-17 05:41:13  DEBUG     urllib3.connectionpool  Starting new HTTPS connection (1): books.google.com:443
2026-08-17 05:41:13  DEBUG     urllib3.connectionpool  https://books.google.com:443 "GET /books?jscmd=viewapi&bibkeys=ISBN%3A2024044769 HTTP/1.1" 200 None
2026-08-17 05:41:13  DEBUG     urllib3.connectionpool  Starting new HTTPS connection (1): books.google.com:443
2026-08-17 05:41:13  DEBUG     urllib3.connectionpool  https://books.google.com:443 "GET /books?jscmd=viewapi&bibkeys=OCLC%3A1466097097 HTTP/1.1" 200 None
2026-08-17 05:41:13  DEBUG     urllib3.connectionpool  Starting new HTTPS connection (1): books.google.com:443
2026-08-17 05:41:13  DEBUG     urllib3.connectionpool  https://books.google.com:443 "GET /books?jscmd=viewapi&bibkeys=ISBN%3A1324103388 HTTP/1.1" 200 None
2026-08-17 05:41:13  DEBUG     urllib3.connectionpool  Starting new HTTPS connection (1): books.google.com:443
2026-08-17 05:41:13  DEBUG     urllib3.connectionpool  https://books.google.com:443 "GET /books?jscmd=viewapi&bibkeys=ISBN%3A0865164339 HTTP/1.1" 200 None
2026-08-17 05:41:13  DEBUG     urllib3.connectionpool  Starting new HTTPS connection (1): books.google.com:443
2026-08-17 05:41:13  DEBUG     urllib3.connectionpool  https://books.google.com:443 "GET /books?jscmd=viewapi&bibkeys=ISBN%3A1027309594 HTTP/1.1" 200 None
2026-08-17 05:41:13  DEBUG     urllib3.connectionpool  Starting new HTTPS connection (1): books.google.com:443
2026-08-17 05:41:13  DEBUG     urllib3.connectionpool  https://books.google.com:443 "GET /books?jscmd=viewapi&bibkeys=OCLC%3A40756376 HTTP/1.1" 200 None
2026-08-17 05:41:13  DEBUG     urllib3.connectionpool  Starting new HTTPS connection (1): books.google.com:443
2026-08-17 05:41:13  DEBUG     urllib3.connectionpool  https://books.google.com:443 "GET /books?jscmd=viewapi&bibkeys=OCLC%3A29792423 HTTP/1.1" 200 None
2026-08-17 05:41:13  DEBUG     urllib3.connectionpool  Starting new HTTPS connection (1): books.google.com:443
2026-08-17 05:41:13  DEBUG     urllib3.connectionpool  https://books.google.com:443 "GET /books?jscmd=viewapi&bibkeys=ISBN%3A1035417239 HTTP/1.1" 200 None
2026-08-17 05:41:13  DEBUG     urllib3.connectionpool  Starting new HTTPS connection (1): books.google.com:443
2026-08-17 05:41:14  DEBUG     urllib3.connectionpool  https://books.google.com:443 "GET /books?jscmd=viewapi&bibkeys=OCLC%3A40248681 HTTP/1.1" 200 None
2026-08-17 05:41:15  DEBUG     urllib3.connectionpool  Starting new HTTPS connection (1): books.google.com:443
2026-08-17 05:41:15  DEBUG     urllib3.connectionpool  https://books.google.com:443 "GET /books?jscmd=viewapi&bibkeys=ISBN%3A1138650170 HTTP/1.1" 200 None
2026-08-17 05:41:15  DEBUG     urllib3.connectionpool  Starting new HTTPS connection (1): books.google.com:443
2026-08-17 05:41:15  DEBUG     urllib3.connectionpool  https://books.google.com:443 "GET /books?jscmd=viewapi&bibkeys=OCLC%3A1129459894 HTTP/1.1" 200 None
2026-08-17 05:41:15  DEBUG     urllib3.connectionpool  Starting new HTTPS connection (1): books.google.com:443
2026-08-17 05:41:15  DEBUG     urllib3.connectionpool  https://books.google.com:443 "GET /books?jscmd=viewapi&bibkeys=ISBN%3A1154290773 HTTP/1.1" 200 None
2026-08-17 05:41:15  DEBUG     urllib3.connectionpool  Starting new HTTPS connection (1): books.google.com:443
2026-08-17 05:41:15  DEBUG     urllib3.connectionpool  https://books.google.com:443 "GET /books?jscmd=viewapi&bibkeys=OCLC%3A17482829 HTTP/1.1" 200 None
2026-08-17 05:41:15  DEBUG     urllib3.connectionpool  Starting new HTTPS connection (1): books.google.com:443
2026-08-17 05:41:15  DEBUG     urllib3.connectionpool  https://books.google.com:443 "GET /books?jscmd=viewapi&bibkeys=ISBN%3A2020051054 HTTP/1.1" 200 None
2026-08-17 05:41:15  DEBUG     urllib3.connectionpool  Starting new HTTPS connection (1): books.google.com:443
2026-08-17 05:41:15  DEBUG     urllib3.connectionpool  https://books.google.com:443 "GET /books?jscmd=viewapi&bibkeys=OCLC%3A1224043158 HTTP/1.1" 200 None
2026-08-17 05:41:15  DEBUG     urllib3.connectionpool  Starting new HTTPS connection (1): books.google.com:443
2026-08-17 05:41:15  DEBUG     urllib3.connectionpool  https://books.google.com:443 "GET /books?jscmd=viewapi&bibkeys=OCLC%3A898086843 HTTP/1.1" 200 None
2026-08-17 05:41:15  DEBUG     urllib3.connectionpool  Starting new HTTPS connection (1): books.google.com:443
2026-08-17 05:41:15  DEBUG     urllib3.connectionpool  https://books.google.com:443 "GET /books?jscmd=viewapi&bibkeys=OCLC%3A1412257855 HTTP/1.1" 200 None
2026-08-17 05:41:15  DEBUG     urllib3.connectionpool  Starting new HTTPS connection (1): books.google.com:443
2026-08-17 05:41:16  DEBUG     urllib3.connectionpool  https://books.google.com:443 "GET /books?jscmd=viewapi&bibkeys=ISBN%3A1255413457 HTTP/1.1" 200 None
2026-08-17 05:41:16  DEBUG     urllib3.connectionpool  Starting new HTTPS connection (1): books.google.com:443
2026-08-17 05:41:16  DEBUG     urllib3.connectionpool  https://books.google.com:443 "GET /books?jscmd=viewapi&bibkeys=OCLC%3A1057635605 HTTP/1.1" 200 None
2026-08-17 05:41:16  DEBUG     urllib3.connectionpool  Starting new HTTPS connection (1): books.google.com:443
2026-08-17 05:41:16  DEBUG     urllib3.connectionpool  https://books.google.com:443 "GET /books?jscmd=viewapi&bibkeys=OCLC%3A41302618 HTTP/1.1" 200 None
2026-08-17 05:41:16  DEBUG     urllib3.connectionpool  Starting new HTTPS connection (1): books.google.com:443
2026-08-17 05:41:16  DEBUG     urllib3.connectionpool  https://books.google.com:443 "GET /books?jscmd=viewapi&bibkeys=ISBN%3A2017299760 HTTP/1.1" 200 None
2026-08-17 05:41:16  DEBUG     urllib3.connectionpool  Starting new HTTPS connection (1): books.google.com:443
2026-08-17 05:41:16  DEBUG     urllib3.connectionpool  https://books.google.com:443 "GET /books?jscmd=viewapi&bibkeys=OCLC%3A962008670 HTTP/1.1" 200 None
2026-08-17 05:41:16  DEBUG     urllib3.connectionpool  Starting new HTTPS connection (1): books.google.com:443
2026-08-17 05:41:16  DEBUG     urllib3.connectionpool  https://books.google.com:443 "GET /books?jscmd=viewapi&bibkeys=ISBN%3A2020049221 HTTP/1.1" 200 None
2026-08-17 05:41:16  DEBUG     urllib3.connectionpool  Starting new HTTPS connection (1): books.google.com:443
2026-08-17 05:41:16  DEBUG     urllib3.connectionpool  https://books.google.com:443 "GET /books?jscmd=viewapi&bibkeys=OCLC%3A1201298698 HTTP/1.1" 200 None
2026-08-17 05:41:16  DEBUG     urllib3.connectionpool  Starting new HTTPS connection (1): books.google.com:443
2026-08-17 05:41:16  DEBUG     urllib3.connectionpool  https://books.google.com:443 "GET /books?jscmd=viewapi&bibkeys=ISBN%3A1165622189 HTTP/1.1" 200 None
2026-08-17 05:41:16  DEBUG     urllib3.connectionpool  Starting new HTTPS connection (1): books.google.com:443
2026-08-17 05:41:17  DEBUG     urllib3.connectionpool  https://books.google.com:443 "GET /books?jscmd=viewapi&bibkeys=OCLC%3A1140193062 HTTP/1.1" 200 None
2026-08-17 05:41:18  DEBUG     urllib3.connectionpool  Starting new HTTPS connection (1): books.google.com:443
2026-08-17 05:41:18  DEBUG     urllib3.connectionpool  https://books.google.com:443 "GET /books?jscmd=viewapi&bibkeys=ISBN%3A2021051253 HTTP/1.1" 200 None
2026-08-17 05:41:18  DEBUG     urllib3.connectionpool  Starting new HTTPS connection (1): books.google.com:443
2026-08-17 05:41:18  DEBUG     urllib3.connectionpool  https://books.google.com:443 "GET /books?jscmd=viewapi&bibkeys=OCLC%3A1287744960 HTTP/1.1" 200 None
2026-08-17 05:41:18  DEBUG     urllib3.connectionpool  Starting new HTTPS connection (1): books.google.com:443
2026-08-17 05:41:18  DEBUG     urllib3.connectionpool  https://books.google.com:443 "GET /books?jscmd=viewapi&bibkeys=ISBN%3A2020935500 HTTP/1.1" 200 None
2026-08-17 05:41:18  DEBUG     urllib3.connectionpool  Starting new HTTPS connection (1): books.google.com:443
2026-08-17 05:41:18  DEBUG     urllib3.connectionpool  https://books.google.com:443 "GET /books?jscmd=viewapi&bibkeys=OCLC%3A1235880188 HTTP/1.1" 200 None
2026-08-17 05:41:18  DEBUG     urllib3.connectionpool  Starting new HTTPS connection (1): books.google.com:443
2026-08-17 05:41:18  DEBUG     urllib3.connectionpool  https://books.google.com:443 "GET /books?jscmd=viewapi&bibkeys=ISBN%3A2022051892 HTTP/1.1" 200 None
2026-08-17 05:41:18  DEBUG     urllib3.connectionpool  Starting new HTTPS connection (1): books.google.com:443
2026-08-17 05:41:18  DEBUG     urllib3.connectionpool  https://books.google.com:443 "GET /books?jscmd=viewapi&bibkeys=OCLC%3A1313902762 HTTP/1.1" 200 None
2026-08-17 05:41:18  DEBUG     urllib3.connectionpool  Starting new HTTPS connection (1): api.themoviedb.org:443
2026-08-17 05:41:18  DEBUG     urllib3.connectionpool  https://api.themoviedb.org:443 "GET /3/search/multi?query=Building+honor+in+academics+%3A+case+studies+in+academic+integrity+%2F+Valerie+P.+Denney%2C+Camilla+J.+Roberts.&api_key=0270b36dd719e939d079b611ba56fa7c HTTP/1.1" 200 None
2026-08-17 05:41:18  DEBUG     urllib3.connectionpool  Starting new HTTPS connection (1): books.google.com:443
2026-08-17 05:41:19  DEBUG     urllib3.connectionpool  https://books.google.com:443 "GET /books?jscmd=viewapi&bibkeys=ISBN%3A2025046546 HTTP/1.1" 200 None
2026-08-17 05:41:19  DEBUG     urllib3.connectionpool  Starting new HTTPS connection (1): books.google.com:443
2026-08-17 05:41:19  DEBUG     urllib3.connectionpool  https://books.google.com:443 "GET /books?jscmd=viewapi&bibkeys=OCLC%3A1573155706 HTTP/1.1" 200 None
2026-08-17 05:41:19  DEBUG     urllib3.connectionpool  Starting new HTTPS connection (1): api.themoviedb.org:443
2026-08-17 05:41:19  DEBUG     urllib3.connectionpool  https://api.themoviedb.org:443 "GET /3/search/multi?query=The+games+that+computers+%28and+humans%29+play+%3A+a+non-technical+introduction+to+artificial+intelligence+%2F+Jonathan+Schaeffer.&api_key=0270b36dd719e939d079b611ba56fa7c HTTP/1.1" 200 None
2026-08-17 05:41:19  DEBUG     urllib3.connectionpool  Starting new HTTPS connection (1): books.google.com:443
2026-08-17 05:41:19  DEBUG     urllib3.connectionpool  https://books.google.com:443 "GET /books?jscmd=viewapi&bibkeys=ISBN%3A2019051714 HTTP/1.1" 200 None
2026-08-17 05:41:19  DEBUG     urllib3.connectionpool  Starting new HTTPS connection (1): books.google.com:443
2026-08-17 05:41:19  DEBUG     urllib3.connectionpool  https://books.google.com:443 "GET /books?jscmd=viewapi&bibkeys=OCLC%3A1119533085 HTTP/1.1" 200 None
2026-08-17 05:41:19  DEBUG     urllib3.connectionpool  Starting new HTTPS connection (1): books.google.com:443
2026-08-17 05:41:19  DEBUG     urllib3.connectionpool  https://books.google.com:443 "GET /books?jscmd=viewapi&bibkeys=ISBN%3A1591829470 HTTP/1.1" 200 None
2026-08-17 05:41:19  DEBUG     urllib3.connectionpool  Starting new HTTPS connection (1): books.google.com:443
2026-08-17 05:41:19  DEBUG     urllib3.connectionpool  https://books.google.com:443 "GET /books?jscmd=viewapi&bibkeys=OCLC%3A1551446380 HTTP/1.1" 200 None
2026-08-17 05:41:19  DEBUG     urllib3.connectionpool  Starting new HTTPS connection (1): books.google.com:443
2026-08-17 05:41:19  DEBUG     urllib3.connectionpool  https://books.google.com:443 "GET /books?jscmd=viewapi&bibkeys=ISBN%3A1523045339 HTTP/1.1" 200 None
2026-08-17 05:41:19  DEBUG     urllib3.connectionpool  Starting new HTTPS connection (1): books.google.com:443
2026-08-17 05:41:19  DEBUG     urllib3.connectionpool  https://books.google.com:443 "GET /books?jscmd=viewapi&bibkeys=OCLC%3A1574784009 HTTP/1.1" 200 None
2026-08-17 05:41:19  DEBUG     urllib3.connectionpool  Starting new HTTPS connection (1): books.google.com:443
2026-08-17 05:41:20  DEBUG     urllib3.connectionpool  https://books.google.com:443 "GET /books?jscmd=viewapi&bibkeys=ISBN%3A2024009783 HTTP/1.1" 200 None
2026-08-17 05:41:20  DEBUG     urllib3.connectionpool  Starting new HTTPS connection (1): books.google.com:443
2026-08-17 05:41:20  DEBUG     urllib3.connectionpool  https://books.google.com:443 "GET /books?jscmd=viewapi&bibkeys=OCLC%3A1425246958 HTTP/1.1" 200 None
2026-08-17 05:41:20  DEBUG     urllib3.connectionpool  Starting new HTTPS connection (1): books.google.com:443
2026-08-17 05:41:20  DEBUG     urllib3.connectionpool  https://books.google.com:443 "GET /books?jscmd=viewapi&bibkeys=ISBN%3A2025015767 HTTP/1.1" 200 None
2026-08-17 05:41:20  DEBUG     urllib3.connectionpool  Starting new HTTPS connection (1): books.google.com:443
2026-08-17 05:41:20  DEBUG     urllib3.connectionpool  https://books.google.com:443 "GET /books?jscmd=viewapi&bibkeys=OCLC%3A1552153923 HTTP/1.1" 200 None
2026-08-17 05:41:20  DEBUG     urllib3.connectionpool  Starting new HTTPS connection (1): books.google.com:443
2026-08-17 05:41:20  DEBUG     urllib3.connectionpool  https://books.google.com:443 "GET /books?jscmd=viewapi&bibkeys=ISBN%3A1064489040 HTTP/1.1" 200 None
2026-08-17 05:41:20  DEBUG     urllib3.connectionpool  Starting new HTTPS connection (1): books.google.com:443
2026-08-17 05:41:20  DEBUG     urllib3.connectionpool  https://books.google.com:443 "GET /books?jscmd=viewapi&bibkeys=OCLC%3A894900970 HTTP/1.1" 200 None
2026-08-17 05:41:21  DEBUG     urllib3.connectionpool  Starting new HTTPS connection (1): books.google.com:443
2026-08-17 05:41:21  DEBUG     urllib3.connectionpool  https://books.google.com:443 "GET /books?jscmd=viewapi&bibkeys=ISBN%3A2025029822 HTTP/1.1" 200 None
2026-08-17 05:41:21  DEBUG     urllib3.connectionpool  Starting new HTTPS connection (1): books.google.com:443
2026-08-17 05:41:21  DEBUG     urllib3.connectionpool  https://books.google.com:443 "GET /books?jscmd=viewapi&bibkeys=OCLC%3A1530056475 HTTP/1.1" 200 None
2026-08-17 05:41:21  DEBUG     urllib3.connectionpool  Starting new HTTPS connection (1): api.themoviedb.org:443
2026-08-17 05:41:21  DEBUG     urllib3.connectionpool  https://api.themoviedb.org:443 "GET /3/search/multi?query=Leadership+lessons+from+the+Jesuits+%3A+cura+apostolica+and+the+mission-driven+organization+%2F+Matthew+E.+Carnes%2C+SJ%2C+editor+%3B+afterword+by+Michael+J.+Garanzini%2C+SJ+and+Arturo+Sosa%2C+SJ.&api_key=0270b36dd719e939d079b611ba56fa7c HTTP/1.1" 200 None
2026-08-17 05:41:21  DEBUG     urllib3.connectionpool  Starting new HTTPS connection (1): books.google.com:443
2026-08-17 05:41:22  DEBUG     urllib3.connectionpool  https://books.google.com:443 "GET /books?jscmd=viewapi&bibkeys=ISBN%3A1805265695 HTTP/1.1" 200 None
2026-08-17 05:41:22  DEBUG     urllib3.connectionpool  Starting new HTTPS connection (1): books.google.com:443
2026-08-17 05:41:22  DEBUG     urllib3.connectionpool  https://books.google.com:443 "GET /books?jscmd=viewapi&bibkeys=ISBN%3A2024036105 HTTP/1.1" 200 None
2026-08-17 05:41:22  DEBUG     urllib3.connectionpool  Starting new HTTPS connection (1): books.google.com:443
2026-08-17 05:41:22  DEBUG     urllib3.connectionpool  https://books.google.com:443 "GET /books?jscmd=viewapi&bibkeys=OCLC%3A1440028218 HTTP/1.1" 200 None
2026-08-17 05:41:22  INFO      src.html_generator  HTML written to /home/runner/work/folio-new-books/folio-new-books/output/new-materials.html
2026-08-17 05:41:22  DEBUG     src.html_generator  Assets copied to output/assets
2026-08-17 05:41:22  DEBUG     src.html_generator  Item data written to output/data/items.json
2026-08-17 05:41:22  INFO      __main__  Done — 104 items written to output/new-materials.html (plus assets/ and data/items.json)
2026-08-18 05:36:08  INFO      __main__  ──────────────────────────────────────────────────────────────────────
2026-08-18 05:36:08  INFO      __main__  FOLIO New Materials — run starting 2026-08-18 05:36:08
2026-08-18 05:36:08  INFO      __main__  Config: config.ini
2026-08-18 05:36:08  INFO      __main__  Date range: 2026-05-20 → 2026-08-18
2026-08-18 05:36:08  DEBUG     src.folio_client  Orders query: ((receiptDate>="2026-05-20T00:00:00" and receiptDate<="2026-08-18T23:59:59") and receiptStatus=="Fully Received") sortby metadata.updatedDate/sort.descending
2026-08-18 05:36:08  DEBUG     urllib3.connectionpool  Starting new HTTPS connection (1): api-lemoyne.folio.ebsco.com:443
2026-08-18 05:36:08  DEBUG     urllib3.connectionpool  https://api-lemoyne.folio.ebsco.com:443 "POST /authn/login-with-expiry HTTP/1.1" 201 None
2026-08-18 05:36:08  INFO      src.folio_client  FOLIO authentication successful (token cached)
2026-08-18 05:36:08  DEBUG     urllib3.connectionpool  Starting new HTTPS connection (1): api-lemoyne.folio.ebsco.com:443
2026-08-18 05:36:09  DEBUG     urllib3.connectionpool  https://api-lemoyne.folio.ebsco.com:443 "GET /orders/order-lines?query=%28%28receiptDate%3E%3D%222026-05-20T00%3A00%3A00%22+and+receiptDate%3C%3D%222026-08-18T23%3A59%3A59%22%29+and+receiptStatus%3D%3D%22Fully+Received%22%29+sortby+metadata.updatedDate%2Fsort.descending&limit=200&offset=0 HTTP/1.1" 200 33853
2026-08-18 05:36:09  INFO      __main__  Retrieved 107 order lines
2026-08-18 05:36:09  DEBUG     urllib3.connectionpool  https://api-lemoyne.folio.ebsco.com:443 "GET /search/instances?query=%28id%3D%3D%228eca126b-64ae-4705-9bb3-7a2027707eaf%22+or+id%3D%3D%227d637bac-29b8-4e0b-b347-61c8e8bc3f00%22+or+id%3D%3D%22ce83cf95-cccb-4c9f-8a16-06e6f10bf099%22+or+id%3D%3D%2237a91cb2-edb1-50b3-81e7-461a8043dd21%22+or+id%3D%3D%224b11fd46-a48b-4cf4-adbc-b1465e25fc4c%22+or+id%3D%3D%2265d0f7c4-f8d2-45b4-a498-a9672b5a84d4%22+or+id%3D%3D%22b2bb0f44-62b8-4cdd-950b-2df23576f2ac%22+or+id%3D%3D%221fc62f97-d8b4-570b-93b2-db2d38fbf8af%22+or+id%3D%3D%220083bda9-62e7-46db-a06d-028d42828a68%22+or+id%3D%3D%222d236822-4f1a-4046-a809-1b0755b00dc1%22+or+id%3D%3D%22eea76be1-e65e-5b2c-a03d-2643d089d051%22+or+id%3D%3D%2287518e5d-b3d8-509a-9cde-fb0f6ba16ecb%22+or+id%3D%3D%22ea92c0dc-9cb2-4ff3-b97c-e4190faf2a8d%22+or+id%3D%3D%2275625d39-31e4-48e5-a76f-e387cf606a3f%22+or+id%3D%3D%22ef494b13-386e-4e46-8d27-5b7efda6bad5%22+or+id%3D%3D%222b2f5589-e82a-445c-8201-43ac081cd0dc%22+or+id%3D%3D%22affff187-c9fd-5010-859d-199063698fa4%22+or+id%3D%3D%2268fd632e-79c3-4ddd-8a02-621a9b19a567%22+or+id%3D%3D%2265dd071d-a3f7-41a2-b4f8-fa4e80b59196%22+or+id%3D%3D%22ead52c52-4885-4f13-9e05-d2c3bc732b67%22+or+id%3D%3D%2291618a00-2e72-4ef8-ac4f-5bbdc5855e8e%22+or+id%3D%3D%22cae3d197-eab8-43ef-b86b-d08b07946a61%22+or+id%3D%3D%22f95dbbc4-4722-44a4-b6d8-4fc76c816048%22+or+id%3D%3D%2214157781-276e-4ab7-94af-e84e5efd2955%22+or+id%3D%3D%2243be2c3b-daf2-4d0c-ad94-37b4a0844b37%22+or+id%3D%3D%22ad48aab2-19c8-4852-ab1f-a2b0fee61906%22+or+id%3D%3D%22ae38c530-fe24-472f-8423-117f12508df6%22+or+id%3D%3D%2275d1243f-4965-4c7f-9871-0a1561e72626%22+or+id%3D%3D%22f3ba5444-cb7a-43f6-84f8-55a980e9d8a0%22+or+id%3D%3D%22ae6fed8b-eabe-4cc5-bf48-6b8bf6fc2497%22+or+id%3D%3D%223c5be1cb-7263-4b8a-9a9a-26f03858b7a1%22+or+id%3D%3D%22e636f130-49e6-4b98-82be-360c59c91621%22+or+id%3D%3D%22c9ca2c1f-2ae2-5bf8-af0c-a129f69b5639%22+or+id%3D%3D%22886c190e-993b-579f-9db2-b7d68e57a922%22+or+id%3D%3D%22054ab8f5-55c1-5458-8e9a-02ae739c91cd%22+or+id%3D%3D%22dad5200b-4c52-4cdc-83ea-6bd5444d2b0c%22+or+id%3D%3D%22c823c7f1-9b4b-4ebd-be33-a27201f4c22e%22+or+id%3D%3D%2219707bc4-8830-4749-b0cb-03353ff98fcf%22+or+id%3D%3D%22e4da304e-798f-4d1e-a512-bced28e50a1e%22+or+id%3D%3D%22f0e478e3-b0b1-4e46-ae4d-1a1ac268e0df%22+or+id%3D%3D%227550874b-2da9-4dc7-9e99-e4c218790f1a%22+or+id%3D%3D%221373dd9b-6148-43a1-8749-8f2d30609c58%22+or+id%3D%3D%22adb3a199-0695-492d-b218-ad6b02b7a8f0%22+or+id%3D%3D%2257c00041-77e4-4cd8-8b7b-6ff2527387b5%22+or+id%3D%3D%223607de06-841a-452c-968a-aecddaa06018%22+or+id%3D%3D%221a97aad4-e5ae-497c-95ac-84f6f11a0a97%22+or+id%3D%3D%22b0ee4622-984d-4b04-a813-c92dccf6c3d7%22+or+id%3D%3D%2212bdf8ff-7909-488d-9f0a-78c14e67c7b3%22+or+id%3D%3D%223d7f621c-d301-42ed-b8df-d73c423c04eb%22+or+id%3D%3D%2286c80696-0f9b-48d1-b5cb-b028ac4de3c4%22%29&limit=50&expandAll=true HTTP/1.1" 200 None
2026-08-18 05:36:09  DEBUG     urllib3.connectionpool  https://api-lemoyne.folio.ebsco.com:443 "GET /search/instances?query=%28id%3D%3D%22d53831bc-dfa4-4dd8-9b93-b9cb7e4b89c3%22+or+id%3D%3D%22498e3d96-fb01-4706-9ea2-579f90e01800%22+or+id%3D%3D%224239356f-c5ff-4f80-8294-74313d748e37%22+or+id%3D%3D%22ed664865-7963-4d43-9305-dc8d18f0997e%22+or+id%3D%3D%2279fbb5c4-ccd9-4c59-9c0d-6900f8ca1641%22+or+id%3D%3D%22aab9fadf-4166-4e1a-a3d9-1671e0aaaede%22+or+id%3D%3D%22e4a69f24-5c02-4341-b991-9bdff36a73e6%22+or+id%3D%3D%22ed4d7ba3-f047-42b8-8550-873be5bf5d30%22+or+id%3D%3D%22feedf627-b780-4db5-aabc-4a5d7866184b%22+or+id%3D%3D%22a50aca5b-9851-4268-9646-8806c3cd76c7%22+or+id%3D%3D%225c5f1c4f-92d0-46ee-b964-dbd77dcf895d%22+or+id%3D%3D%22a444eeea-18da-4ea9-8d5b-b2453ad840af%22+or+id%3D%3D%2268a469c0-df1f-4dbe-8355-27d0a08e1137%22+or+id%3D%3D%22bbf45ff3-8e3a-4fc7-8a96-c4fdc21d59cc%22+or+id%3D%3D%22e291a0ae-09df-4842-baa3-e124870c3de4%22+or+id%3D%3D%220bbb87a8-0c6d-43cf-9b59-6a4fa7e7b2ee%22+or+id%3D%3D%2221aacd1e-1438-4ee7-bf0f-a2a1f80cdf61%22+or+id%3D%3D%22ef87a4aa-3860-4d33-a406-212807eb342a%22+or+id%3D%3D%22b2754740-252e-4985-b72d-dbf638e7cb31%22+or+id%3D%3D%22609a0b37-f12f-4eb6-8876-04f0965e8a9e%22+or+id%3D%3D%22473a6b80-c167-402f-a960-f5251c23f1c4%22+or+id%3D%3D%2218944ed6-e85b-4953-95cd-e1153b0f120e%22+or+id%3D%3D%22b13690f5-18ef-4baa-8ec1-63e349399e9e%22+or+id%3D%3D%22a758abc2-d7ea-4293-bfa9-2e20cb502a7c%22+or+id%3D%3D%22d6c24703-e0ad-4426-bc57-6008471e6180%22+or+id%3D%3D%22f8b0f741-7c0f-5ac5-ad8c-478966dd81c2%22+or+id%3D%3D%221622aa2f-7dbc-4991-90ee-05436550a362%22+or+id%3D%3D%2223650665-733f-4874-ab91-c3137d092de1%22+or+id%3D%3D%22ae4b384c-bcc6-47ab-81a6-566ea090502c%22+or+id%3D%3D%22605791de-aa54-49fe-865e-1e9da1ff5065%22+or+id%3D%3D%22a7839b0c-84ee-4c57-aa8b-bcc10c06f5ea%22+or+id%3D%3D%2215ec25be-13ce-49b6-984a-04a4ca9ad546%22+or+id%3D%3D%22036fa639-36cd-41e4-9664-02adba8395ad%22+or+id%3D%3D%22fd1c9f3b-99d0-5d75-ae31-83350383e9fa%22+or+id%3D%3D%221697fc1e-bfa0-5862-97cd-b29fa469adbc%22+or+id%3D%3D%22d6765922-19a7-448a-a148-67bdfe898820%22+or+id%3D%3D%220e392e26-f166-4f62-8b95-8898da1f7f36%22+or+id%3D%3D%22ff1fb556-6c9e-50d0-beb5-125281389d8f%22+or+id%3D%3D%223e66bb17-7bc2-4e2e-b755-3b502e86faac%22+or+id%3D%3D%22df6d79d0-6a34-4eba-b617-2654cb7093aa%22+or+id%3D%3D%22cbd25b16-13ec-5314-8b39-e43d31e55fd5%22+or+id%3D%3D%229bba34cd-a718-41b6-83a4-417d55872666%22+or+id%3D%3D%22432435ea-7677-4e22-92f6-63807b7d08dc%22+or+id%3D%3D%22a70b30bf-a34a-4353-83f4-9508c7aca75b%22+or+id%3D%3D%223577a7ea-8742-4b59-b95f-e5edbdf57b9e%22+or+id%3D%3D%224a90fd66-427a-47c4-bac7-08c9f2933a0c%22+or+id%3D%3D%22c6cf09ce-d6c6-5c0a-83b7-deb514a912d0%22+or+id%3D%3D%22f36628f9-408d-4cfe-b52f-368ebc215071%22+or+id%3D%3D%22e6a9f53d-7e97-4a0c-b76b-c9f51e1d4532%22+or+id%3D%3D%223a33ce5f-ee58-466a-968f-bee361f30e00%22%29&limit=50&expandAll=true HTTP/1.1" 200 None
2026-08-18 05:36:10  DEBUG     urllib3.connectionpool  https://api-lemoyne.folio.ebsco.com:443 "GET /search/instances?query=%28id%3D%3D%22524068c8-e8b7-49cd-a885-160238b928eb%22+or+id%3D%3D%22c1af76d5-cb27-442b-802c-273353304071%22+or+id%3D%3D%22adab5ea0-0f85-4e69-a35c-2fa12c6c2d4a%22+or+id%3D%3D%225f179ff1-e8a8-491d-8885-ea7a887409c7%22+or+id%3D%3D%22aff4110c-3073-56ac-8201-06af79a18435%22+or+id%3D%3D%22353d2bb6-c4ab-49a1-bb09-c94a92d997a6%22+or+id%3D%3D%226051a792-421e-4b5b-8dae-3e0e3fcbdf65%22%29&limit=7&expandAll=true HTTP/1.1" 200 None
2026-08-18 05:36:10  INFO      __main__  Fetched details for 107 instances
2026-08-18 05:36:10  DEBUG     urllib3.connectionpool  https://api-lemoyne.folio.ebsco.com:443 "GET /material-types?limit=500 HTTP/1.1" 200 1291
2026-08-18 05:36:10  INFO      __main__  Discovered 23 material types from FOLIO
2026-08-18 05:36:10  DEBUG     urllib3.connectionpool  https://api-lemoyne.folio.ebsco.com:443 "GET /locations?limit=1000 HTTP/1.1" 200 2498
2026-08-18 05:36:10  INFO      __main__  Loaded 33 location definitions
2026-08-18 05:36:10  INFO      __main__  Fetching cover images for 107 items …
2026-08-18 05:36:10  DEBUG     urllib3.connectionpool  Starting new HTTPS connection (1): books.google.com:443
2026-08-18 05:36:10  DEBUG     urllib3.connectionpool  https://books.google.com:443 "GET /books?jscmd=viewapi&bibkeys=ISBN%3A2025001730 HTTP/1.1" 200 None
2026-08-18 05:36:10  DEBUG     urllib3.connectionpool  Starting new HTTPS connection (1): books.google.com:443
2026-08-18 05:36:10  DEBUG     urllib3.connectionpool  https://books.google.com:443 "GET /books?jscmd=viewapi&bibkeys=OCLC%3A1484905196 HTTP/1.1" 200 None
2026-08-18 05:36:10  DEBUG     urllib3.connectionpool  Starting new HTTPS connection (1): api.themoviedb.org:443
2026-08-18 05:36:10  DEBUG     urllib3.connectionpool  https://api.themoviedb.org:443 "GET /3/search/multi?query=Understanding+the+artificial+intelligence+revolution+%3A+between+catastrophe+and+utopia+%2F+Shalom+Lappin.&api_key=0270b36dd719e939d079b611ba56fa7c HTTP/1.1" 200 None
2026-08-18 05:36:10  DEBUG     urllib3.connectionpool  Starting new HTTPS connection (1): books.google.com:443
2026-08-18 05:36:10  DEBUG     urllib3.connectionpool  https://books.google.com:443 "GET /books?jscmd=viewapi&bibkeys=ISBN%3A2024023605 HTTP/1.1" 200 None
2026-08-18 05:36:10  DEBUG     urllib3.connectionpool  Starting new HTTPS connection (1): books.google.com:443
2026-08-18 05:36:10  DEBUG     urllib3.connectionpool  https://books.google.com:443 "GET /books?jscmd=viewapi&bibkeys=OCLC%3A1430971246 HTTP/1.1" 200 None
2026-08-18 05:36:10  DEBUG     urllib3.connectionpool  Starting new HTTPS connection (1): books.google.com:443
2026-08-18 05:36:10  DEBUG     urllib3.connectionpool  https://books.google.com:443 "GET /books?jscmd=viewapi&bibkeys=ISBN%3A1545069710 HTTP/1.1" 200 None
2026-08-18 05:36:10  DEBUG     urllib3.connectionpool  Starting new HTTPS connection (1): books.google.com:443
2026-08-18 05:36:11  DEBUG     urllib3.connectionpool  https://books.google.com:443 "GET /books?jscmd=viewapi&bibkeys=OCLC%3A1551441423 HTTP/1.1" 200 None
2026-08-18 05:36:11  DEBUG     urllib3.connectionpool  Starting new HTTPS connection (1): books.google.com:443
2026-08-18 05:36:11  DEBUG     urllib3.connectionpool  https://books.google.com:443 "GET /books?jscmd=viewapi&bibkeys=ISBN%3A2026003056 HTTP/1.1" 200 None
2026-08-18 05:36:11  DEBUG     urllib3.connectionpool  Starting new HTTPS connection (1): books.google.com:443
2026-08-18 05:36:11  DEBUG     urllib3.connectionpool  https://books.google.com:443 "GET /books?jscmd=viewapi&bibkeys=OCLC%3A1570483056 HTTP/1.1" 200 None
2026-08-18 05:36:11  DEBUG     urllib3.connectionpool  Starting new HTTPS connection (1): books.google.com:443
2026-08-18 05:36:11  DEBUG     urllib3.connectionpool  https://books.google.com:443 "GET /books?jscmd=viewapi&bibkeys=ISBN%3A9798888905005 HTTP/1.1" 200 None
2026-08-18 05:36:11  DEBUG     urllib3.connectionpool  Starting new HTTPS connection (1): books.google.com:443
2026-08-18 05:36:11  DEBUG     urllib3.connectionpool  https://books.google.com:443 "GET /books?jscmd=viewapi&bibkeys=OCLC%3A1082149225 HTTP/1.1" 200 None
2026-08-18 05:36:11  DEBUG     urllib3.connectionpool  Starting new HTTPS connection (1): books.google.com:443
2026-08-18 05:36:11  DEBUG     urllib3.connectionpool  https://books.google.com:443 "GET /books?jscmd=viewapi&bibkeys=ISBN%3A2024943389 HTTP/1.1" 200 None
2026-08-18 05:36:11  DEBUG     urllib3.connectionpool  Starting new HTTPS connection (1): books.google.com:443
2026-08-18 05:36:11  DEBUG     urllib3.connectionpool  https://books.google.com:443 "GET /books?jscmd=viewapi&bibkeys=OCLC%3A1509695237 HTTP/1.1" 200 None
2026-08-18 05:36:11  DEBUG     urllib3.connectionpool  Starting new HTTPS connection (1): books.google.com:443
2026-08-18 05:36:12  DEBUG     urllib3.connectionpool  https://books.google.com:443 "GET /books?jscmd=viewapi&bibkeys=ISBN%3A9780925776228 HTTP/1.1" 200 None
2026-08-18 05:36:12  DEBUG     urllib3.connectionpool  Starting new HTTPS connection (1): books.google.com:443
2026-08-18 05:36:12  DEBUG     urllib3.connectionpool  https://books.google.com:443 "GET /books?jscmd=viewapi&bibkeys=ISBN%3A2024012516 HTTP/1.1" 200 None
2026-08-18 05:36:12  DEBUG     urllib3.connectionpool  Starting new HTTPS connection (1): books.google.com:443
2026-08-18 05:36:12  DEBUG     urllib3.connectionpool  https://books.google.com:443 "GET /books?jscmd=viewapi&bibkeys=OCLC%3A1417469967 HTTP/1.1" 200 None
2026-08-18 05:36:12  DEBUG     urllib3.connectionpool  Starting new HTTPS connection (1): books.google.com:443
2026-08-18 05:36:12  DEBUG     urllib3.connectionpool  https://books.google.com:443 "GET /books?jscmd=viewapi&bibkeys=ISBN%3A2022000906 HTTP/1.1" 200 None
2026-08-18 05:36:12  DEBUG     urllib3.connectionpool  Starting new HTTPS connection (1): books.google.com:443
2026-08-18 05:36:12  DEBUG     urllib3.connectionpool  https://books.google.com:443 "GET /books?jscmd=viewapi&bibkeys=OCLC%3A1302331379 HTTP/1.1" 200 None
2026-08-18 05:36:12  DEBUG     urllib3.connectionpool  Starting new HTTPS connection (1): api.themoviedb.org:443
2026-08-18 05:36:12  DEBUG     urllib3.connectionpool  https://api.themoviedb.org:443 "GET /3/search/multi?query=Gender+and+sexuality+in+the+classroom+%3A+an+educator%27s+guide+%2F+Marni+Brown%2C+Baker+A.+Rogers%2C+and+Martha+Caldwell.&api_key=0270b36dd719e939d079b611ba56fa7c HTTP/1.1" 200 None
2026-08-18 05:36:12  DEBUG     urllib3.connectionpool  Starting new HTTPS connection (1): books.google.com:443
2026-08-18 05:36:12  DEBUG     urllib3.connectionpool  https://books.google.com:443 "GET /books?jscmd=viewapi&bibkeys=ISBN%3A2024016523 HTTP/1.1" 200 None
2026-08-18 05:36:12  DEBUG     urllib3.connectionpool  Starting new HTTPS connection (1): books.google.com:443
2026-08-18 05:36:12  DEBUG     urllib3.connectionpool  https://books.google.com:443 "GET /books?jscmd=viewapi&bibkeys=OCLC%3A1437997463 HTTP/1.1" 200 None
2026-08-18 05:36:13  DEBUG     urllib3.connectionpool  Starting new HTTPS connection (1): books.google.com:443
2026-08-18 05:36:14  DEBUG     urllib3.connectionpool  https://books.google.com:443 "GET /books?jscmd=viewapi&bibkeys=ISBN%3A0063511630 HTTP/1.1" 200 None
2026-08-18 05:36:14  DEBUG     urllib3.connectionpool  Starting new HTTPS connection (1): books.google.com:443
2026-08-18 05:36:14  DEBUG     urllib3.connectionpool  https://books.google.com:443 "GET /books?jscmd=viewapi&bibkeys=ISBN%3A2025054230 HTTP/1.1" 200 None
2026-08-18 05:36:14  DEBUG     urllib3.connectionpool  Starting new HTTPS connection (1): books.google.com:443
2026-08-18 05:36:14  DEBUG     urllib3.connectionpool  https://books.google.com:443 "GET /books?jscmd=viewapi&bibkeys=OCLC%3A1520908122 HTTP/1.1" 200 None
2026-08-18 05:36:14  DEBUG     urllib3.connectionpool  Starting new HTTPS connection (1): books.google.com:443
2026-08-18 05:36:14  DEBUG     urllib3.connectionpool  https://books.google.com:443 "GET /books?jscmd=viewapi&bibkeys=ISBN%3A2021050502 HTTP/1.1" 200 None
2026-08-18 05:36:14  DEBUG     urllib3.connectionpool  Starting new HTTPS connection (1): books.google.com:443
2026-08-18 05:36:14  DEBUG     urllib3.connectionpool  https://books.google.com:443 "GET /books?jscmd=viewapi&bibkeys=OCLC%3A1288666177 HTTP/1.1" 200 None
2026-08-18 05:36:14  DEBUG     urllib3.connectionpool  Starting new HTTPS connection (1): books.google.com:443
2026-08-18 05:36:14  DEBUG     urllib3.connectionpool  https://books.google.com:443 "GET /books?jscmd=viewapi&bibkeys=ISBN%3A2017303895 HTTP/1.1" 200 None
2026-08-18 05:36:14  DEBUG     urllib3.connectionpool  Starting new HTTPS connection (1): books.google.com:443
2026-08-18 05:36:14  DEBUG     urllib3.connectionpool  https://books.google.com:443 "GET /books?jscmd=viewapi&bibkeys=OCLC%3A952789649 HTTP/1.1" 200 None
2026-08-18 05:36:14  DEBUG     urllib3.connectionpool  Starting new HTTPS connection (1): books.google.com:443
2026-08-18 05:36:14  DEBUG     urllib3.connectionpool  https://books.google.com:443 "GET /books?jscmd=viewapi&bibkeys=ISBN%3A1586921767 HTTP/1.1" 200 None
2026-08-18 05:36:14  DEBUG     urllib3.connectionpool  Starting new HTTPS connection (1): books.google.com:443
2026-08-18 05:36:14  DEBUG     urllib3.connectionpool  https://books.google.com:443 "GET /books?jscmd=viewapi&bibkeys=OCLC%3A1579017246 HTTP/1.1" 200 None
2026-08-18 05:36:14  DEBUG     urllib3.connectionpool  Starting new HTTPS connection (1): books.google.com:443
2026-08-18 05:36:15  DEBUG     urllib3.connectionpool  https://books.google.com:443 "GET /books?jscmd=viewapi&bibkeys=ISBN%3A2014949011 HTTP/1.1" 200 None
2026-08-18 05:36:15  DEBUG     urllib3.connectionpool  Starting new HTTPS connection (1): books.google.com:443
2026-08-18 05:36:15  DEBUG     urllib3.connectionpool  https://books.google.com:443 "GET /books?jscmd=viewapi&bibkeys=OCLC%3A898088225 HTTP/1.1" 200 None
2026-08-18 05:36:15  DEBUG     urllib3.connectionpool  Starting new HTTPS connection (1): books.google.com:443
2026-08-18 05:36:15  DEBUG     urllib3.connectionpool  https://books.google.com:443 "GET /books?jscmd=viewapi&bibkeys=ISBN%3A2025006793 HTTP/1.1" 200 None
2026-08-18 05:36:15  DEBUG     urllib3.connectionpool  Starting new HTTPS connection (1): books.google.com:443
2026-08-18 05:36:15  DEBUG     urllib3.connectionpool  https://books.google.com:443 "GET /books?jscmd=viewapi&bibkeys=OCLC%3A1500217614 HTTP/1.1" 200 None
2026-08-18 05:36:15  DEBUG     urllib3.connectionpool  Starting new HTTPS connection (1): books.google.com:443
2026-08-18 05:36:15  DEBUG     urllib3.connectionpool  https://books.google.com:443 "GET /books?jscmd=viewapi&bibkeys=ISBN%3A2018030408 HTTP/1.1" 200 None
2026-08-18 05:36:15  DEBUG     urllib3.connectionpool  Starting new HTTPS connection (1): books.google.com:443
2026-08-18 05:36:15  DEBUG     urllib3.connectionpool  https://books.google.com:443 "GET /books?jscmd=viewapi&bibkeys=OCLC%3A1043051113 HTTP/1.1" 200 None
2026-08-18 05:36:15  DEBUG     urllib3.connectionpool  Starting new HTTPS connection (1): books.google.com:443
2026-08-18 05:36:15  DEBUG     urllib3.connectionpool  https://books.google.com:443 "GET /books?jscmd=viewapi&bibkeys=ISBN%3A2026016846 HTTP/1.1" 200 None
2026-08-18 05:36:15  DEBUG     urllib3.connectionpool  Starting new HTTPS connection (1): books.google.com:443
2026-08-18 05:36:15  DEBUG     urllib3.connectionpool  https://books.google.com:443 "GET /books?jscmd=viewapi&bibkeys=OCLC%3A1570754080 HTTP/1.1" 200 None
2026-08-18 05:36:15  DEBUG     urllib3.connectionpool  Starting new HTTPS connection (1): api.themoviedb.org:443
2026-08-18 05:36:15  DEBUG     urllib3.connectionpool  https://api.themoviedb.org:443 "GET /3/search/multi?query=Creating+generative+AI+policies+%3A+a+guide+for+public+and+academic+libraries+%2F+Robin+Hastings.&api_key=0270b36dd719e939d079b611ba56fa7c HTTP/1.1" 200 None
2026-08-18 05:36:15  DEBUG     urllib3.connectionpool  Starting new HTTPS connection (1): books.google.com:443
2026-08-18 05:36:16  DEBUG     urllib3.connectionpool  https://books.google.com:443 "GET /books?jscmd=viewapi&bibkeys=ISBN%3A2021016303 HTTP/1.1" 200 None
2026-08-18 05:36:16  DEBUG     urllib3.connectionpool  Starting new HTTPS connection (1): books.google.com:443
2026-08-18 05:36:16  DEBUG     urllib3.connectionpool  https://books.google.com:443 "GET /books?jscmd=viewapi&bibkeys=OCLC%3A1240576417 HTTP/1.1" 200 None
2026-08-18 05:36:17  DEBUG     urllib3.connectionpool  Starting new HTTPS connection (1): books.google.com:443
2026-08-18 05:36:17  DEBUG     urllib3.connectionpool  https://books.google.com:443 "GET /books?jscmd=viewapi&bibkeys=ISBN%3A2021924408 HTTP/1.1" 200 None
2026-08-18 05:36:17  DEBUG     urllib3.connectionpool  Starting new HTTPS connection (1): books.google.com:443
2026-08-18 05:36:17  DEBUG     urllib3.connectionpool  https://books.google.com:443 "GET /books?jscmd=viewapi&bibkeys=OCLC%3A1282601295 HTTP/1.1" 200 None
2026-08-18 05:36:17  DEBUG     urllib3.connectionpool  Starting new HTTPS connection (1): books.google.com:443
2026-08-18 05:36:17  DEBUG     urllib3.connectionpool  https://books.google.com:443 "GET /books?jscmd=viewapi&bibkeys=OCLC%3A1518186166 HTTP/1.1" 200 None
2026-08-18 05:36:17  DEBUG     urllib3.connectionpool  Starting new HTTPS connection (1): books.google.com:443
2026-08-18 05:36:17  DEBUG     urllib3.connectionpool  https://books.google.com:443 "GET /books?jscmd=viewapi&bibkeys=ISBN%3A2025000127 HTTP/1.1" 200 None
2026-08-18 05:36:17  DEBUG     urllib3.connectionpool  Starting new HTTPS connection (1): books.google.com:443
2026-08-18 05:36:17  DEBUG     urllib3.connectionpool  https://books.google.com:443 "GET /books?jscmd=viewapi&bibkeys=OCLC%3A1514598684 HTTP/1.1" 200 None
2026-08-18 05:36:17  DEBUG     urllib3.connectionpool  Starting new HTTPS connection (1): books.google.com:443
2026-08-18 05:36:17  DEBUG     urllib3.connectionpool  https://books.google.com:443 "GET /books?jscmd=viewapi&bibkeys=ISBN%3A2023054363 HTTP/1.1" 200 None
2026-08-18 05:36:17  DEBUG     urllib3.connectionpool  Starting new HTTPS connection (1): books.google.com:443
2026-08-18 05:36:17  DEBUG     urllib3.connectionpool  https://books.google.com:443 "GET /books?jscmd=viewapi&bibkeys=OCLC%3A1415240396 HTTP/1.1" 200 None
2026-08-18 05:36:17  DEBUG     urllib3.connectionpool  Starting new HTTPS connection (1): books.google.com:443
2026-08-18 05:36:18  DEBUG     urllib3.connectionpool  https://books.google.com:443 "GET /books?jscmd=viewapi&bibkeys=ISBN%3A2023049476 HTTP/1.1" 200 None
2026-08-18 05:36:18  DEBUG     urllib3.connectionpool  Starting new HTTPS connection (1): books.google.com:443
2026-08-18 05:36:18  DEBUG     urllib3.connectionpool  https://books.google.com:443 "GET /books?jscmd=viewapi&bibkeys=OCLC%3A1408648878 HTTP/1.1" 200 None
2026-08-18 05:36:18  DEBUG     urllib3.connectionpool  Starting new HTTPS connection (1): books.google.com:443
2026-08-18 05:36:18  DEBUG     urllib3.connectionpool  https://books.google.com:443 "GET /books?jscmd=viewapi&bibkeys=OCLC%3A1521909326 HTTP/1.1" 200 None
2026-08-18 05:36:18  DEBUG     urllib3.connectionpool  Starting new HTTPS connection (1): api.themoviedb.org:443
2026-08-18 05:36:18  DEBUG     urllib3.connectionpool  https://api.themoviedb.org:443 "GET /3/search/multi?query=Thinking+AI+%3A+how+artificial+intelligence+emulates+human+understanding+%2F+John+MacCormick.&api_key=0270b36dd719e939d079b611ba56fa7c HTTP/1.1" 200 None
2026-08-18 05:36:18  DEBUG     urllib3.connectionpool  Starting new HTTPS connection (1): books.google.com:443
2026-08-18 05:36:18  DEBUG     urllib3.connectionpool  https://books.google.com:443 "GET /books?jscmd=viewapi&bibkeys=ISBN%3A2024059990 HTTP/1.1" 200 None
2026-08-18 05:36:18  DEBUG     urllib3.connectionpool  Starting new HTTPS connection (1): books.google.com:443
2026-08-18 05:36:18  DEBUG     urllib3.connectionpool  https://books.google.com:443 "GET /books?jscmd=viewapi&bibkeys=OCLC%3A1453071132 HTTP/1.1" 200 None
2026-08-18 05:36:18  DEBUG     urllib3.connectionpool  Starting new HTTPS connection (1): books.google.com:443
2026-08-18 05:36:18  DEBUG     urllib3.connectionpool  https://books.google.com:443 "GET /books?jscmd=viewapi&bibkeys=ISBN%3A2025016685 HTTP/1.1" 200 None
2026-08-18 05:36:18  DEBUG     urllib3.connectionpool  Starting new HTTPS connection (1): books.google.com:443
2026-08-18 05:36:18  DEBUG     urllib3.connectionpool  https://books.google.com:443 "GET /books?jscmd=viewapi&bibkeys=OCLC%3A1506131444 HTTP/1.1" 200 None
2026-08-18 05:36:18  DEBUG     urllib3.connectionpool  Starting new HTTPS connection (1): books.google.com:443
2026-08-18 05:36:18  DEBUG     urllib3.connectionpool  https://books.google.com:443 "GET /books?jscmd=viewapi&bibkeys=OCLC%3A1529593781 HTTP/1.1" 200 None
2026-08-18 05:36:18  DEBUG     urllib3.connectionpool  Starting new HTTPS connection (1): api.themoviedb.org:443
2026-08-18 05:36:19  DEBUG     urllib3.connectionpool  https://api.themoviedb.org:443 "GET /3/search/multi?query=Beyond+belief+%3A+how+evidence+shows+what+really+works+%2F+Helen+Pearson.&api_key=0270b36dd719e939d079b611ba56fa7c HTTP/1.1" 200 None
2026-08-18 05:36:19  DEBUG     urllib3.connectionpool  Starting new HTTPS connection (1): books.google.com:443
2026-08-18 05:36:19  DEBUG     urllib3.connectionpool  https://books.google.com:443 "GET /books?jscmd=viewapi&bibkeys=ISBN%3A2025936081 HTTP/1.1" 200 None
2026-08-18 05:36:19  DEBUG     urllib3.connectionpool  Starting new HTTPS connection (1): books.google.com:443
2026-08-18 05:36:19  DEBUG     urllib3.connectionpool  https://books.google.com:443 "GET /books?jscmd=viewapi&bibkeys=OCLC%3A1472919691 HTTP/1.1" 200 None
2026-08-18 05:36:20  DEBUG     urllib3.connectionpool  Starting new HTTPS connection (1): books.google.com:443
2026-08-18 05:36:20  DEBUG     urllib3.connectionpool  https://books.google.com:443 "GET /books?jscmd=viewapi&bibkeys=ISBN%3A2016021462 HTTP/1.1" 200 None
2026-08-18 05:36:20  DEBUG     urllib3.connectionpool  Starting new HTTPS connection (1): books.google.com:443
2026-08-18 05:36:20  DEBUG     urllib3.connectionpool  https://books.google.com:443 "GET /books?jscmd=viewapi&bibkeys=OCLC%3A949669599 HTTP/1.1" 200 None
2026-08-18 05:36:20  DEBUG     urllib3.connectionpool  Starting new HTTPS connection (1): books.google.com:443
2026-08-18 05:36:20  DEBUG     urllib3.connectionpool  https://books.google.com:443 "GET /books?jscmd=viewapi&bibkeys=ISBN%3A1296905252 HTTP/1.1" 200 None
2026-08-18 05:36:20  DEBUG     urllib3.connectionpool  Starting new HTTPS connection (1): books.google.com:443
2026-08-18 05:36:20  DEBUG     urllib3.connectionpool  https://books.google.com:443 "GET /books?jscmd=viewapi&bibkeys=OCLC%3A932001597 HTTP/1.1" 200 None
2026-08-18 05:36:20  DEBUG     urllib3.connectionpool  Starting new HTTPS connection (1): books.google.com:443
2026-08-18 05:36:20  DEBUG     urllib3.connectionpool  https://books.google.com:443 "GET /books?jscmd=viewapi&bibkeys=OCLC%3A1592965230 HTTP/1.1" 200 None
2026-08-18 05:36:20  DEBUG     urllib3.connectionpool  Starting new HTTPS connection (1): api.themoviedb.org:443
2026-08-18 05:36:21  DEBUG     urllib3.connectionpool  https://api.themoviedb.org:443 "GET /3/search/multi?query=80%2C000+hours+%3A+how+to+have+a+fulfilling+career+that+does+good+%2F+Benjamin+Todd.&api_key=0270b36dd719e939d079b611ba56fa7c HTTP/1.1" 200 None
2026-08-18 05:36:21  DEBUG     urllib3.connectionpool  Starting new HTTPS connection (1): books.google.com:443
2026-08-18 05:36:21  DEBUG     urllib3.connectionpool  https://books.google.com:443 "GET /books?jscmd=viewapi&bibkeys=ISBN%3A2020027770 HTTP/1.1" 200 None
2026-08-18 05:36:21  DEBUG     urllib3.connectionpool  Starting new HTTPS connection (1): books.google.com:443
2026-08-18 05:36:21  DEBUG     urllib3.connectionpool  https://books.google.com:443 "GET /books?jscmd=viewapi&bibkeys=OCLC%3A1151497573 HTTP/1.1" 200 None
2026-08-18 05:36:21  DEBUG     urllib3.connectionpool  Starting new HTTPS connection (1): books.google.com:443
2026-08-18 05:36:21  DEBUG     urllib3.connectionpool  https://books.google.com:443 "GET /books?jscmd=viewapi&bibkeys=ISBN%3A2021050092 HTTP/1.1" 200 None
2026-08-18 05:36:21  DEBUG     urllib3.connectionpool  Starting new HTTPS connection (1): books.google.com:443
2026-08-18 05:36:21  DEBUG     urllib3.connectionpool  https://books.google.com:443 "GET /books?jscmd=viewapi&bibkeys=OCLC%3A1285577176 HTTP/1.1" 200 None
2026-08-18 05:36:21  DEBUG     urllib3.connectionpool  Starting new HTTPS connection (1): books.google.com:443
2026-08-18 05:36:21  DEBUG     urllib3.connectionpool  https://books.google.com:443 "GET /books?jscmd=viewapi&bibkeys=ISBN%3A2020041583 HTTP/1.1" 200 None
2026-08-18 05:36:21  DEBUG     urllib3.connectionpool  Starting new HTTPS connection (1): books.google.com:443
2026-08-18 05:36:21  DEBUG     urllib3.connectionpool  https://books.google.com:443 "GET /books?jscmd=viewapi&bibkeys=OCLC%3A1196821778 HTTP/1.1" 200 None
2026-08-18 05:36:21  DEBUG     urllib3.connectionpool  Starting new HTTPS connection (1): books.google.com:443
2026-08-18 05:36:21  DEBUG     urllib3.connectionpool  https://books.google.com:443 "GET /books?jscmd=viewapi&bibkeys=ISBN%3A1311283879 HTTP/1.1" 200 None
2026-08-18 05:36:21  DEBUG     urllib3.connectionpool  Starting new HTTPS connection (1): books.google.com:443
2026-08-18 05:36:21  DEBUG     urllib3.connectionpool  https://books.google.com:443 "GET /books?jscmd=viewapi&bibkeys=OCLC%3A1259046336 HTTP/1.1" 200 None
2026-08-18 05:36:21  DEBUG     urllib3.connectionpool  Starting new HTTPS connection (1): books.google.com:443
2026-08-18 05:36:22  DEBUG     urllib3.connectionpool  https://books.google.com:443 "GET /books?jscmd=viewapi&bibkeys=ISBN%3A2024012575 HTTP/1.1" 200 None
2026-08-18 05:36:22  DEBUG     urllib3.connectionpool  Starting new HTTPS connection (1): books.google.com:443
2026-08-18 05:36:22  DEBUG     urllib3.connectionpool  https://books.google.com:443 "GET /books?jscmd=viewapi&bibkeys=OCLC%3A1420449549 HTTP/1.1" 200 None
2026-08-18 05:36:22  DEBUG     urllib3.connectionpool  Starting new HTTPS connection (1): books.google.com:443
2026-08-18 05:36:22  DEBUG     urllib3.connectionpool  https://books.google.com:443 "GET /books?jscmd=viewapi&bibkeys=ISBN%3A2025051097 HTTP/1.1" 200 None
2026-08-18 05:36:22  DEBUG     urllib3.connectionpool  Starting new HTTPS connection (1): books.google.com:443
2026-08-18 05:36:22  DEBUG     urllib3.connectionpool  https://books.google.com:443 "GET /books?jscmd=viewapi&bibkeys=OCLC%3A1541909718 HTTP/1.1" 200 None
2026-08-18 05:36:22  DEBUG     urllib3.connectionpool  Starting new HTTPS connection (1): books.google.com:443
2026-08-18 05:36:22  DEBUG     urllib3.connectionpool  https://books.google.com:443 "GET /books?jscmd=viewapi&bibkeys=ISBN%3A2026016366 HTTP/1.1" 200 None
2026-08-18 05:36:22  DEBUG     urllib3.connectionpool  Starting new HTTPS connection (1): books.google.com:443
2026-08-18 05:36:22  DEBUG     urllib3.connectionpool  https://books.google.com:443 "GET /books?jscmd=viewapi&bibkeys=OCLC%3A1582422910 HTTP/1.1" 200 None
2026-08-18 05:36:22  DEBUG     urllib3.connectionpool  Starting new HTTPS connection (1): api.themoviedb.org:443
2026-08-18 05:36:22  DEBUG     urllib3.connectionpool  https://api.themoviedb.org:443 "GET /3/search/multi?query=The+unicorn+hunters+%3A+a+novel+%2F+Katherine+Arden.&api_key=0270b36dd719e939d079b611ba56fa7c HTTP/1.1" 200 None
2026-08-18 05:36:23  DEBUG     urllib3.connectionpool  Starting new HTTPS connection (1): books.google.com:443
2026-08-18 05:36:23  DEBUG     urllib3.connectionpool  https://books.google.com:443 "GET /books?jscmd=viewapi&bibkeys=ISBN%3A2025037346 HTTP/1.1" 200 None
2026-08-18 05:36:23  DEBUG     urllib3.connectionpool  Starting new HTTPS connection (1): books.google.com:443
2026-08-18 05:36:23  DEBUG     urllib3.connectionpool  https://books.google.com:443 "GET /books?jscmd=viewapi&bibkeys=OCLC%3A1524979901 HTTP/1.1" 200 None
2026-08-18 05:36:23  DEBUG     urllib3.connectionpool  Starting new HTTPS connection (1): api.themoviedb.org:443
2026-08-18 05:36:24  DEBUG     urllib3.connectionpool  https://api.themoviedb.org:443 "GET /3/search/multi?query=Patient%2C+female+%3A+stories+%2F+Julie+Schumacher.&api_key=0270b36dd719e939d079b611ba56fa7c HTTP/1.1" 200 None
2026-08-18 05:36:24  DEBUG     urllib3.connectionpool  Starting new HTTPS connection (1): books.google.com:443
2026-08-18 05:36:24  DEBUG     urllib3.connectionpool  https://books.google.com:443 "GET /books?jscmd=viewapi&bibkeys=ISBN%3A2020057139 HTTP/1.1" 200 None
2026-08-18 05:36:24  DEBUG     urllib3.connectionpool  Starting new HTTPS connection (1): books.google.com:443
2026-08-18 05:36:24  DEBUG     urllib3.connectionpool  https://books.google.com:443 "GET /books?jscmd=viewapi&bibkeys=OCLC%3A1175914589 HTTP/1.1" 200 None
2026-08-18 05:36:24  DEBUG     urllib3.connectionpool  Starting new HTTPS connection (1): books.google.com:443
2026-08-18 05:36:24  DEBUG     urllib3.connectionpool  https://books.google.com:443 "GET /books?jscmd=viewapi&bibkeys=ISBN%3A2016049811 HTTP/1.1" 200 None
2026-08-18 05:36:24  DEBUG     urllib3.connectionpool  Starting new HTTPS connection (1): books.google.com:443
2026-08-18 05:36:24  DEBUG     urllib3.connectionpool  https://books.google.com:443 "GET /books?jscmd=viewapi&bibkeys=OCLC%3A962025730 HTTP/1.1" 200 None
2026-08-18 05:36:24  DEBUG     urllib3.connectionpool  Starting new HTTPS connection (1): books.google.com:443
2026-08-18 05:36:24  DEBUG     urllib3.connectionpool  https://books.google.com:443 "GET /books?jscmd=viewapi&bibkeys=ISBN%3A2016058809 HTTP/1.1" 200 None
2026-08-18 05:36:24  DEBUG     urllib3.connectionpool  Starting new HTTPS connection (1): books.google.com:443
2026-08-18 05:36:24  DEBUG     urllib3.connectionpool  https://books.google.com:443 "GET /books?jscmd=viewapi&bibkeys=OCLC%3A959536312 HTTP/1.1" 200 None
2026-08-18 05:36:24  DEBUG     urllib3.connectionpool  Starting new HTTPS connection (1): books.google.com:443
2026-08-18 05:36:24  DEBUG     urllib3.connectionpool  https://books.google.com:443 "GET /books?jscmd=viewapi&bibkeys=ISBN%3A2015047167 HTTP/1.1" 200 None
2026-08-18 05:36:24  DEBUG     urllib3.connectionpool  Starting new HTTPS connection (1): books.google.com:443
2026-08-18 05:36:24  DEBUG     urllib3.connectionpool  https://books.google.com:443 "GET /books?jscmd=viewapi&bibkeys=OCLC%3A922454217 HTTP/1.1" 200 None
2026-08-18 05:36:24  DEBUG     urllib3.connectionpool  Starting new HTTPS connection (1): books.google.com:443
2026-08-18 05:36:25  DEBUG     urllib3.connectionpool  https://books.google.com:443 "GET /books?jscmd=viewapi&bibkeys=ISBN%3A2023050723 HTTP/1.1" 200 None
2026-08-18 05:36:25  DEBUG     urllib3.connectionpool  Starting new HTTPS connection (1): books.google.com:443
2026-08-18 05:36:25  DEBUG     urllib3.connectionpool  https://books.google.com:443 "GET /books?jscmd=viewapi&bibkeys=OCLC%3A1412503493 HTTP/1.1" 200 None
2026-08-18 05:36:25  DEBUG     urllib3.connectionpool  Starting new HTTPS connection (1): books.google.com:443
2026-08-18 05:36:25  DEBUG     urllib3.connectionpool  https://books.google.com:443 "GET /books?jscmd=viewapi&bibkeys=ISBN%3A2024041511 HTTP/1.1" 200 None
2026-08-18 05:36:25  DEBUG     urllib3.connectionpool  Starting new HTTPS connection (1): books.google.com:443
2026-08-18 05:36:25  DEBUG     urllib3.connectionpool  https://books.google.com:443 "GET /books?jscmd=viewapi&bibkeys=OCLC%3A1476523609 HTTP/1.1" 200 None
2026-08-18 05:36:25  DEBUG     urllib3.connectionpool  Starting new HTTPS connection (1): books.google.com:443
2026-08-18 05:36:25  DEBUG     urllib3.connectionpool  https://books.google.com:443 "GET /books?jscmd=viewapi&bibkeys=ISBN%3A2014039139 HTTP/1.1" 200 None
2026-08-18 05:36:25  DEBUG     urllib3.connectionpool  Starting new HTTPS connection (1): books.google.com:443
2026-08-18 05:36:25  DEBUG     urllib3.connectionpool  https://books.google.com:443 "GET /books?jscmd=viewapi&bibkeys=OCLC%3A872622573 HTTP/1.1" 200 None
2026-08-18 05:36:25  DEBUG     urllib3.connectionpool  Starting new HTTPS connection (1): books.google.com:443
2026-08-18 05:36:25  DEBUG     urllib3.connectionpool  https://books.google.com:443 "GET /books?jscmd=viewapi&bibkeys=ISBN%3A2015007184 HTTP/1.1" 200 None
2026-08-18 05:36:25  DEBUG     urllib3.connectionpool  Starting new HTTPS connection (1): books.google.com:443
2026-08-18 05:36:25  DEBUG     urllib3.connectionpool  https://books.google.com:443 "GET /books?jscmd=viewapi&bibkeys=OCLC%3A903635090 HTTP/1.1" 200 None
2026-08-18 05:36:25  DEBUG     urllib3.connectionpool  Starting new HTTPS connection (1): books.google.com:443
2026-08-18 05:36:25  DEBUG     urllib3.connectionpool  https://books.google.com:443 "GET /books?jscmd=viewapi&bibkeys=ISBN%3A2025039604 HTTP/1.1" 200 None
2026-08-18 05:36:25  DEBUG     urllib3.connectionpool  Starting new HTTPS connection (1): books.google.com:443
2026-08-18 05:36:26  DEBUG     urllib3.connectionpool  https://books.google.com:443 "GET /books?jscmd=viewapi&bibkeys=OCLC%3A1573038546 HTTP/1.1" 200 None
2026-08-18 05:36:26  DEBUG     urllib3.connectionpool  Starting new HTTPS connection (1): api.themoviedb.org:443
2026-08-18 05:36:26  DEBUG     urllib3.connectionpool  https://api.themoviedb.org:443 "GET /3/search/multi?query=Principles+and+practice+of+grief+counseling+%2F+Darcy+L.+Harris%2C+PhD%2C+RN%2C+RSW%2C+MEd%28Couns%29%2C+FT%2C+Evgenia+Milman%2C+PhD%2C+MA%2C+LP.&api_key=0270b36dd719e939d079b611ba56fa7c HTTP/1.1" 200 None
2026-08-18 05:36:27  DEBUG     urllib3.connectionpool  Starting new HTTPS connection (1): books.google.com:443
2026-08-18 05:36:27  DEBUG     urllib3.connectionpool  https://books.google.com:443 "GET /books?jscmd=viewapi&bibkeys=ISBN%3A1005494627 HTTP/1.1" 200 None
2026-08-18 05:36:27  DEBUG     urllib3.connectionpool  Starting new HTTPS connection (1): books.google.com:443
2026-08-18 05:36:27  DEBUG     urllib3.connectionpool  https://books.google.com:443 "GET /books?jscmd=viewapi&bibkeys=OCLC%3A29428773 HTTP/1.1" 200 None
2026-08-18 05:36:27  DEBUG     urllib3.connectionpool  Starting new HTTPS connection (1): books.google.com:443
2026-08-18 05:36:27  DEBUG     urllib3.connectionpool  https://books.google.com:443 "GET /books?jscmd=viewapi&bibkeys=ISBN%3A2024041341 HTTP/1.1" 200 None
2026-08-18 05:36:27  DEBUG     urllib3.connectionpool  Starting new HTTPS connection (1): books.google.com:443
2026-08-18 05:36:27  DEBUG     urllib3.connectionpool  https://books.google.com:443 "GET /books?jscmd=viewapi&bibkeys=OCLC%3A1472088920 HTTP/1.1" 200 None
2026-08-18 05:36:27  DEBUG     urllib3.connectionpool  Starting new HTTPS connection (1): books.google.com:443
2026-08-18 05:36:27  DEBUG     urllib3.connectionpool  https://books.google.com:443 "GET /books?jscmd=viewapi&bibkeys=OCLC%3A1393485907 HTTP/1.1" 200 None
2026-08-18 05:36:27  DEBUG     urllib3.connectionpool  Starting new HTTPS connection (1): books.google.com:443
2026-08-18 05:36:27  DEBUG     urllib3.connectionpool  https://books.google.com:443 "GET /books?jscmd=viewapi&bibkeys=ISBN%3A2017963192 HTTP/1.1" 200 None
2026-08-18 05:36:27  DEBUG     urllib3.connectionpool  Starting new HTTPS connection (1): books.google.com:443
2026-08-18 05:36:27  DEBUG     urllib3.connectionpool  https://books.google.com:443 "GET /books?jscmd=viewapi&bibkeys=OCLC%3A1040597238 HTTP/1.1" 200 None
2026-08-18 05:36:27  DEBUG     urllib3.connectionpool  Starting new HTTPS connection (1): books.google.com:443
2026-08-18 05:36:28  DEBUG     urllib3.connectionpool  https://books.google.com:443 "GET /books?jscmd=viewapi&bibkeys=ISBN%3A2020028806 HTTP/1.1" 200 None
2026-08-18 05:36:28  DEBUG     urllib3.connectionpool  Starting new HTTPS connection (1): books.google.com:443
2026-08-18 05:36:28  DEBUG     urllib3.connectionpool  https://books.google.com:443 "GET /books?jscmd=viewapi&bibkeys=OCLC%3A1161998512 HTTP/1.1" 200 None
2026-08-18 05:36:28  DEBUG     urllib3.connectionpool  Starting new HTTPS connection (1): books.google.com:443
2026-08-18 05:36:28  DEBUG     urllib3.connectionpool  https://books.google.com:443 "GET /books?jscmd=viewapi&bibkeys=ISBN%3A2008023436 HTTP/1.1" 200 None
2026-08-18 05:36:28  DEBUG     urllib3.connectionpool  Starting new HTTPS connection (1): books.google.com:443
2026-08-18 05:36:28  DEBUG     urllib3.connectionpool  https://books.google.com:443 "GET /books?jscmd=viewapi&bibkeys=OCLC%3A209594939 HTTP/1.1" 200 None
2026-08-18 05:36:28  DEBUG     urllib3.connectionpool  Starting new HTTPS connection (1): books.google.com:443
2026-08-18 05:36:28  DEBUG     urllib3.connectionpool  https://books.google.com:443 "GET /books?jscmd=viewapi&bibkeys=ISBN%3A2008021359 HTTP/1.1" 200 None
2026-08-18 05:36:28  DEBUG     urllib3.connectionpool  Starting new HTTPS connection (1): books.google.com:443
2026-08-18 05:36:28  DEBUG     urllib3.connectionpool  https://books.google.com:443 "GET /books?jscmd=viewapi&bibkeys=OCLC%3A228701289 HTTP/1.1" 200 None
2026-08-18 05:36:28  DEBUG     urllib3.connectionpool  Starting new HTTPS connection (1): books.google.com:443
2026-08-18 05:36:28  DEBUG     urllib3.connectionpool  https://books.google.com:443 "GET /books?jscmd=viewapi&bibkeys=ISBN%3A2025028315 HTTP/1.1" 200 None
2026-08-18 05:36:28  DEBUG     urllib3.connectionpool  Starting new HTTPS connection (1): books.google.com:443
2026-08-18 05:36:28  DEBUG     urllib3.connectionpool  https://books.google.com:443 "GET /books?jscmd=viewapi&bibkeys=OCLC%3A1517293860 HTTP/1.1" 200 None
2026-08-18 05:36:28  DEBUG     urllib3.connectionpool  Starting new HTTPS connection (1): books.google.com:443
2026-08-18 05:36:28  DEBUG     urllib3.connectionpool  https://books.google.com:443 "GET /books?jscmd=viewapi&bibkeys=ISBN%3A2022943294 HTTP/1.1" 200 None
2026-08-18 05:36:28  DEBUG     urllib3.connectionpool  Starting new HTTPS connection (1): books.google.com:443
2026-08-18 05:36:29  DEBUG     urllib3.connectionpool  https://books.google.com:443 "GET /books?jscmd=viewapi&bibkeys=OCLC%3A1470852652 HTTP/1.1" 200 None
2026-08-18 05:36:29  DEBUG     urllib3.connectionpool  Starting new HTTPS connection (1): books.google.com:443
2026-08-18 05:36:29  DEBUG     urllib3.connectionpool  https://books.google.com:443 "GET /books?jscmd=viewapi&bibkeys=ISBN%3A2019024983 HTTP/1.1" 200 None
2026-08-18 05:36:29  DEBUG     urllib3.connectionpool  Starting new HTTPS connection (1): books.google.com:443
2026-08-18 05:36:29  DEBUG     urllib3.connectionpool  https://books.google.com:443 "GET /books?jscmd=viewapi&bibkeys=OCLC%3A1104915225 HTTP/1.1" 200 None
2026-08-18 05:36:30  DEBUG     urllib3.connectionpool  Starting new HTTPS connection (1): books.google.com:443
2026-08-18 05:36:30  DEBUG     urllib3.connectionpool  https://books.google.com:443 "GET /books?jscmd=viewapi&bibkeys=ISBN%3A1166958971 HTTP/1.1" 200 None
2026-08-18 05:36:30  DEBUG     urllib3.connectionpool  Starting new HTTPS connection (1): books.google.com:443
2026-08-18 05:36:30  DEBUG     urllib3.connectionpool  https://books.google.com:443 "GET /books?jscmd=viewapi&bibkeys=OCLC%3A28256263 HTTP/1.1" 200 None
2026-08-18 05:36:30  DEBUG     urllib3.connectionpool  Starting new HTTPS connection (1): books.google.com:443
2026-08-18 05:36:30  DEBUG     urllib3.connectionpool  https://books.google.com:443 "GET /books?jscmd=viewapi&bibkeys=ISBN%3A2015037031 HTTP/1.1" 200 None
2026-08-18 05:36:30  DEBUG     urllib3.connectionpool  Starting new HTTPS connection (1): books.google.com:443
2026-08-18 05:36:30  DEBUG     urllib3.connectionpool  https://books.google.com:443 "GET /books?jscmd=viewapi&bibkeys=OCLC%3A913844831 HTTP/1.1" 200 None
2026-08-18 05:36:30  DEBUG     urllib3.connectionpool  Starting new HTTPS connection (1): books.google.com:443
2026-08-18 05:36:30  DEBUG     urllib3.connectionpool  https://books.google.com:443 "GET /books?jscmd=viewapi&bibkeys=ISBN%3A2009040505 HTTP/1.1" 200 None
2026-08-18 05:36:30  DEBUG     urllib3.connectionpool  Starting new HTTPS connection (1): books.google.com:443
2026-08-18 05:36:30  DEBUG     urllib3.connectionpool  https://books.google.com:443 "GET /books?jscmd=viewapi&bibkeys=OCLC%3A426814605 HTTP/1.1" 200 None
2026-08-18 05:36:30  DEBUG     urllib3.connectionpool  Starting new HTTPS connection (1): books.google.com:443
2026-08-18 05:36:31  DEBUG     urllib3.connectionpool  https://books.google.com:443 "GET /books?jscmd=viewapi&bibkeys=ISBN%3A1513889130 HTTP/1.1" 200 None
2026-08-18 05:36:31  DEBUG     urllib3.connectionpool  Starting new HTTPS connection (1): books.google.com:443
2026-08-18 05:36:31  DEBUG     urllib3.connectionpool  https://books.google.com:443 "GET /books?jscmd=viewapi&bibkeys=OCLC%3A1526060075 HTTP/1.1" 200 None
2026-08-18 05:36:31  DEBUG     urllib3.connectionpool  Starting new HTTPS connection (1): books.google.com:443
2026-08-18 05:36:31  DEBUG     urllib3.connectionpool  https://books.google.com:443 "GET /books?jscmd=viewapi&bibkeys=ISBN%3A1127748556 HTTP/1.1" 200 None
2026-08-18 05:36:31  DEBUG     urllib3.connectionpool  Starting new HTTPS connection (1): books.google.com:443
2026-08-18 05:36:31  DEBUG     urllib3.connectionpool  https://books.google.com:443 "GET /books?jscmd=viewapi&bibkeys=OCLC%3A229279169 HTTP/1.1" 200 None
2026-08-18 05:36:31  DEBUG     urllib3.connectionpool  Starting new HTTPS connection (1): books.google.com:443
2026-08-18 05:36:31  DEBUG     urllib3.connectionpool  https://books.google.com:443 "GET /books?jscmd=viewapi&bibkeys=ISBN%3A2014029056 HTTP/1.1" 200 None
2026-08-18 05:36:31  DEBUG     urllib3.connectionpool  Starting new HTTPS connection (1): books.google.com:443
2026-08-18 05:36:31  DEBUG     urllib3.connectionpool  https://books.google.com:443 "GET /books?jscmd=viewapi&bibkeys=OCLC%3A893099217 HTTP/1.1" 200 None
2026-08-18 05:36:31  DEBUG     urllib3.connectionpool  Starting new HTTPS connection (1): books.google.com:443
2026-08-18 05:36:31  DEBUG     urllib3.connectionpool  https://books.google.com:443 "GET /books?jscmd=viewapi&bibkeys=ISBN%3A2022036320 HTTP/1.1" 200 None
2026-08-18 05:36:31  DEBUG     urllib3.connectionpool  Starting new HTTPS connection (1): books.google.com:443
2026-08-18 05:36:31  DEBUG     urllib3.connectionpool  https://books.google.com:443 "GET /books?jscmd=viewapi&bibkeys=OCLC%3A1338165257 HTTP/1.1" 200 None
2026-08-18 05:36:31  DEBUG     urllib3.connectionpool  Starting new HTTPS connection (1): books.google.com:443
2026-08-18 05:36:31  DEBUG     urllib3.connectionpool  https://books.google.com:443 "GET /books?jscmd=viewapi&bibkeys=ISBN%3A2018049836 HTTP/1.1" 200 None
2026-08-18 05:36:31  DEBUG     urllib3.connectionpool  Starting new HTTPS connection (1): books.google.com:443
2026-08-18 05:36:32  DEBUG     urllib3.connectionpool  https://books.google.com:443 "GET /books?jscmd=viewapi&bibkeys=OCLC%3A1059251187 HTTP/1.1" 200 None
2026-08-18 05:36:32  DEBUG     urllib3.connectionpool  Starting new HTTPS connection (1): books.google.com:443
2026-08-18 05:36:32  DEBUG     urllib3.connectionpool  https://books.google.com:443 "GET /books?jscmd=viewapi&bibkeys=ISBN%3A1003809534 HTTP/1.1" 200 None
2026-08-18 05:36:32  DEBUG     urllib3.connectionpool  Starting new HTTPS connection (1): books.google.com:443
2026-08-18 05:36:32  DEBUG     urllib3.connectionpool  https://books.google.com:443 "GET /books?jscmd=viewapi&bibkeys=OCLC%3A885473030 HTTP/1.1" 200 None
2026-08-18 05:36:32  DEBUG     urllib3.connectionpool  Starting new HTTPS connection (1): books.google.com:443
2026-08-18 05:36:32  DEBUG     urllib3.connectionpool  https://books.google.com:443 "GET /books?jscmd=viewapi&bibkeys=ISBN%3A2017004274 HTTP/1.1" 200 None
2026-08-18 05:36:32  DEBUG     urllib3.connectionpool  Starting new HTTPS connection (1): books.google.com:443
2026-08-18 05:36:32  DEBUG     urllib3.connectionpool  https://books.google.com:443 "GET /books?jscmd=viewapi&bibkeys=OCLC%3A979993504 HTTP/1.1" 200 None
2026-08-18 05:36:33  DEBUG     urllib3.connectionpool  Starting new HTTPS connection (1): books.google.com:443
2026-08-18 05:36:33  DEBUG     urllib3.connectionpool  https://books.google.com:443 "GET /books?jscmd=viewapi&bibkeys=OCLC%3A1470945617 HTTP/1.1" 200 None
2026-08-18 05:36:33  DEBUG     urllib3.connectionpool  Starting new HTTPS connection (1): api.themoviedb.org:443
2026-08-18 05:36:33  DEBUG     urllib3.connectionpool  https://api.themoviedb.org:443 "GET /3/search/multi?query=The+best+ten-minute+plays+2024+%2F+edited+by+Debbie+Lamedman.&api_key=0270b36dd719e939d079b611ba56fa7c HTTP/1.1" 200 None
2026-08-18 05:36:33  DEBUG     urllib3.connectionpool  Starting new HTTPS connection (1): books.google.com:443
2026-08-18 05:36:33  DEBUG     urllib3.connectionpool  https://books.google.com:443 "GET /books?jscmd=viewapi&bibkeys=ISBN%3A1034934884 HTTP/1.1" 200 None
2026-08-18 05:36:33  DEBUG     urllib3.connectionpool  Starting new HTTPS connection (1): books.google.com:443
2026-08-18 05:36:34  DEBUG     urllib3.connectionpool  https://books.google.com:443 "GET /books?jscmd=viewapi&bibkeys=OCLC%3A33947563 HTTP/1.1" 200 None
2026-08-18 05:36:34  DEBUG     urllib3.connectionpool  Starting new HTTPS connection (1): books.google.com:443
2026-08-18 05:36:34  DEBUG     urllib3.connectionpool  https://books.google.com:443 "GET /books?jscmd=viewapi&bibkeys=ISBN%3A1305012657 HTTP/1.1" 200 None
2026-08-18 05:36:34  DEBUG     urllib3.connectionpool  Starting new HTTPS connection (1): books.google.com:443
2026-08-18 05:36:34  DEBUG     urllib3.connectionpool  https://books.google.com:443 "GET /books?jscmd=viewapi&bibkeys=OCLC%3A1304816219 HTTP/1.1" 200 None
2026-08-18 05:36:34  DEBUG     urllib3.connectionpool  Starting new HTTPS connection (1): books.google.com:443
2026-08-18 05:36:34  DEBUG     urllib3.connectionpool  https://books.google.com:443 "GET /books?jscmd=viewapi&bibkeys=ISBN%3A2020005807 HTTP/1.1" 200 None
2026-08-18 05:36:34  DEBUG     urllib3.connectionpool  Starting new HTTPS connection (1): books.google.com:443
2026-08-18 05:36:34  DEBUG     urllib3.connectionpool  https://books.google.com:443 "GET /books?jscmd=viewapi&bibkeys=OCLC%3A1129778655 HTTP/1.1" 200 None
2026-08-18 05:36:34  DEBUG     urllib3.connectionpool  Starting new HTTPS connection (1): books.google.com:443
2026-08-18 05:36:34  DEBUG     urllib3.connectionpool  https://books.google.com:443 "GET /books?jscmd=viewapi&bibkeys=OCLC%3A1386701132 HTTP/1.1" 200 None
2026-08-18 05:36:34  DEBUG     urllib3.connectionpool  Starting new HTTPS connection (1): books.google.com:443
2026-08-18 05:36:34  DEBUG     urllib3.connectionpool  https://books.google.com:443 "GET /books?jscmd=viewapi&bibkeys=OCLC%3A808924324 HTTP/1.1" 200 None
2026-08-18 05:36:34  DEBUG     urllib3.connectionpool  Starting new HTTPS connection (1): books.google.com:443
2026-08-18 05:36:34  DEBUG     urllib3.connectionpool  https://books.google.com:443 "GET /books?jscmd=viewapi&bibkeys=ISBN%3A2020032761 HTTP/1.1" 200 None
2026-08-18 05:36:34  DEBUG     urllib3.connectionpool  Starting new HTTPS connection (1): books.google.com:443
2026-08-18 05:36:34  DEBUG     urllib3.connectionpool  https://books.google.com:443 "GET /books?jscmd=viewapi&bibkeys=OCLC%3A1191456301 HTTP/1.1" 200 None
2026-08-18 05:36:34  DEBUG     urllib3.connectionpool  Starting new HTTPS connection (1): api.themoviedb.org:443
2026-08-18 05:36:34  DEBUG     urllib3.connectionpool  https://api.themoviedb.org:443 "GET /3/search/multi?query=Raising+the+eleventh+pillar+%3A+the+ratification+debate+of+1788+%2F+John+Patrick+Coby%2C+Smith+College.&api_key=0270b36dd719e939d079b611ba56fa7c HTTP/1.1" 200 None
2026-08-18 05:36:34  DEBUG     urllib3.connectionpool  Starting new HTTPS connection (1): books.google.com:443
2026-08-18 05:36:35  DEBUG     urllib3.connectionpool  https://books.google.com:443 "GET /books?jscmd=viewapi&bibkeys=ISBN%3A2024044769 HTTP/1.1" 200 None
2026-08-18 05:36:35  DEBUG     urllib3.connectionpool  Starting new HTTPS connection (1): books.google.com:443
2026-08-18 05:36:35  DEBUG     urllib3.connectionpool  https://books.google.com:443 "GET /books?jscmd=viewapi&bibkeys=OCLC%3A1466097097 HTTP/1.1" 200 None
2026-08-18 05:36:35  DEBUG     urllib3.connectionpool  Starting new HTTPS connection (1): books.google.com:443
2026-08-18 05:36:35  DEBUG     urllib3.connectionpool  https://books.google.com:443 "GET /books?jscmd=viewapi&bibkeys=ISBN%3A1324103388 HTTP/1.1" 200 None
2026-08-18 05:36:35  DEBUG     urllib3.connectionpool  Starting new HTTPS connection (1): books.google.com:443
2026-08-18 05:36:35  DEBUG     urllib3.connectionpool  https://books.google.com:443 "GET /books?jscmd=viewapi&bibkeys=ISBN%3A0865164339 HTTP/1.1" 200 None
2026-08-18 05:36:36  DEBUG     urllib3.connectionpool  Starting new HTTPS connection (1): books.google.com:443
2026-08-18 05:36:36  DEBUG     urllib3.connectionpool  https://books.google.com:443 "GET /books?jscmd=viewapi&bibkeys=ISBN%3A1027309594 HTTP/1.1" 200 None
2026-08-18 05:36:36  DEBUG     urllib3.connectionpool  Starting new HTTPS connection (1): books.google.com:443
2026-08-18 05:36:36  DEBUG     urllib3.connectionpool  https://books.google.com:443 "GET /books?jscmd=viewapi&bibkeys=OCLC%3A40756376 HTTP/1.1" 200 None
2026-08-18 05:36:36  DEBUG     urllib3.connectionpool  Starting new HTTPS connection (1): books.google.com:443
2026-08-18 05:36:36  DEBUG     urllib3.connectionpool  https://books.google.com:443 "GET /books?jscmd=viewapi&bibkeys=OCLC%3A29792423 HTTP/1.1" 200 None
2026-08-18 05:36:36  DEBUG     urllib3.connectionpool  Starting new HTTPS connection (1): books.google.com:443
2026-08-18 05:36:36  DEBUG     urllib3.connectionpool  https://books.google.com:443 "GET /books?jscmd=viewapi&bibkeys=ISBN%3A1035417239 HTTP/1.1" 200 None
2026-08-18 05:36:36  DEBUG     urllib3.connectionpool  Starting new HTTPS connection (1): books.google.com:443
2026-08-18 05:36:36  DEBUG     urllib3.connectionpool  https://books.google.com:443 "GET /books?jscmd=viewapi&bibkeys=OCLC%3A40248681 HTTP/1.1" 200 None
2026-08-18 05:36:36  DEBUG     urllib3.connectionpool  Starting new HTTPS connection (1): books.google.com:443
2026-08-18 05:36:37  DEBUG     urllib3.connectionpool  https://books.google.com:443 "GET /books?jscmd=viewapi&bibkeys=ISBN%3A1138650170 HTTP/1.1" 200 None
2026-08-18 05:36:37  DEBUG     urllib3.connectionpool  Starting new HTTPS connection (1): books.google.com:443
2026-08-18 05:36:37  DEBUG     urllib3.connectionpool  https://books.google.com:443 "GET /books?jscmd=viewapi&bibkeys=OCLC%3A1129459894 HTTP/1.1" 200 None
2026-08-18 05:36:37  DEBUG     urllib3.connectionpool  Starting new HTTPS connection (1): books.google.com:443
2026-08-18 05:36:37  DEBUG     urllib3.connectionpool  https://books.google.com:443 "GET /books?jscmd=viewapi&bibkeys=ISBN%3A1154290773 HTTP/1.1" 200 None
2026-08-18 05:36:37  DEBUG     urllib3.connectionpool  Starting new HTTPS connection (1): books.google.com:443
2026-08-18 05:36:37  DEBUG     urllib3.connectionpool  https://books.google.com:443 "GET /books?jscmd=viewapi&bibkeys=OCLC%3A17482829 HTTP/1.1" 200 None
2026-08-18 05:36:37  DEBUG     urllib3.connectionpool  Starting new HTTPS connection (1): books.google.com:443
2026-08-18 05:36:37  DEBUG     urllib3.connectionpool  https://books.google.com:443 "GET /books?jscmd=viewapi&bibkeys=ISBN%3A2020051054 HTTP/1.1" 200 None
2026-08-18 05:36:37  DEBUG     urllib3.connectionpool  Starting new HTTPS connection (1): books.google.com:443
2026-08-18 05:36:37  DEBUG     urllib3.connectionpool  https://books.google.com:443 "GET /books?jscmd=viewapi&bibkeys=OCLC%3A1224043158 HTTP/1.1" 200 None
2026-08-18 05:36:37  DEBUG     urllib3.connectionpool  Starting new HTTPS connection (1): books.google.com:443
2026-08-18 05:36:37  DEBUG     urllib3.connectionpool  https://books.google.com:443 "GET /books?jscmd=viewapi&bibkeys=OCLC%3A898086843 HTTP/1.1" 200 None
2026-08-18 05:36:37  DEBUG     urllib3.connectionpool  Starting new HTTPS connection (1): books.google.com:443
2026-08-18 05:36:37  DEBUG     urllib3.connectionpool  https://books.google.com:443 "GET /books?jscmd=viewapi&bibkeys=OCLC%3A1412257855 HTTP/1.1" 200 None
2026-08-18 05:36:37  DEBUG     urllib3.connectionpool  Starting new HTTPS connection (1): books.google.com:443
2026-08-18 05:36:37  DEBUG     urllib3.connectionpool  https://books.google.com:443 "GET /books?jscmd=viewapi&bibkeys=ISBN%3A1255413457 HTTP/1.1" 200 None
2026-08-18 05:36:37  DEBUG     urllib3.connectionpool  Starting new HTTPS connection (1): books.google.com:443
2026-08-18 05:36:38  DEBUG     urllib3.connectionpool  https://books.google.com:443 "GET /books?jscmd=viewapi&bibkeys=OCLC%3A1057635605 HTTP/1.1" 200 None
2026-08-18 05:36:38  DEBUG     urllib3.connectionpool  Starting new HTTPS connection (1): books.google.com:443
2026-08-18 05:36:38  DEBUG     urllib3.connectionpool  https://books.google.com:443 "GET /books?jscmd=viewapi&bibkeys=ISBN%3A1600041547 HTTP/1.1" 200 None
2026-08-18 05:36:38  DEBUG     urllib3.connectionpool  Starting new HTTPS connection (1): books.google.com:443
2026-08-18 05:36:38  DEBUG     urllib3.connectionpool  https://books.google.com:443 "GET /books?jscmd=viewapi&bibkeys=OCLC%3A41302618 HTTP/1.1" 200 None
2026-08-18 05:36:39  DEBUG     urllib3.connectionpool  Starting new HTTPS connection (1): books.google.com:443
2026-08-18 05:36:39  DEBUG     urllib3.connectionpool  https://books.google.com:443 "GET /books?jscmd=viewapi&bibkeys=ISBN%3A2017299760 HTTP/1.1" 200 None
2026-08-18 05:36:39  DEBUG     urllib3.connectionpool  Starting new HTTPS connection (1): books.google.com:443
2026-08-18 05:36:39  DEBUG     urllib3.connectionpool  https://books.google.com:443 "GET /books?jscmd=viewapi&bibkeys=OCLC%3A962008670 HTTP/1.1" 200 None
2026-08-18 05:36:39  DEBUG     urllib3.connectionpool  Starting new HTTPS connection (1): books.google.com:443
2026-08-18 05:36:39  DEBUG     urllib3.connectionpool  https://books.google.com:443 "GET /books?jscmd=viewapi&bibkeys=ISBN%3A2020049221 HTTP/1.1" 200 None
2026-08-18 05:36:39  DEBUG     urllib3.connectionpool  Starting new HTTPS connection (1): books.google.com:443
2026-08-18 05:36:40  DEBUG     urllib3.connectionpool  https://books.google.com:443 "GET /books?jscmd=viewapi&bibkeys=OCLC%3A1201298698 HTTP/1.1" 200 None
2026-08-18 05:36:40  DEBUG     urllib3.connectionpool  Starting new HTTPS connection (1): books.google.com:443
2026-08-18 05:36:40  DEBUG     urllib3.connectionpool  https://books.google.com:443 "GET /books?jscmd=viewapi&bibkeys=ISBN%3A1165622189 HTTP/1.1" 200 None
2026-08-18 05:36:40  DEBUG     urllib3.connectionpool  Starting new HTTPS connection (1): books.google.com:443
2026-08-18 05:36:40  DEBUG     urllib3.connectionpool  https://books.google.com:443 "GET /books?jscmd=viewapi&bibkeys=OCLC%3A1140193062 HTTP/1.1" 200 None
2026-08-18 05:36:40  DEBUG     urllib3.connectionpool  Starting new HTTPS connection (1): books.google.com:443
2026-08-18 05:36:40  DEBUG     urllib3.connectionpool  https://books.google.com:443 "GET /books?jscmd=viewapi&bibkeys=ISBN%3A2021051253 HTTP/1.1" 200 None
2026-08-18 05:36:40  DEBUG     urllib3.connectionpool  Starting new HTTPS connection (1): books.google.com:443
2026-08-18 05:36:40  DEBUG     urllib3.connectionpool  https://books.google.com:443 "GET /books?jscmd=viewapi&bibkeys=OCLC%3A1287744960 HTTP/1.1" 200 None
2026-08-18 05:36:40  DEBUG     urllib3.connectionpool  Starting new HTTPS connection (1): books.google.com:443
2026-08-18 05:36:40  DEBUG     urllib3.connectionpool  https://books.google.com:443 "GET /books?jscmd=viewapi&bibkeys=ISBN%3A2020935500 HTTP/1.1" 200 None
2026-08-18 05:36:40  DEBUG     urllib3.connectionpool  Starting new HTTPS connection (1): books.google.com:443
2026-08-18 05:36:40  DEBUG     urllib3.connectionpool  https://books.google.com:443 "GET /books?jscmd=viewapi&bibkeys=OCLC%3A1235880188 HTTP/1.1" 200 None
2026-08-18 05:36:40  DEBUG     urllib3.connectionpool  Starting new HTTPS connection (1): books.google.com:443
2026-08-18 05:36:41  DEBUG     urllib3.connectionpool  https://books.google.com:443 "GET /books?jscmd=viewapi&bibkeys=ISBN%3A2022051892 HTTP/1.1" 200 None
2026-08-18 05:36:41  DEBUG     urllib3.connectionpool  Starting new HTTPS connection (1): books.google.com:443
2026-08-18 05:36:41  DEBUG     urllib3.connectionpool  https://books.google.com:443 "GET /books?jscmd=viewapi&bibkeys=OCLC%3A1313902762 HTTP/1.1" 200 None
2026-08-18 05:36:41  DEBUG     urllib3.connectionpool  Starting new HTTPS connection (1): api.themoviedb.org:443
2026-08-18 05:36:41  DEBUG     urllib3.connectionpool  https://api.themoviedb.org:443 "GET /3/search/multi?query=Building+honor+in+academics+%3A+case+studies+in+academic+integrity+%2F+Valerie+P.+Denney%2C+Camilla+J.+Roberts.&api_key=0270b36dd719e939d079b611ba56fa7c HTTP/1.1" 200 None
2026-08-18 05:36:41  DEBUG     urllib3.connectionpool  Starting new HTTPS connection (1): books.google.com:443
2026-08-18 05:36:41  DEBUG     urllib3.connectionpool  https://books.google.com:443 "GET /books?jscmd=viewapi&bibkeys=ISBN%3A2025046546 HTTP/1.1" 200 None
2026-08-18 05:36:41  DEBUG     urllib3.connectionpool  Starting new HTTPS connection (1): books.google.com:443
2026-08-18 05:36:41  DEBUG     urllib3.connectionpool  https://books.google.com:443 "GET /books?jscmd=viewapi&bibkeys=OCLC%3A1573155706 HTTP/1.1" 200 None
2026-08-18 05:36:41  DEBUG     urllib3.connectionpool  Starting new HTTPS connection (1): api.themoviedb.org:443
2026-08-18 05:36:41  DEBUG     urllib3.connectionpool  https://api.themoviedb.org:443 "GET /3/search/multi?query=The+games+that+computers+%28and+humans%29+play+%3A+a+non-technical+introduction+to+artificial+intelligence+%2F+Jonathan+Schaeffer.&api_key=0270b36dd719e939d079b611ba56fa7c HTTP/1.1" 200 None
2026-08-18 05:36:41  DEBUG     urllib3.connectionpool  Starting new HTTPS connection (1): books.google.com:443
2026-08-18 05:36:41  DEBUG     urllib3.connectionpool  https://books.google.com:443 "GET /books?jscmd=viewapi&bibkeys=ISBN%3A2019051714 HTTP/1.1" 200 None
2026-08-18 05:36:41  DEBUG     urllib3.connectionpool  Starting new HTTPS connection (1): books.google.com:443
2026-08-18 05:36:41  DEBUG     urllib3.connectionpool  https://books.google.com:443 "GET /books?jscmd=viewapi&bibkeys=OCLC%3A1119533085 HTTP/1.1" 200 None
2026-08-18 05:36:41  DEBUG     urllib3.connectionpool  Starting new HTTPS connection (1): books.google.com:443
2026-08-18 05:36:41  DEBUG     urllib3.connectionpool  https://books.google.com:443 "GET /books?jscmd=viewapi&bibkeys=ISBN%3A1591829470 HTTP/1.1" 200 None
2026-08-18 05:36:41  DEBUG     urllib3.connectionpool  Starting new HTTPS connection (1): books.google.com:443
2026-08-18 05:36:42  DEBUG     urllib3.connectionpool  https://books.google.com:443 "GET /books?jscmd=viewapi&bibkeys=OCLC%3A1551446380 HTTP/1.1" 200 None
2026-08-18 05:36:42  DEBUG     urllib3.connectionpool  Starting new HTTPS connection (1): books.google.com:443
2026-08-18 05:36:42  DEBUG     urllib3.connectionpool  https://books.google.com:443 "GET /books?jscmd=viewapi&bibkeys=ISBN%3A1523045339 HTTP/1.1" 200 None
2026-08-18 05:36:42  DEBUG     urllib3.connectionpool  Starting new HTTPS connection (1): books.google.com:443
2026-08-18 05:36:42  DEBUG     urllib3.connectionpool  https://books.google.com:443 "GET /books?jscmd=viewapi&bibkeys=OCLC%3A1574784009 HTTP/1.1" 200 None
2026-08-18 05:36:43  DEBUG     urllib3.connectionpool  Starting new HTTPS connection (1): books.google.com:443
2026-08-18 05:36:43  DEBUG     urllib3.connectionpool  https://books.google.com:443 "GET /books?jscmd=viewapi&bibkeys=ISBN%3A2024009783 HTTP/1.1" 200 None
2026-08-18 05:36:43  DEBUG     urllib3.connectionpool  Starting new HTTPS connection (1): books.google.com:443
2026-08-18 05:36:43  DEBUG     urllib3.connectionpool  https://books.google.com:443 "GET /books?jscmd=viewapi&bibkeys=OCLC%3A1425246958 HTTP/1.1" 200 None
2026-08-18 05:36:43  DEBUG     urllib3.connectionpool  Starting new HTTPS connection (1): books.google.com:443
2026-08-18 05:36:43  DEBUG     urllib3.connectionpool  https://books.google.com:443 "GET /books?jscmd=viewapi&bibkeys=ISBN%3A2025015767 HTTP/1.1" 200 None
2026-08-18 05:36:43  DEBUG     urllib3.connectionpool  Starting new HTTPS connection (1): books.google.com:443
2026-08-18 05:36:43  DEBUG     urllib3.connectionpool  https://books.google.com:443 "GET /books?jscmd=viewapi&bibkeys=OCLC%3A1552153923 HTTP/1.1" 200 None
2026-08-18 05:36:43  DEBUG     urllib3.connectionpool  Starting new HTTPS connection (1): books.google.com:443
2026-08-18 05:36:43  DEBUG     urllib3.connectionpool  https://books.google.com:443 "GET /books?jscmd=viewapi&bibkeys=ISBN%3A1064489040 HTTP/1.1" 200 None
2026-08-18 05:36:43  DEBUG     urllib3.connectionpool  Starting new HTTPS connection (1): books.google.com:443
2026-08-18 05:36:43  DEBUG     urllib3.connectionpool  https://books.google.com:443 "GET /books?jscmd=viewapi&bibkeys=OCLC%3A894900970 HTTP/1.1" 200 None
2026-08-18 05:36:43  DEBUG     urllib3.connectionpool  Starting new HTTPS connection (1): books.google.com:443
2026-08-18 05:36:44  DEBUG     urllib3.connectionpool  https://books.google.com:443 "GET /books?jscmd=viewapi&bibkeys=ISBN%3A2025029822 HTTP/1.1" 200 None
2026-08-18 05:36:44  DEBUG     urllib3.connectionpool  Starting new HTTPS connection (1): books.google.com:443
2026-08-18 05:36:44  DEBUG     urllib3.connectionpool  https://books.google.com:443 "GET /books?jscmd=viewapi&bibkeys=OCLC%3A1530056475 HTTP/1.1" 200 None
2026-08-18 05:36:44  DEBUG     urllib3.connectionpool  Starting new HTTPS connection (1): api.themoviedb.org:443
2026-08-18 05:36:44  DEBUG     urllib3.connectionpool  https://api.themoviedb.org:443 "GET /3/search/multi?query=Leadership+lessons+from+the+Jesuits+%3A+cura+apostolica+and+the+mission-driven+organization+%2F+Matthew+E.+Carnes%2C+SJ%2C+editor+%3B+afterword+by+Michael+J.+Garanzini%2C+SJ+and+Arturo+Sosa%2C+SJ.&api_key=0270b36dd719e939d079b611ba56fa7c HTTP/1.1" 200 None
2026-08-18 05:36:44  DEBUG     urllib3.connectionpool  Starting new HTTPS connection (1): books.google.com:443
2026-08-18 05:36:44  DEBUG     urllib3.connectionpool  https://books.google.com:443 "GET /books?jscmd=viewapi&bibkeys=ISBN%3A1805265695 HTTP/1.1" 200 None
2026-08-18 05:36:44  DEBUG     urllib3.connectionpool  Starting new HTTPS connection (1): books.google.com:443
2026-08-18 05:36:44  DEBUG     urllib3.connectionpool  https://books.google.com:443 "GET /books?jscmd=viewapi&bibkeys=ISBN%3A2024036105 HTTP/1.1" 200 None
2026-08-18 05:36:44  DEBUG     urllib3.connectionpool  Starting new HTTPS connection (1): books.google.com:443
2026-08-18 05:36:44  DEBUG     urllib3.connectionpool  https://books.google.com:443 "GET /books?jscmd=viewapi&bibkeys=OCLC%3A1440028218 HTTP/1.1" 200 None
2026-08-18 05:36:44  INFO      src.html_generator  HTML written to /home/runner/work/folio-new-books/folio-new-books/output/new-materials.html
2026-08-18 05:36:44  DEBUG     src.html_generator  Assets copied to output/assets
2026-08-18 05:36:44  DEBUG     src.html_generator  Item data written to output/data/items.json
2026-08-18 05:36:44  INFO      __main__  Done — 107 items written to output/new-materials.html (plus assets/ and data/items.json)
2026-08-19 05:37:13  INFO      __main__  ──────────────────────────────────────────────────────────────────────
2026-08-19 05:37:13  INFO      __main__  FOLIO New Materials — run starting 2026-08-19 05:37:13
2026-08-19 05:37:13  INFO      __main__  Config: config.ini
2026-08-19 05:37:13  INFO      __main__  Date range: 2026-05-21 → 2026-08-19
2026-08-19 05:37:13  DEBUG     src.folio_client  Orders query: ((receiptDate>="2026-05-21T00:00:00" and receiptDate<="2026-08-19T23:59:59") and receiptStatus=="Fully Received") sortby metadata.updatedDate/sort.descending
2026-08-19 05:37:13  DEBUG     urllib3.connectionpool  Starting new HTTPS connection (1): api-lemoyne.folio.ebsco.com:443
2026-08-19 05:37:13  DEBUG     urllib3.connectionpool  https://api-lemoyne.folio.ebsco.com:443 "POST /authn/login-with-expiry HTTP/1.1" 201 None
2026-08-19 05:37:13  INFO      src.folio_client  FOLIO authentication successful (token cached)
2026-08-19 05:37:13  DEBUG     urllib3.connectionpool  Starting new HTTPS connection (1): api-lemoyne.folio.ebsco.com:443
2026-08-19 05:37:14  DEBUG     urllib3.connectionpool  https://api-lemoyne.folio.ebsco.com:443 "GET /orders/order-lines?query=%28%28receiptDate%3E%3D%222026-05-21T00%3A00%3A00%22+and+receiptDate%3C%3D%222026-08-19T23%3A59%3A59%22%29+and+receiptStatus%3D%3D%22Fully+Received%22%29+sortby+metadata.updatedDate%2Fsort.descending&limit=200&offset=0 HTTP/1.1" 200 35232
2026-08-19 05:37:14  INFO      __main__  Retrieved 111 order lines
2026-08-19 05:37:14  DEBUG     urllib3.connectionpool  https://api-lemoyne.folio.ebsco.com:443 "GET /search/instances?query=%28id%3D%3D%22ead52c52-4885-4f13-9e05-d2c3bc732b67%22+or+id%3D%3D%2219707bc4-8830-4749-b0cb-03353ff98fcf%22+or+id%3D%3D%221a97aad4-e5ae-497c-95ac-84f6f11a0a97%22+or+id%3D%3D%22ed4d7ba3-f047-42b8-8550-873be5bf5d30%22+or+id%3D%3D%22ea92c0dc-9cb2-4ff3-b97c-e4190faf2a8d%22+or+id%3D%3D%2215ec25be-13ce-49b6-984a-04a4ca9ad546%22+or+id%3D%3D%22ae4b384c-bcc6-47ab-81a6-566ea090502c%22+or+id%3D%3D%22f95dbbc4-4722-44a4-b6d8-4fc76c816048%22+or+id%3D%3D%220e392e26-f166-4f62-8b95-8898da1f7f36%22+or+id%3D%3D%22a758abc2-d7ea-4293-bfa9-2e20cb502a7c%22+or+id%3D%3D%223a33ce5f-ee58-466a-968f-bee361f30e00%22+or+id%3D%3D%223c5be1cb-7263-4b8a-9a9a-26f03858b7a1%22+or+id%3D%3D%224a90fd66-427a-47c4-bac7-08c9f2933a0c%22+or+id%3D%3D%2275d1243f-4965-4c7f-9871-0a1561e72626%22+or+id%3D%3D%2214157781-276e-4ab7-94af-e84e5efd2955%22+or+id%3D%3D%221622aa2f-7dbc-4991-90ee-05436550a362%22+or+id%3D%3D%22dad5200b-4c52-4cdc-83ea-6bd5444d2b0c%22+or+id%3D%3D%22498e3d96-fb01-4706-9ea2-579f90e01800%22+or+id%3D%3D%22adb3a199-0695-492d-b218-ad6b02b7a8f0%22+or+id%3D%3D%2269ccab4e-1781-4855-a46f-36b2162ed894%22+or+id%3D%3D%221373dd9b-6148-43a1-8749-8f2d30609c58%22+or+id%3D%3D%22e4da304e-798f-4d1e-a512-bced28e50a1e%22+or+id%3D%3D%225c5f1c4f-92d0-46ee-b964-dbd77dcf895d%22+or+id%3D%3D%223e66bb17-7bc2-4e2e-b755-3b502e86faac%22+or+id%3D%3D%22e4a69f24-5c02-4341-b991-9bdff36a73e6%22+or+id%3D%3D%22ad48aab2-19c8-4852-ab1f-a2b0fee61906%22+or+id%3D%3D%22df6d79d0-6a34-4eba-b617-2654cb7093aa%22+or+id%3D%3D%2287518e5d-b3d8-509a-9cde-fb0f6ba16ecb%22+or+id%3D%3D%222d236822-4f1a-4046-a809-1b0755b00dc1%22+or+id%3D%3D%221fc62f97-d8b4-570b-93b2-db2d38fbf8af%22+or+id%3D%3D%224239356f-c5ff-4f80-8294-74313d748e37%22+or+id%3D%3D%22ae38c530-fe24-472f-8423-117f12508df6%22+or+id%3D%3D%22b2bb0f44-62b8-4cdd-950b-2df23576f2ac%22+or+id%3D%3D%22f8b0f741-7c0f-5ac5-ad8c-478966dd81c2%22+or+id%3D%3D%22aab9fadf-4166-4e1a-a3d9-1671e0aaaede%22+or+id%3D%3D%22adab5ea0-0f85-4e69-a35c-2fa12c6c2d4a%22+or+id%3D%3D%2212bdf8ff-7909-488d-9f0a-78c14e67c7b3%22+or+id%3D%3D%22f3ba5444-cb7a-43f6-84f8-55a980e9d8a0%22+or+id%3D%3D%22f0e478e3-b0b1-4e46-ae4d-1a1ac268e0df%22+or+id%3D%3D%22886c190e-993b-579f-9db2-b7d68e57a922%22+or+id%3D%3D%22a7839b0c-84ee-4c57-aa8b-bcc10c06f5ea%22+or+id%3D%3D%22b2754740-252e-4985-b72d-dbf638e7cb31%22+or+id%3D%3D%2221aacd1e-1438-4ee7-bf0f-a2a1f80cdf61%22+or+id%3D%3D%2294d32931-a90a-446b-992e-e0b68161ce09%22+or+id%3D%3D%2275625d39-31e4-48e5-a76f-e387cf606a3f%22+or+id%3D%3D%22c9ca2c1f-2ae2-5bf8-af0c-a129f69b5639%22+or+id%3D%3D%2265d0f7c4-f8d2-45b4-a498-a9672b5a84d4%22+or+id%3D%3D%2296daf666-d08e-47cc-8dbb-879af30f1a78%22+or+id%3D%3D%22036fa639-36cd-41e4-9664-02adba8395ad%22+or+id%3D%3D%224b11fd46-a48b-4cf4-adbc-b1465e25fc4c%22%29&limit=50&expandAll=true HTTP/1.1" 200 None
2026-08-19 05:37:14  DEBUG     urllib3.connectionpool  https://api-lemoyne.folio.ebsco.com:443 "GET /search/instances?query=%28id%3D%3D%22e291a0ae-09df-4842-baa3-e124870c3de4%22+or+id%3D%3D%2223650665-733f-4874-ab91-c3137d092de1%22+or+id%3D%3D%22432435ea-7677-4e22-92f6-63807b7d08dc%22+or+id%3D%3D%220bbb87a8-0c6d-43cf-9b59-6a4fa7e7b2ee%22+or+id%3D%3D%22ff1fb556-6c9e-50d0-beb5-125281389d8f%22+or+id%3D%3D%22ae6fed8b-eabe-4cc5-bf48-6b8bf6fc2497%22+or+id%3D%3D%2291618a00-2e72-4ef8-ac4f-5bbdc5855e8e%22+or+id%3D%3D%225f179ff1-e8a8-491d-8885-ea7a887409c7%22+or+id%3D%3D%22a70b30bf-a34a-4353-83f4-9508c7aca75b%22+or+id%3D%3D%22ef494b13-386e-4e46-8d27-5b7efda6bad5%22+or+id%3D%3D%22e6a9f53d-7e97-4a0c-b76b-c9f51e1d4532%22+or+id%3D%3D%22473a6b80-c167-402f-a960-f5251c23f1c4%22+or+id%3D%3D%2243be2c3b-daf2-4d0c-ad94-37b4a0844b37%22+or+id%3D%3D%22ed664865-7963-4d43-9305-dc8d18f0997e%22+or+id%3D%3D%229bba34cd-a718-41b6-83a4-417d55872666%22+or+id%3D%3D%22cbd25b16-13ec-5314-8b39-e43d31e55fd5%22+or+id%3D%3D%22a444eeea-18da-4ea9-8d5b-b2453ad840af%22+or+id%3D%3D%22fd1c9f3b-99d0-5d75-ae31-83350383e9fa%22+or+id%3D%3D%22c1af76d5-cb27-442b-802c-273353304071%22+or+id%3D%3D%22609a0b37-f12f-4eb6-8876-04f0965e8a9e%22+or+id%3D%3D%222b2f5589-e82a-445c-8201-43ac081cd0dc%22+or+id%3D%3D%2265dd071d-a3f7-41a2-b4f8-fa4e80b59196%22+or+id%3D%3D%221697fc1e-bfa0-5862-97cd-b29fa469adbc%22+or+id%3D%3D%22d6c24703-e0ad-4426-bc57-6008471e6180%22+or+id%3D%3D%22d53831bc-dfa4-4dd8-9b93-b9cb7e4b89c3%22+or+id%3D%3D%22aff4110c-3073-56ac-8201-06af79a18435%22+or+id%3D%3D%22ce83cf95-cccb-4c9f-8a16-06e6f10bf099%22+or+id%3D%3D%22b0ee4622-984d-4b04-a813-c92dccf6c3d7%22+or+id%3D%3D%22eea76be1-e65e-5b2c-a03d-2643d089d051%22+or+id%3D%3D%2268fd632e-79c3-4ddd-8a02-621a9b19a567%22+or+id%3D%3D%2286c80696-0f9b-48d1-b5cb-b028ac4de3c4%22+or+id%3D%3D%22a50aca5b-9851-4268-9646-8806c3cd76c7%22+or+id%3D%3D%22ef87a4aa-3860-4d33-a406-212807eb342a%22+or+id%3D%3D%2218944ed6-e85b-4953-95cd-e1153b0f120e%22+or+id%3D%3D%2286439b07-a452-4720-9a68-5bb109fe140d%22+or+id%3D%3D%2257c00041-77e4-4cd8-8b7b-6ff2527387b5%22+or+id%3D%3D%227550874b-2da9-4dc7-9e99-e4c218790f1a%22+or+id%3D%3D%22bbf45ff3-8e3a-4fc7-8a96-c4fdc21d59cc%22+or+id%3D%3D%22c6cf09ce-d6c6-5c0a-83b7-deb514a912d0%22+or+id%3D%3D%223d7f621c-d301-42ed-b8df-d73c423c04eb%22+or+id%3D%3D%2237a91cb2-edb1-50b3-81e7-461a8043dd21%22+or+id%3D%3D%22c823c7f1-9b4b-4ebd-be33-a27201f4c22e%22+or+id%3D%3D%220083bda9-62e7-46db-a06d-028d42828a68%22+or+id%3D%3D%2279fbb5c4-ccd9-4c59-9c0d-6900f8ca1641%22+or+id%3D%3D%22054ab8f5-55c1-5458-8e9a-02ae739c91cd%22+or+id%3D%3D%22cae3d197-eab8-43ef-b86b-d08b07946a61%22+or+id%3D%3D%227d637bac-29b8-4e0b-b347-61c8e8bc3f00%22+or+id%3D%3D%223607de06-841a-452c-968a-aecddaa06018%22+or+id%3D%3D%2268a469c0-df1f-4dbe-8355-27d0a08e1137%22+or+id%3D%3D%22353d2bb6-c4ab-49a1-bb09-c94a92d997a6%22%29&limit=50&expandAll=true HTTP/1.1" 200 None
2026-08-19 05:37:15  DEBUG     urllib3.connectionpool  https://api-lemoyne.folio.ebsco.com:443 "GET /search/instances?query=%28id%3D%3D%223577a7ea-8742-4b59-b95f-e5edbdf57b9e%22+or+id%3D%3D%22524068c8-e8b7-49cd-a885-160238b928eb%22+or+id%3D%3D%22b13690f5-18ef-4baa-8ec1-63e349399e9e%22+or+id%3D%3D%22affff187-c9fd-5010-859d-199063698fa4%22+or+id%3D%3D%22f36628f9-408d-4cfe-b52f-368ebc215071%22+or+id%3D%3D%228eca126b-64ae-4705-9bb3-7a2027707eaf%22+or+id%3D%3D%226051a792-421e-4b5b-8dae-3e0e3fcbdf65%22+or+id%3D%3D%22605791de-aa54-49fe-865e-1e9da1ff5065%22+or+id%3D%3D%22e636f130-49e6-4b98-82be-360c59c91621%22+or+id%3D%3D%22feedf627-b780-4db5-aabc-4a5d7866184b%22+or+id%3D%3D%22d6765922-19a7-448a-a148-67bdfe898820%22%29&limit=11&expandAll=true HTTP/1.1" 200 None
2026-08-19 05:37:15  INFO      __main__  Fetched details for 111 instances
2026-08-19 05:37:15  DEBUG     urllib3.connectionpool  https://api-lemoyne.folio.ebsco.com:443 "GET /material-types?limit=500 HTTP/1.1" 200 1291
2026-08-19 05:37:15  INFO      __main__  Discovered 23 material types from FOLIO
2026-08-19 05:37:15  DEBUG     urllib3.connectionpool  https://api-lemoyne.folio.ebsco.com:443 "GET /locations?limit=1000 HTTP/1.1" 200 2498
2026-08-19 05:37:15  INFO      __main__  Loaded 33 location definitions
2026-08-19 05:37:15  INFO      __main__  Fetching cover images for 111 items …
2026-08-19 05:37:15  DEBUG     urllib3.connectionpool  Starting new HTTPS connection (1): books.google.com:443
2026-08-19 05:37:15  DEBUG     urllib3.connectionpool  https://books.google.com:443 "GET /books?jscmd=viewapi&bibkeys=ISBN%3A1071964666 HTTP/1.1" 200 None
2026-08-19 05:37:15  DEBUG     urllib3.connectionpool  Starting new HTTPS connection (1): books.google.com:443
2026-08-19 05:37:16  DEBUG     urllib3.connectionpool  https://books.google.com:443 "GET /books?jscmd=viewapi&bibkeys=ISBN%3A9782340047501 HTTP/1.1" 200 None
2026-08-19 05:37:16  DEBUG     urllib3.connectionpool  Starting new HTTPS connection (1): books.google.com:443
2026-08-19 05:37:16  DEBUG     urllib3.connectionpool  https://books.google.com:443 "GET /books?jscmd=viewapi&bibkeys=OCLC%3A1251760219 HTTP/1.1" 200 None
2026-08-19 05:37:16  DEBUG     urllib3.connectionpool  Starting new HTTPS connection (1): api.themoviedb.org:443
2026-08-19 05:37:16  DEBUG     urllib3.connectionpool  https://api.themoviedb.org:443 "GET /3/search/multi?query=De%CC%81battre+en+FLE+%3A+franc%CC%A7ais+langue+e%CC%81trange%CC%80re+%3A+B1-C2+%2F+Ste%CC%81phanie+Holleville.&api_key=0270b36dd719e939d079b611ba56fa7c HTTP/1.1" 200 None
2026-08-19 05:37:16  DEBUG     urllib3.connectionpool  Starting new HTTPS connection (1): books.google.com:443
2026-08-19 05:37:16  DEBUG     urllib3.connectionpool  https://books.google.com:443 "GET /books?jscmd=viewapi&bibkeys=ISBN%3A2019011890 HTTP/1.1" 200 None
2026-08-19 05:37:16  DEBUG     urllib3.connectionpool  Starting new HTTPS connection (1): books.google.com:443
2026-08-19 05:37:16  DEBUG     urllib3.connectionpool  https://books.google.com:443 "GET /books?jscmd=viewapi&bibkeys=OCLC%3A1100424581 HTTP/1.1" 200 None
2026-08-19 05:37:16  DEBUG     urllib3.connectionpool  Starting new HTTPS connection (1): books.google.com:443
2026-08-19 05:37:16  DEBUG     urllib3.connectionpool  https://books.google.com:443 "GET /books?jscmd=viewapi&bibkeys=ISBN%3A1156724551 HTTP/1.1" 200 None
2026-08-19 05:37:16  DEBUG     urllib3.connectionpool  Starting new HTTPS connection (1): books.google.com:443
2026-08-19 05:37:16  DEBUG     urllib3.connectionpool  https://books.google.com:443 "GET /books?jscmd=viewapi&bibkeys=OCLC%3A904363251 HTTP/1.1" 200 None
2026-08-19 05:37:16  DEBUG     urllib3.connectionpool  Starting new HTTPS connection (1): books.google.com:443
2026-08-19 05:37:16  DEBUG     urllib3.connectionpool  https://books.google.com:443 "GET /books?jscmd=viewapi&bibkeys=ISBN%3A2025001730 HTTP/1.1" 200 None
2026-08-19 05:37:16  DEBUG     urllib3.connectionpool  Starting new HTTPS connection (1): books.google.com:443
2026-08-19 05:37:16  DEBUG     urllib3.connectionpool  https://books.google.com:443 "GET /books?jscmd=viewapi&bibkeys=OCLC%3A1484905196 HTTP/1.1" 200 None
2026-08-19 05:37:16  DEBUG     urllib3.connectionpool  Starting new HTTPS connection (1): api.themoviedb.org:443
2026-08-19 05:37:16  DEBUG     urllib3.connectionpool  https://api.themoviedb.org:443 "GET /3/search/multi?query=Understanding+the+artificial+intelligence+revolution+%3A+between+catastrophe+and+utopia+%2F+Shalom+Lappin.&api_key=0270b36dd719e939d079b611ba56fa7c HTTP/1.1" 200 None
2026-08-19 05:37:17  DEBUG     urllib3.connectionpool  Starting new HTTPS connection (1): books.google.com:443
2026-08-19 05:37:17  DEBUG     urllib3.connectionpool  https://books.google.com:443 "GET /books?jscmd=viewapi&bibkeys=ISBN%3A2024023605 HTTP/1.1" 200 None
2026-08-19 05:37:17  DEBUG     urllib3.connectionpool  Starting new HTTPS connection (1): books.google.com:443
2026-08-19 05:37:17  DEBUG     urllib3.connectionpool  https://books.google.com:443 "GET /books?jscmd=viewapi&bibkeys=OCLC%3A1430971246 HTTP/1.1" 200 None
2026-08-19 05:37:17  DEBUG     urllib3.connectionpool  Starting new HTTPS connection (1): books.google.com:443
2026-08-19 05:37:17  DEBUG     urllib3.connectionpool  https://books.google.com:443 "GET /books?jscmd=viewapi&bibkeys=ISBN%3A1545069710 HTTP/1.1" 200 None
2026-08-19 05:37:17  DEBUG     urllib3.connectionpool  Starting new HTTPS connection (1): books.google.com:443
2026-08-19 05:37:17  DEBUG     urllib3.connectionpool  https://books.google.com:443 "GET /books?jscmd=viewapi&bibkeys=OCLC%3A1551441423 HTTP/1.1" 200 None
2026-08-19 05:37:17  DEBUG     urllib3.connectionpool  Starting new HTTPS connection (1): books.google.com:443
2026-08-19 05:37:17  DEBUG     urllib3.connectionpool  https://books.google.com:443 "GET /books?jscmd=viewapi&bibkeys=ISBN%3A2026003056 HTTP/1.1" 200 None
2026-08-19 05:37:17  DEBUG     urllib3.connectionpool  Starting new HTTPS connection (1): books.google.com:443
2026-08-19 05:37:17  DEBUG     urllib3.connectionpool  https://books.google.com:443 "GET /books?jscmd=viewapi&bibkeys=OCLC%3A1570483056 HTTP/1.1" 200 None
2026-08-19 05:37:17  DEBUG     urllib3.connectionpool  Starting new HTTPS connection (1): books.google.com:443
2026-08-19 05:37:17  DEBUG     urllib3.connectionpool  https://books.google.com:443 "GET /books?jscmd=viewapi&bibkeys=ISBN%3A9798888905005 HTTP/1.1" 200 None
2026-08-19 05:37:17  DEBUG     urllib3.connectionpool  Starting new HTTPS connection (1): books.google.com:443
2026-08-19 05:37:17  DEBUG     urllib3.connectionpool  https://books.google.com:443 "GET /books?jscmd=viewapi&bibkeys=OCLC%3A1082149225 HTTP/1.1" 200 None
2026-08-19 05:37:17  DEBUG     urllib3.connectionpool  Starting new HTTPS connection (1): books.google.com:443
2026-08-19 05:37:17  DEBUG     urllib3.connectionpool  https://books.google.com:443 "GET /books?jscmd=viewapi&bibkeys=ISBN%3A2024943389 HTTP/1.1" 200 None
2026-08-19 05:37:17  DEBUG     urllib3.connectionpool  Starting new HTTPS connection (1): books.google.com:443
2026-08-19 05:37:17  DEBUG     urllib3.connectionpool  https://books.google.com:443 "GET /books?jscmd=viewapi&bibkeys=OCLC%3A1509695237 HTTP/1.1" 200 None
2026-08-19 05:37:18  DEBUG     urllib3.connectionpool  Starting new HTTPS connection (1): books.google.com:443
2026-08-19 05:37:19  DEBUG     urllib3.connectionpool  https://books.google.com:443 "GET /books?jscmd=viewapi&bibkeys=ISBN%3A9780925776228 HTTP/1.1" 200 None
2026-08-19 05:37:19  DEBUG     urllib3.connectionpool  Starting new HTTPS connection (1): books.google.com:443
2026-08-19 05:37:19  DEBUG     urllib3.connectionpool  https://books.google.com:443 "GET /books?jscmd=viewapi&bibkeys=ISBN%3A2024012516 HTTP/1.1" 200 None
2026-08-19 05:37:19  DEBUG     urllib3.connectionpool  Starting new HTTPS connection (1): books.google.com:443
2026-08-19 05:37:19  DEBUG     urllib3.connectionpool  https://books.google.com:443 "GET /books?jscmd=viewapi&bibkeys=OCLC%3A1417469967 HTTP/1.1" 200 None
2026-08-19 05:37:19  DEBUG     urllib3.connectionpool  Starting new HTTPS connection (1): books.google.com:443
2026-08-19 05:37:19  DEBUG     urllib3.connectionpool  https://books.google.com:443 "GET /books?jscmd=viewapi&bibkeys=ISBN%3A2022000906 HTTP/1.1" 200 None
2026-08-19 05:37:19  DEBUG     urllib3.connectionpool  Starting new HTTPS connection (1): books.google.com:443
2026-08-19 05:37:19  DEBUG     urllib3.connectionpool  https://books.google.com:443 "GET /books?jscmd=viewapi&bibkeys=OCLC%3A1302331379 HTTP/1.1" 200 None
2026-08-19 05:37:19  DEBUG     urllib3.connectionpool  Starting new HTTPS connection (1): api.themoviedb.org:443
2026-08-19 05:37:19  DEBUG     urllib3.connectionpool  https://api.themoviedb.org:443 "GET /3/search/multi?query=Gender+and+sexuality+in+the+classroom+%3A+an+educator%27s+guide+%2F+Marni+Brown%2C+Baker+A.+Rogers%2C+and+Martha+Caldwell.&api_key=0270b36dd719e939d079b611ba56fa7c HTTP/1.1" 200 None
2026-08-19 05:37:19  DEBUG     urllib3.connectionpool  Starting new HTTPS connection (1): books.google.com:443
2026-08-19 05:37:19  DEBUG     urllib3.connectionpool  https://books.google.com:443 "GET /books?jscmd=viewapi&bibkeys=ISBN%3A2024016523 HTTP/1.1" 200 None
2026-08-19 05:37:19  DEBUG     urllib3.connectionpool  Starting new HTTPS connection (1): books.google.com:443
2026-08-19 05:37:19  DEBUG     urllib3.connectionpool  https://books.google.com:443 "GET /books?jscmd=viewapi&bibkeys=OCLC%3A1437997463 HTTP/1.1" 200 None
2026-08-19 05:37:19  DEBUG     urllib3.connectionpool  Starting new HTTPS connection (1): books.google.com:443
2026-08-19 05:37:19  DEBUG     urllib3.connectionpool  https://books.google.com:443 "GET /books?jscmd=viewapi&bibkeys=ISBN%3A0063511630 HTTP/1.1" 200 None
2026-08-19 05:37:19  DEBUG     urllib3.connectionpool  Starting new HTTPS connection (1): books.google.com:443
2026-08-19 05:37:19  DEBUG     urllib3.connectionpool  https://books.google.com:443 "GET /books?jscmd=viewapi&bibkeys=ISBN%3A2025054230 HTTP/1.1" 200 None
2026-08-19 05:37:19  DEBUG     urllib3.connectionpool  Starting new HTTPS connection (1): books.google.com:443
2026-08-19 05:37:20  DEBUG     urllib3.connectionpool  https://books.google.com:443 "GET /books?jscmd=viewapi&bibkeys=OCLC%3A1520908122 HTTP/1.1" 200 None
2026-08-19 05:37:20  DEBUG     urllib3.connectionpool  Starting new HTTPS connection (1): books.google.com:443
2026-08-19 05:37:20  DEBUG     urllib3.connectionpool  https://books.google.com:443 "GET /books?jscmd=viewapi&bibkeys=ISBN%3A2021050502 HTTP/1.1" 200 None
2026-08-19 05:37:20  DEBUG     urllib3.connectionpool  Starting new HTTPS connection (1): books.google.com:443
2026-08-19 05:37:20  DEBUG     urllib3.connectionpool  https://books.google.com:443 "GET /books?jscmd=viewapi&bibkeys=OCLC%3A1288666177 HTTP/1.1" 200 None
2026-08-19 05:37:20  DEBUG     urllib3.connectionpool  Starting new HTTPS connection (1): books.google.com:443
2026-08-19 05:37:20  DEBUG     urllib3.connectionpool  https://books.google.com:443 "GET /books?jscmd=viewapi&bibkeys=ISBN%3A2017303895 HTTP/1.1" 200 None
2026-08-19 05:37:20  DEBUG     urllib3.connectionpool  Starting new HTTPS connection (1): books.google.com:443
2026-08-19 05:37:20  DEBUG     urllib3.connectionpool  https://books.google.com:443 "GET /books?jscmd=viewapi&bibkeys=OCLC%3A952789649 HTTP/1.1" 200 None
2026-08-19 05:37:20  DEBUG     urllib3.connectionpool  Starting new HTTPS connection (1): books.google.com:443
2026-08-19 05:37:20  DEBUG     urllib3.connectionpool  https://books.google.com:443 "GET /books?jscmd=viewapi&bibkeys=ISBN%3A1586921767 HTTP/1.1" 200 None
2026-08-19 05:37:20  DEBUG     urllib3.connectionpool  Starting new HTTPS connection (1): books.google.com:443
2026-08-19 05:37:20  DEBUG     urllib3.connectionpool  https://books.google.com:443 "GET /books?jscmd=viewapi&bibkeys=OCLC%3A1579017246 HTTP/1.1" 200 None
2026-08-19 05:37:20  DEBUG     urllib3.connectionpool  Starting new HTTPS connection (1): books.google.com:443
2026-08-19 05:37:20  DEBUG     urllib3.connectionpool  https://books.google.com:443 "GET /books?jscmd=viewapi&bibkeys=ISBN%3A2014949011 HTTP/1.1" 200 None
2026-08-19 05:37:20  DEBUG     urllib3.connectionpool  Starting new HTTPS connection (1): books.google.com:443
2026-08-19 05:37:20  DEBUG     urllib3.connectionpool  https://books.google.com:443 "GET /books?jscmd=viewapi&bibkeys=OCLC%3A898088225 HTTP/1.1" 200 None
2026-08-19 05:37:21  DEBUG     urllib3.connectionpool  Starting new HTTPS connection (1): books.google.com:443
2026-08-19 05:37:21  DEBUG     urllib3.connectionpool  https://books.google.com:443 "GET /books?jscmd=viewapi&bibkeys=ISBN%3A2025006793 HTTP/1.1" 200 None
2026-08-19 05:37:21  DEBUG     urllib3.connectionpool  Starting new HTTPS connection (1): books.google.com:443
2026-08-19 05:37:21  DEBUG     urllib3.connectionpool  https://books.google.com:443 "GET /books?jscmd=viewapi&bibkeys=OCLC%3A1500217614 HTTP/1.1" 200 None
2026-08-19 05:37:21  DEBUG     urllib3.connectionpool  Starting new HTTPS connection (1): books.google.com:443
2026-08-19 05:37:22  DEBUG     urllib3.connectionpool  https://books.google.com:443 "GET /books?jscmd=viewapi&bibkeys=ISBN%3A2018030408 HTTP/1.1" 200 None
2026-08-19 05:37:22  DEBUG     urllib3.connectionpool  Starting new HTTPS connection (1): books.google.com:443
2026-08-19 05:37:22  DEBUG     urllib3.connectionpool  https://books.google.com:443 "GET /books?jscmd=viewapi&bibkeys=OCLC%3A1043051113 HTTP/1.1" 200 None
2026-08-19 05:37:22  DEBUG     urllib3.connectionpool  Starting new HTTPS connection (1): books.google.com:443
2026-08-19 05:37:22  DEBUG     urllib3.connectionpool  https://books.google.com:443 "GET /books?jscmd=viewapi&bibkeys=ISBN%3A2026016846 HTTP/1.1" 200 None
2026-08-19 05:37:22  DEBUG     urllib3.connectionpool  Starting new HTTPS connection (1): books.google.com:443
2026-08-19 05:37:22  DEBUG     urllib3.connectionpool  https://books.google.com:443 "GET /books?jscmd=viewapi&bibkeys=OCLC%3A1570754080 HTTP/1.1" 200 None
2026-08-19 05:37:22  DEBUG     urllib3.connectionpool  Starting new HTTPS connection (1): api.themoviedb.org:443
2026-08-19 05:37:22  DEBUG     urllib3.connectionpool  https://api.themoviedb.org:443 "GET /3/search/multi?query=Creating+generative+AI+policies+%3A+a+guide+for+public+and+academic+libraries+%2F+Robin+Hastings.&api_key=0270b36dd719e939d079b611ba56fa7c HTTP/1.1" 200 None
2026-08-19 05:37:22  DEBUG     urllib3.connectionpool  Starting new HTTPS connection (1): books.google.com:443
2026-08-19 05:37:22  DEBUG     urllib3.connectionpool  https://books.google.com:443 "GET /books?jscmd=viewapi&bibkeys=ISBN%3A2021016303 HTTP/1.1" 200 None
2026-08-19 05:37:22  DEBUG     urllib3.connectionpool  Starting new HTTPS connection (1): books.google.com:443
2026-08-19 05:37:22  DEBUG     urllib3.connectionpool  https://books.google.com:443 "GET /books?jscmd=viewapi&bibkeys=OCLC%3A1240576417 HTTP/1.1" 200 None
2026-08-19 05:37:22  DEBUG     urllib3.connectionpool  Starting new HTTPS connection (1): books.google.com:443
2026-08-19 05:37:22  DEBUG     urllib3.connectionpool  https://books.google.com:443 "GET /books?jscmd=viewapi&bibkeys=ISBN%3A2021924408 HTTP/1.1" 200 None
2026-08-19 05:37:22  DEBUG     urllib3.connectionpool  Starting new HTTPS connection (1): books.google.com:443
2026-08-19 05:37:22  DEBUG     urllib3.connectionpool  https://books.google.com:443 "GET /books?jscmd=viewapi&bibkeys=OCLC%3A1282601295 HTTP/1.1" 200 None
2026-08-19 05:37:22  DEBUG     urllib3.connectionpool  Starting new HTTPS connection (1): books.google.com:443
2026-08-19 05:37:22  DEBUG     urllib3.connectionpool  https://books.google.com:443 "GET /books?jscmd=viewapi&bibkeys=OCLC%3A1518186166 HTTP/1.1" 200 None
2026-08-19 05:37:22  DEBUG     urllib3.connectionpool  Starting new HTTPS connection (1): books.google.com:443
2026-08-19 05:37:22  DEBUG     urllib3.connectionpool  https://books.google.com:443 "GET /books?jscmd=viewapi&bibkeys=ISBN%3A2025000127 HTTP/1.1" 200 None
2026-08-19 05:37:22  DEBUG     urllib3.connectionpool  Starting new HTTPS connection (1): books.google.com:443
2026-08-19 05:37:23  DEBUG     urllib3.connectionpool  https://books.google.com:443 "GET /books?jscmd=viewapi&bibkeys=OCLC%3A1514598684 HTTP/1.1" 200 None
2026-08-19 05:37:23  DEBUG     urllib3.connectionpool  Starting new HTTPS connection (1): books.google.com:443
2026-08-19 05:37:23  DEBUG     urllib3.connectionpool  https://books.google.com:443 "GET /books?jscmd=viewapi&bibkeys=ISBN%3A2023054363 HTTP/1.1" 200 None
2026-08-19 05:37:23  DEBUG     urllib3.connectionpool  Starting new HTTPS connection (1): books.google.com:443
2026-08-19 05:37:23  DEBUG     urllib3.connectionpool  https://books.google.com:443 "GET /books?jscmd=viewapi&bibkeys=OCLC%3A1415240396 HTTP/1.1" 200 None
2026-08-19 05:37:23  DEBUG     urllib3.connectionpool  Starting new HTTPS connection (1): books.google.com:443
2026-08-19 05:37:23  DEBUG     urllib3.connectionpool  https://books.google.com:443 "GET /books?jscmd=viewapi&bibkeys=ISBN%3A2023049476 HTTP/1.1" 200 None
2026-08-19 05:37:23  DEBUG     urllib3.connectionpool  Starting new HTTPS connection (1): books.google.com:443
2026-08-19 05:37:23  DEBUG     urllib3.connectionpool  https://books.google.com:443 "GET /books?jscmd=viewapi&bibkeys=OCLC%3A1408648878 HTTP/1.1" 200 None
2026-08-19 05:37:23  DEBUG     urllib3.connectionpool  Starting new HTTPS connection (1): books.google.com:443
2026-08-19 05:37:23  DEBUG     urllib3.connectionpool  https://books.google.com:443 "GET /books?jscmd=viewapi&bibkeys=OCLC%3A1521909326 HTTP/1.1" 200 None
2026-08-19 05:37:23  DEBUG     urllib3.connectionpool  Starting new HTTPS connection (1): api.themoviedb.org:443
2026-08-19 05:37:23  DEBUG     urllib3.connectionpool  https://api.themoviedb.org:443 "GET /3/search/multi?query=Thinking+AI+%3A+how+artificial+intelligence+emulates+human+understanding+%2F+John+MacCormick.&api_key=0270b36dd719e939d079b611ba56fa7c HTTP/1.1" 200 None
2026-08-19 05:37:24  DEBUG     urllib3.connectionpool  Starting new HTTPS connection (1): books.google.com:443
2026-08-19 05:37:24  DEBUG     urllib3.connectionpool  https://books.google.com:443 "GET /books?jscmd=viewapi&bibkeys=ISBN%3A2024059990 HTTP/1.1" 200 None
2026-08-19 05:37:24  DEBUG     urllib3.connectionpool  Starting new HTTPS connection (1): books.google.com:443
2026-08-19 05:37:24  DEBUG     urllib3.connectionpool  https://books.google.com:443 "GET /books?jscmd=viewapi&bibkeys=OCLC%3A1453071132 HTTP/1.1" 200 None
2026-08-19 05:37:24  DEBUG     urllib3.connectionpool  Starting new HTTPS connection (1): books.google.com:443
2026-08-19 05:37:25  DEBUG     urllib3.connectionpool  https://books.google.com:443 "GET /books?jscmd=viewapi&bibkeys=ISBN%3A2025016685 HTTP/1.1" 200 None
2026-08-19 05:37:25  DEBUG     urllib3.connectionpool  Starting new HTTPS connection (1): books.google.com:443
2026-08-19 05:37:25  DEBUG     urllib3.connectionpool  https://books.google.com:443 "GET /books?jscmd=viewapi&bibkeys=OCLC%3A1506131444 HTTP/1.1" 200 None
2026-08-19 05:37:25  DEBUG     urllib3.connectionpool  Starting new HTTPS connection (1): books.google.com:443
2026-08-19 05:37:25  DEBUG     urllib3.connectionpool  https://books.google.com:443 "GET /books?jscmd=viewapi&bibkeys=OCLC%3A1529593781 HTTP/1.1" 200 None
2026-08-19 05:37:25  DEBUG     urllib3.connectionpool  Starting new HTTPS connection (1): api.themoviedb.org:443
2026-08-19 05:37:25  DEBUG     urllib3.connectionpool  https://api.themoviedb.org:443 "GET /3/search/multi?query=Beyond+belief+%3A+how+evidence+shows+what+really+works+%2F+Helen+Pearson.&api_key=0270b36dd719e939d079b611ba56fa7c HTTP/1.1" 200 None
2026-08-19 05:37:25  DEBUG     urllib3.connectionpool  Starting new HTTPS connection (1): books.google.com:443
2026-08-19 05:37:25  DEBUG     urllib3.connectionpool  https://books.google.com:443 "GET /books?jscmd=viewapi&bibkeys=ISBN%3A2025936081 HTTP/1.1" 200 None
2026-08-19 05:37:25  DEBUG     urllib3.connectionpool  Starting new HTTPS connection (1): books.google.com:443
2026-08-19 05:37:25  DEBUG     urllib3.connectionpool  https://books.google.com:443 "GET /books?jscmd=viewapi&bibkeys=OCLC%3A1472919691 HTTP/1.1" 200 None
2026-08-19 05:37:25  DEBUG     urllib3.connectionpool  Starting new HTTPS connection (1): books.google.com:443
2026-08-19 05:37:25  DEBUG     urllib3.connectionpool  https://books.google.com:443 "GET /books?jscmd=viewapi&bibkeys=ISBN%3A2016021462 HTTP/1.1" 200 None
2026-08-19 05:37:25  DEBUG     urllib3.connectionpool  Starting new HTTPS connection (1): books.google.com:443
2026-08-19 05:37:25  DEBUG     urllib3.connectionpool  https://books.google.com:443 "GET /books?jscmd=viewapi&bibkeys=OCLC%3A949669599 HTTP/1.1" 200 None
2026-08-19 05:37:25  DEBUG     urllib3.connectionpool  Starting new HTTPS connection (1): books.google.com:443
2026-08-19 05:37:25  DEBUG     urllib3.connectionpool  https://books.google.com:443 "GET /books?jscmd=viewapi&bibkeys=ISBN%3A1296905252 HTTP/1.1" 200 None
2026-08-19 05:37:25  DEBUG     urllib3.connectionpool  Starting new HTTPS connection (1): books.google.com:443
2026-08-19 05:37:25  DEBUG     urllib3.connectionpool  https://books.google.com:443 "GET /books?jscmd=viewapi&bibkeys=OCLC%3A932001597 HTTP/1.1" 200 None
2026-08-19 05:37:25  DEBUG     urllib3.connectionpool  Starting new HTTPS connection (1): books.google.com:443
2026-08-19 05:37:26  DEBUG     urllib3.connectionpool  https://books.google.com:443 "GET /books?jscmd=viewapi&bibkeys=OCLC%3A1592965230 HTTP/1.1" 200 None
2026-08-19 05:37:26  DEBUG     urllib3.connectionpool  Starting new HTTPS connection (1): api.themoviedb.org:443
2026-08-19 05:37:26  DEBUG     urllib3.connectionpool  https://api.themoviedb.org:443 "GET /3/search/multi?query=80%2C000+hours+%3A+how+to+have+a+fulfilling+career+that+does+good+%2F+Benjamin+Todd.&api_key=0270b36dd719e939d079b611ba56fa7c HTTP/1.1" 200 None
2026-08-19 05:37:26  DEBUG     urllib3.connectionpool  Starting new HTTPS connection (1): books.google.com:443
2026-08-19 05:37:26  DEBUG     urllib3.connectionpool  https://books.google.com:443 "GET /books?jscmd=viewapi&bibkeys=ISBN%3A2020027770 HTTP/1.1" 200 None
2026-08-19 05:37:26  DEBUG     urllib3.connectionpool  Starting new HTTPS connection (1): books.google.com:443
2026-08-19 05:37:26  DEBUG     urllib3.connectionpool  https://books.google.com:443 "GET /books?jscmd=viewapi&bibkeys=OCLC%3A1151497573 HTTP/1.1" 200 None
2026-08-19 05:37:26  DEBUG     urllib3.connectionpool  Starting new HTTPS connection (1): books.google.com:443
2026-08-19 05:37:26  DEBUG     urllib3.connectionpool  https://books.google.com:443 "GET /books?jscmd=viewapi&bibkeys=ISBN%3A2021050092 HTTP/1.1" 200 None
2026-08-19 05:37:26  DEBUG     urllib3.connectionpool  Starting new HTTPS connection (1): books.google.com:443
2026-08-19 05:37:26  DEBUG     urllib3.connectionpool  https://books.google.com:443 "GET /books?jscmd=viewapi&bibkeys=OCLC%3A1285577176 HTTP/1.1" 200 None
2026-08-19 05:37:26  DEBUG     urllib3.connectionpool  Starting new HTTPS connection (1): books.google.com:443
2026-08-19 05:37:26  DEBUG     urllib3.connectionpool  https://books.google.com:443 "GET /books?jscmd=viewapi&bibkeys=ISBN%3A2020041583 HTTP/1.1" 200 None
2026-08-19 05:37:26  DEBUG     urllib3.connectionpool  Starting new HTTPS connection (1): books.google.com:443
2026-08-19 05:37:26  DEBUG     urllib3.connectionpool  https://books.google.com:443 "GET /books?jscmd=viewapi&bibkeys=OCLC%3A1196821778 HTTP/1.1" 200 None
2026-08-19 05:37:27  DEBUG     urllib3.connectionpool  Starting new HTTPS connection (1): books.google.com:443
2026-08-19 05:37:27  DEBUG     urllib3.connectionpool  https://books.google.com:443 "GET /books?jscmd=viewapi&bibkeys=ISBN%3A1311283879 HTTP/1.1" 200 None
2026-08-19 05:37:27  DEBUG     urllib3.connectionpool  Starting new HTTPS connection (1): books.google.com:443
2026-08-19 05:37:27  DEBUG     urllib3.connectionpool  https://books.google.com:443 "GET /books?jscmd=viewapi&bibkeys=OCLC%3A1259046336 HTTP/1.1" 200 None
2026-08-19 05:37:27  DEBUG     urllib3.connectionpool  Starting new HTTPS connection (1): books.google.com:443
2026-08-19 05:37:28  DEBUG     urllib3.connectionpool  https://books.google.com:443 "GET /books?jscmd=viewapi&bibkeys=ISBN%3A2024012575 HTTP/1.1" 200 None
2026-08-19 05:37:28  DEBUG     urllib3.connectionpool  Starting new HTTPS connection (1): books.google.com:443
2026-08-19 05:37:28  DEBUG     urllib3.connectionpool  https://books.google.com:443 "GET /books?jscmd=viewapi&bibkeys=OCLC%3A1420449549 HTTP/1.1" 200 None
2026-08-19 05:37:28  DEBUG     urllib3.connectionpool  Starting new HTTPS connection (1): books.google.com:443
2026-08-19 05:37:28  DEBUG     urllib3.connectionpool  https://books.google.com:443 "GET /books?jscmd=viewapi&bibkeys=ISBN%3A2025051097 HTTP/1.1" 200 None
2026-08-19 05:37:28  DEBUG     urllib3.connectionpool  Starting new HTTPS connection (1): books.google.com:443
2026-08-19 05:37:28  DEBUG     urllib3.connectionpool  https://books.google.com:443 "GET /books?jscmd=viewapi&bibkeys=OCLC%3A1541909718 HTTP/1.1" 200 None
2026-08-19 05:37:28  DEBUG     urllib3.connectionpool  Starting new HTTPS connection (1): books.google.com:443
2026-08-19 05:37:28  DEBUG     urllib3.connectionpool  https://books.google.com:443 "GET /books?jscmd=viewapi&bibkeys=ISBN%3A2026016366 HTTP/1.1" 200 None
2026-08-19 05:37:28  DEBUG     urllib3.connectionpool  Starting new HTTPS connection (1): books.google.com:443
2026-08-19 05:37:28  DEBUG     urllib3.connectionpool  https://books.google.com:443 "GET /books?jscmd=viewapi&bibkeys=OCLC%3A1582422910 HTTP/1.1" 200 None
2026-08-19 05:37:28  DEBUG     urllib3.connectionpool  Starting new HTTPS connection (1): api.themoviedb.org:443
2026-08-19 05:37:28  DEBUG     urllib3.connectionpool  https://api.themoviedb.org:443 "GET /3/search/multi?query=The+unicorn+hunters+%3A+a+novel+%2F+Katherine+Arden.&api_key=0270b36dd719e939d079b611ba56fa7c HTTP/1.1" 200 None
2026-08-19 05:37:28  DEBUG     urllib3.connectionpool  Starting new HTTPS connection (1): books.google.com:443
2026-08-19 05:37:28  DEBUG     urllib3.connectionpool  https://books.google.com:443 "GET /books?jscmd=viewapi&bibkeys=ISBN%3A2025037346 HTTP/1.1" 200 None
2026-08-19 05:37:28  DEBUG     urllib3.connectionpool  Starting new HTTPS connection (1): books.google.com:443
2026-08-19 05:37:28  DEBUG     urllib3.connectionpool  https://books.google.com:443 "GET /books?jscmd=viewapi&bibkeys=OCLC%3A1524979901 HTTP/1.1" 200 None
2026-08-19 05:37:28  DEBUG     urllib3.connectionpool  Starting new HTTPS connection (1): api.themoviedb.org:443
2026-08-19 05:37:28  DEBUG     urllib3.connectionpool  https://api.themoviedb.org:443 "GET /3/search/multi?query=Patient%2C+female+%3A+stories+%2F+Julie+Schumacher.&api_key=0270b36dd719e939d079b611ba56fa7c HTTP/1.1" 200 None
2026-08-19 05:37:28  DEBUG     urllib3.connectionpool  Starting new HTTPS connection (1): books.google.com:443
2026-08-19 05:37:28  DEBUG     urllib3.connectionpool  https://books.google.com:443 "GET /books?jscmd=viewapi&bibkeys=ISBN%3A2020057139 HTTP/1.1" 200 None
2026-08-19 05:37:28  DEBUG     urllib3.connectionpool  Starting new HTTPS connection (1): books.google.com:443
2026-08-19 05:37:29  DEBUG     urllib3.connectionpool  https://books.google.com:443 "GET /books?jscmd=viewapi&bibkeys=OCLC%3A1175914589 HTTP/1.1" 200 None
2026-08-19 05:37:29  DEBUG     urllib3.connectionpool  Starting new HTTPS connection (1): books.google.com:443
2026-08-19 05:37:29  DEBUG     urllib3.connectionpool  https://books.google.com:443 "GET /books?jscmd=viewapi&bibkeys=ISBN%3A2016049811 HTTP/1.1" 200 None
2026-08-19 05:37:29  DEBUG     urllib3.connectionpool  Starting new HTTPS connection (1): books.google.com:443
2026-08-19 05:37:29  DEBUG     urllib3.connectionpool  https://books.google.com:443 "GET /books?jscmd=viewapi&bibkeys=OCLC%3A962025730 HTTP/1.1" 200 None
2026-08-19 05:37:29  DEBUG     urllib3.connectionpool  Starting new HTTPS connection (1): books.google.com:443
2026-08-19 05:37:29  DEBUG     urllib3.connectionpool  https://books.google.com:443 "GET /books?jscmd=viewapi&bibkeys=ISBN%3A2016058809 HTTP/1.1" 200 None
2026-08-19 05:37:29  DEBUG     urllib3.connectionpool  Starting new HTTPS connection (1): books.google.com:443
2026-08-19 05:37:29  DEBUG     urllib3.connectionpool  https://books.google.com:443 "GET /books?jscmd=viewapi&bibkeys=OCLC%3A959536312 HTTP/1.1" 200 None
2026-08-19 05:37:29  DEBUG     urllib3.connectionpool  Starting new HTTPS connection (1): books.google.com:443
2026-08-19 05:37:29  DEBUG     urllib3.connectionpool  https://books.google.com:443 "GET /books?jscmd=viewapi&bibkeys=ISBN%3A2015047167 HTTP/1.1" 200 None
2026-08-19 05:37:29  DEBUG     urllib3.connectionpool  Starting new HTTPS connection (1): books.google.com:443
2026-08-19 05:37:29  DEBUG     urllib3.connectionpool  https://books.google.com:443 "GET /books?jscmd=viewapi&bibkeys=OCLC%3A922454217 HTTP/1.1" 200 None
2026-08-19 05:37:29  DEBUG     urllib3.connectionpool  Starting new HTTPS connection (1): books.google.com:443
2026-08-19 05:37:29  DEBUG     urllib3.connectionpool  https://books.google.com:443 "GET /books?jscmd=viewapi&bibkeys=ISBN%3A2023050723 HTTP/1.1" 200 None
2026-08-19 05:37:29  DEBUG     urllib3.connectionpool  Starting new HTTPS connection (1): books.google.com:443
2026-08-19 05:37:29  DEBUG     urllib3.connectionpool  https://books.google.com:443 "GET /books?jscmd=viewapi&bibkeys=OCLC%3A1412503493 HTTP/1.1" 200 None
2026-08-19 05:37:30  DEBUG     urllib3.connectionpool  Starting new HTTPS connection (1): books.google.com:443
2026-08-19 05:37:30  DEBUG     urllib3.connectionpool  https://books.google.com:443 "GET /books?jscmd=viewapi&bibkeys=ISBN%3A2024041511 HTTP/1.1" 200 None
2026-08-19 05:37:30  DEBUG     urllib3.connectionpool  Starting new HTTPS connection (1): books.google.com:443
2026-08-19 05:37:30  DEBUG     urllib3.connectionpool  https://books.google.com:443 "GET /books?jscmd=viewapi&bibkeys=OCLC%3A1476523609 HTTP/1.1" 200 None
2026-08-19 05:37:30  DEBUG     urllib3.connectionpool  Starting new HTTPS connection (1): books.google.com:443
2026-08-19 05:37:31  DEBUG     urllib3.connectionpool  https://books.google.com:443 "GET /books?jscmd=viewapi&bibkeys=ISBN%3A2014039139 HTTP/1.1" 200 None
2026-08-19 05:37:31  DEBUG     urllib3.connectionpool  Starting new HTTPS connection (1): books.google.com:443
2026-08-19 05:37:31  DEBUG     urllib3.connectionpool  https://books.google.com:443 "GET /books?jscmd=viewapi&bibkeys=OCLC%3A872622573 HTTP/1.1" 200 None
2026-08-19 05:37:31  DEBUG     urllib3.connectionpool  Starting new HTTPS connection (1): books.google.com:443
2026-08-19 05:37:31  DEBUG     urllib3.connectionpool  https://books.google.com:443 "GET /books?jscmd=viewapi&bibkeys=ISBN%3A2015007184 HTTP/1.1" 200 None
2026-08-19 05:37:31  DEBUG     urllib3.connectionpool  Starting new HTTPS connection (1): books.google.com:443
2026-08-19 05:37:31  DEBUG     urllib3.connectionpool  https://books.google.com:443 "GET /books?jscmd=viewapi&bibkeys=OCLC%3A903635090 HTTP/1.1" 200 None
2026-08-19 05:37:31  DEBUG     urllib3.connectionpool  Starting new HTTPS connection (1): books.google.com:443
2026-08-19 05:37:31  DEBUG     urllib3.connectionpool  https://books.google.com:443 "GET /books?jscmd=viewapi&bibkeys=ISBN%3A2025039604 HTTP/1.1" 200 None
2026-08-19 05:37:31  DEBUG     urllib3.connectionpool  Starting new HTTPS connection (1): books.google.com:443
2026-08-19 05:37:31  DEBUG     urllib3.connectionpool  https://books.google.com:443 "GET /books?jscmd=viewapi&bibkeys=OCLC%3A1573038546 HTTP/1.1" 200 None
2026-08-19 05:37:31  DEBUG     urllib3.connectionpool  Starting new HTTPS connection (1): api.themoviedb.org:443
2026-08-19 05:37:31  DEBUG     urllib3.connectionpool  https://api.themoviedb.org:443 "GET /3/search/multi?query=Principles+and+practice+of+grief+counseling+%2F+Darcy+L.+Harris%2C+PhD%2C+RN%2C+RSW%2C+MEd%28Couns%29%2C+FT%2C+Evgenia+Milman%2C+PhD%2C+MA%2C+LP.&api_key=0270b36dd719e939d079b611ba56fa7c HTTP/1.1" 200 None
2026-08-19 05:37:31  DEBUG     urllib3.connectionpool  Starting new HTTPS connection (1): books.google.com:443
2026-08-19 05:37:32  DEBUG     urllib3.connectionpool  https://books.google.com:443 "GET /books?jscmd=viewapi&bibkeys=ISBN%3A1005494627 HTTP/1.1" 200 None
2026-08-19 05:37:32  DEBUG     urllib3.connectionpool  Starting new HTTPS connection (1): books.google.com:443
2026-08-19 05:37:32  DEBUG     urllib3.connectionpool  https://books.google.com:443 "GET /books?jscmd=viewapi&bibkeys=OCLC%3A29428773 HTTP/1.1" 200 None
2026-08-19 05:37:32  DEBUG     urllib3.connectionpool  Starting new HTTPS connection (1): books.google.com:443
2026-08-19 05:37:32  DEBUG     urllib3.connectionpool  https://books.google.com:443 "GET /books?jscmd=viewapi&bibkeys=ISBN%3A2024041341 HTTP/1.1" 200 None
2026-08-19 05:37:32  DEBUG     urllib3.connectionpool  Starting new HTTPS connection (1): books.google.com:443
2026-08-19 05:37:32  DEBUG     urllib3.connectionpool  https://books.google.com:443 "GET /books?jscmd=viewapi&bibkeys=OCLC%3A1472088920 HTTP/1.1" 200 None
2026-08-19 05:37:32  DEBUG     urllib3.connectionpool  Starting new HTTPS connection (1): books.google.com:443
2026-08-19 05:37:32  DEBUG     urllib3.connectionpool  https://books.google.com:443 "GET /books?jscmd=viewapi&bibkeys=OCLC%3A1393485907 HTTP/1.1" 200 None
2026-08-19 05:37:32  DEBUG     urllib3.connectionpool  Starting new HTTPS connection (1): books.google.com:443
2026-08-19 05:37:32  DEBUG     urllib3.connectionpool  https://books.google.com:443 "GET /books?jscmd=viewapi&bibkeys=ISBN%3A2017963192 HTTP/1.1" 200 None
2026-08-19 05:37:32  DEBUG     urllib3.connectionpool  Starting new HTTPS connection (1): books.google.com:443
2026-08-19 05:37:32  DEBUG     urllib3.connectionpool  https://books.google.com:443 "GET /books?jscmd=viewapi&bibkeys=OCLC%3A1040597238 HTTP/1.1" 200 None
2026-08-19 05:37:32  DEBUG     urllib3.connectionpool  Starting new HTTPS connection (1): books.google.com:443
2026-08-19 05:37:32  DEBUG     urllib3.connectionpool  https://books.google.com:443 "GET /books?jscmd=viewapi&bibkeys=ISBN%3A2020028806 HTTP/1.1" 200 None
2026-08-19 05:37:32  DEBUG     urllib3.connectionpool  Starting new HTTPS connection (1): books.google.com:443
2026-08-19 05:37:32  DEBUG     urllib3.connectionpool  https://books.google.com:443 "GET /books?jscmd=viewapi&bibkeys=OCLC%3A1161998512 HTTP/1.1" 200 None
2026-08-19 05:37:32  DEBUG     urllib3.connectionpool  Starting new HTTPS connection (1): books.google.com:443
2026-08-19 05:37:32  DEBUG     urllib3.connectionpool  https://books.google.com:443 "GET /books?jscmd=viewapi&bibkeys=ISBN%3A2008023436 HTTP/1.1" 200 None
2026-08-19 05:37:32  DEBUG     urllib3.connectionpool  Starting new HTTPS connection (1): books.google.com:443
2026-08-19 05:37:33  DEBUG     urllib3.connectionpool  https://books.google.com:443 "GET /books?jscmd=viewapi&bibkeys=OCLC%3A209594939 HTTP/1.1" 200 None
2026-08-19 05:37:34  DEBUG     urllib3.connectionpool  Starting new HTTPS connection (1): books.google.com:443
2026-08-19 05:37:34  DEBUG     urllib3.connectionpool  https://books.google.com:443 "GET /books?jscmd=viewapi&bibkeys=ISBN%3A2008021359 HTTP/1.1" 200 None
2026-08-19 05:37:34  DEBUG     urllib3.connectionpool  Starting new HTTPS connection (1): books.google.com:443
2026-08-19 05:37:34  DEBUG     urllib3.connectionpool  https://books.google.com:443 "GET /books?jscmd=viewapi&bibkeys=OCLC%3A228701289 HTTP/1.1" 200 None
2026-08-19 05:37:34  DEBUG     urllib3.connectionpool  Starting new HTTPS connection (1): books.google.com:443
2026-08-19 05:37:34  DEBUG     urllib3.connectionpool  https://books.google.com:443 "GET /books?jscmd=viewapi&bibkeys=ISBN%3A2025028315 HTTP/1.1" 200 None
2026-08-19 05:37:34  DEBUG     urllib3.connectionpool  Starting new HTTPS connection (1): books.google.com:443
2026-08-19 05:37:34  DEBUG     urllib3.connectionpool  https://books.google.com:443 "GET /books?jscmd=viewapi&bibkeys=OCLC%3A1517293860 HTTP/1.1" 200 None
2026-08-19 05:37:34  DEBUG     urllib3.connectionpool  Starting new HTTPS connection (1): books.google.com:443
2026-08-19 05:37:34  DEBUG     urllib3.connectionpool  https://books.google.com:443 "GET /books?jscmd=viewapi&bibkeys=ISBN%3A2022943294 HTTP/1.1" 200 None
2026-08-19 05:37:34  DEBUG     urllib3.connectionpool  Starting new HTTPS connection (1): books.google.com:443
2026-08-19 05:37:34  DEBUG     urllib3.connectionpool  https://books.google.com:443 "GET /books?jscmd=viewapi&bibkeys=OCLC%3A1470852652 HTTP/1.1" 200 None
2026-08-19 05:37:34  DEBUG     urllib3.connectionpool  Starting new HTTPS connection (1): books.google.com:443
2026-08-19 05:37:34  DEBUG     urllib3.connectionpool  https://books.google.com:443 "GET /books?jscmd=viewapi&bibkeys=ISBN%3A2019024983 HTTP/1.1" 200 None
2026-08-19 05:37:34  DEBUG     urllib3.connectionpool  Starting new HTTPS connection (1): books.google.com:443
2026-08-19 05:37:34  DEBUG     urllib3.connectionpool  https://books.google.com:443 "GET /books?jscmd=viewapi&bibkeys=OCLC%3A1104915225 HTTP/1.1" 200 None
2026-08-19 05:37:34  DEBUG     urllib3.connectionpool  Starting new HTTPS connection (1): books.google.com:443
2026-08-19 05:37:34  DEBUG     urllib3.connectionpool  https://books.google.com:443 "GET /books?jscmd=viewapi&bibkeys=ISBN%3A1166958971 HTTP/1.1" 200 None
2026-08-19 05:37:34  DEBUG     urllib3.connectionpool  Starting new HTTPS connection (1): books.google.com:443
2026-08-19 05:37:35  DEBUG     urllib3.connectionpool  https://books.google.com:443 "GET /books?jscmd=viewapi&bibkeys=OCLC%3A28256263 HTTP/1.1" 200 None
2026-08-19 05:37:35  DEBUG     urllib3.connectionpool  Starting new HTTPS connection (1): books.google.com:443
2026-08-19 05:37:35  DEBUG     urllib3.connectionpool  https://books.google.com:443 "GET /books?jscmd=viewapi&bibkeys=ISBN%3A2015037031 HTTP/1.1" 200 None
2026-08-19 05:37:35  DEBUG     urllib3.connectionpool  Starting new HTTPS connection (1): books.google.com:443
2026-08-19 05:37:35  DEBUG     urllib3.connectionpool  https://books.google.com:443 "GET /books?jscmd=viewapi&bibkeys=OCLC%3A913844831 HTTP/1.1" 200 None
2026-08-19 05:37:35  DEBUG     urllib3.connectionpool  Starting new HTTPS connection (1): books.google.com:443
2026-08-19 05:37:35  DEBUG     urllib3.connectionpool  https://books.google.com:443 "GET /books?jscmd=viewapi&bibkeys=ISBN%3A2009040505 HTTP/1.1" 200 None
2026-08-19 05:37:35  DEBUG     urllib3.connectionpool  Starting new HTTPS connection (1): books.google.com:443
2026-08-19 05:37:35  DEBUG     urllib3.connectionpool  https://books.google.com:443 "GET /books?jscmd=viewapi&bibkeys=OCLC%3A426814605 HTTP/1.1" 200 None
2026-08-19 05:37:35  DEBUG     urllib3.connectionpool  Starting new HTTPS connection (1): books.google.com:443
2026-08-19 05:37:35  DEBUG     urllib3.connectionpool  https://books.google.com:443 "GET /books?jscmd=viewapi&bibkeys=ISBN%3A1513889130 HTTP/1.1" 200 None
2026-08-19 05:37:35  DEBUG     urllib3.connectionpool  Starting new HTTPS connection (1): books.google.com:443
2026-08-19 05:37:35  DEBUG     urllib3.connectionpool  https://books.google.com:443 "GET /books?jscmd=viewapi&bibkeys=OCLC%3A1526060075 HTTP/1.1" 200 None
2026-08-19 05:37:35  DEBUG     urllib3.connectionpool  Starting new HTTPS connection (1): books.google.com:443
2026-08-19 05:37:35  DEBUG     urllib3.connectionpool  https://books.google.com:443 "GET /books?jscmd=viewapi&bibkeys=ISBN%3A1127748556 HTTP/1.1" 200 None
2026-08-19 05:37:35  DEBUG     urllib3.connectionpool  Starting new HTTPS connection (1): books.google.com:443
2026-08-19 05:37:35  DEBUG     urllib3.connectionpool  https://books.google.com:443 "GET /books?jscmd=viewapi&bibkeys=OCLC%3A229279169 HTTP/1.1" 200 None
2026-08-19 05:37:35  DEBUG     urllib3.connectionpool  Starting new HTTPS connection (1): books.google.com:443
2026-08-19 05:37:35  DEBUG     urllib3.connectionpool  https://books.google.com:443 "GET /books?jscmd=viewapi&bibkeys=ISBN%3A2022036320 HTTP/1.1" 200 None
2026-08-19 05:37:35  DEBUG     urllib3.connectionpool  Starting new HTTPS connection (1): books.google.com:443
2026-08-19 05:37:35  DEBUG     urllib3.connectionpool  https://books.google.com:443 "GET /books?jscmd=viewapi&bibkeys=OCLC%3A1338165257 HTTP/1.1" 200 None
2026-08-19 05:37:36  DEBUG     urllib3.connectionpool  Starting new HTTPS connection (1): books.google.com:443
2026-08-19 05:37:37  DEBUG     urllib3.connectionpool  https://books.google.com:443 "GET /books?jscmd=viewapi&bibkeys=ISBN%3A2014029056 HTTP/1.1" 200 None
2026-08-19 05:37:37  DEBUG     urllib3.connectionpool  Starting new HTTPS connection (1): books.google.com:443
2026-08-19 05:37:37  DEBUG     urllib3.connectionpool  https://books.google.com:443 "GET /books?jscmd=viewapi&bibkeys=OCLC%3A893099217 HTTP/1.1" 200 None
2026-08-19 05:37:37  DEBUG     urllib3.connectionpool  Starting new HTTPS connection (1): books.google.com:443
2026-08-19 05:37:37  DEBUG     urllib3.connectionpool  https://books.google.com:443 "GET /books?jscmd=viewapi&bibkeys=ISBN%3A2018049836 HTTP/1.1" 200 None
2026-08-19 05:37:37  DEBUG     urllib3.connectionpool  Starting new HTTPS connection (1): books.google.com:443
2026-08-19 05:37:37  DEBUG     urllib3.connectionpool  https://books.google.com:443 "GET /books?jscmd=viewapi&bibkeys=OCLC%3A1059251187 HTTP/1.1" 200 None
2026-08-19 05:37:37  DEBUG     urllib3.connectionpool  Starting new HTTPS connection (1): books.google.com:443
2026-08-19 05:37:37  DEBUG     urllib3.connectionpool  https://books.google.com:443 "GET /books?jscmd=viewapi&bibkeys=ISBN%3A1003809534 HTTP/1.1" 200 None
2026-08-19 05:37:37  DEBUG     urllib3.connectionpool  Starting new HTTPS connection (1): books.google.com:443
2026-08-19 05:37:37  DEBUG     urllib3.connectionpool  https://books.google.com:443 "GET /books?jscmd=viewapi&bibkeys=OCLC%3A885473030 HTTP/1.1" 200 None
2026-08-19 05:37:37  DEBUG     urllib3.connectionpool  Starting new HTTPS connection (1): books.google.com:443
2026-08-19 05:37:37  DEBUG     urllib3.connectionpool  https://books.google.com:443 "GET /books?jscmd=viewapi&bibkeys=ISBN%3A2017004274 HTTP/1.1" 200 None
2026-08-19 05:37:37  DEBUG     urllib3.connectionpool  Starting new HTTPS connection (1): books.google.com:443
2026-08-19 05:37:37  DEBUG     urllib3.connectionpool  https://books.google.com:443 "GET /books?jscmd=viewapi&bibkeys=OCLC%3A979993504 HTTP/1.1" 200 None
2026-08-19 05:37:37  DEBUG     urllib3.connectionpool  Starting new HTTPS connection (1): books.google.com:443
2026-08-19 05:37:37  DEBUG     urllib3.connectionpool  https://books.google.com:443 "GET /books?jscmd=viewapi&bibkeys=OCLC%3A1470945617 HTTP/1.1" 200 None
2026-08-19 05:37:37  DEBUG     urllib3.connectionpool  Starting new HTTPS connection (1): api.themoviedb.org:443
2026-08-19 05:37:38  DEBUG     urllib3.connectionpool  https://api.themoviedb.org:443 "GET /3/search/multi?query=The+best+ten-minute+plays+2024+%2F+edited+by+Debbie+Lamedman.&api_key=0270b36dd719e939d079b611ba56fa7c HTTP/1.1" 200 None
2026-08-19 05:37:38  DEBUG     urllib3.connectionpool  Starting new HTTPS connection (1): books.google.com:443
2026-08-19 05:37:38  DEBUG     urllib3.connectionpool  https://books.google.com:443 "GET /books?jscmd=viewapi&bibkeys=ISBN%3A1034934884 HTTP/1.1" 200 None
2026-08-19 05:37:38  DEBUG     urllib3.connectionpool  Starting new HTTPS connection (1): books.google.com:443
2026-08-19 05:37:38  DEBUG     urllib3.connectionpool  https://books.google.com:443 "GET /books?jscmd=viewapi&bibkeys=OCLC%3A33947563 HTTP/1.1" 200 None
2026-08-19 05:37:38  DEBUG     urllib3.connectionpool  Starting new HTTPS connection (1): books.google.com:443
2026-08-19 05:37:38  DEBUG     urllib3.connectionpool  https://books.google.com:443 "GET /books?jscmd=viewapi&bibkeys=ISBN%3A1305012657 HTTP/1.1" 200 None
2026-08-19 05:37:38  DEBUG     urllib3.connectionpool  Starting new HTTPS connection (1): books.google.com:443
2026-08-19 05:37:38  DEBUG     urllib3.connectionpool  https://books.google.com:443 "GET /books?jscmd=viewapi&bibkeys=OCLC%3A1304816219 HTTP/1.1" 200 None
2026-08-19 05:37:38  DEBUG     urllib3.connectionpool  Starting new HTTPS connection (1): books.google.com:443
2026-08-19 05:37:38  DEBUG     urllib3.connectionpool  https://books.google.com:443 "GET /books?jscmd=viewapi&bibkeys=ISBN%3A2020005807 HTTP/1.1" 200 None
2026-08-19 05:37:38  DEBUG     urllib3.connectionpool  Starting new HTTPS connection (1): books.google.com:443
2026-08-19 05:37:38  DEBUG     urllib3.connectionpool  https://books.google.com:443 "GET /books?jscmd=viewapi&bibkeys=OCLC%3A1129778655 HTTP/1.1" 200 None
2026-08-19 05:37:38  DEBUG     urllib3.connectionpool  Starting new HTTPS connection (1): books.google.com:443
2026-08-19 05:37:38  DEBUG     urllib3.connectionpool  https://books.google.com:443 "GET /books?jscmd=viewapi&bibkeys=OCLC%3A1386701132 HTTP/1.1" 200 None
2026-08-19 05:37:38  DEBUG     urllib3.connectionpool  Starting new HTTPS connection (1): books.google.com:443
2026-08-19 05:37:38  DEBUG     urllib3.connectionpool  https://books.google.com:443 "GET /books?jscmd=viewapi&bibkeys=ISBN%3A2020032761 HTTP/1.1" 200 None
2026-08-19 05:37:38  DEBUG     urllib3.connectionpool  Starting new HTTPS connection (1): books.google.com:443
2026-08-19 05:37:38  DEBUG     urllib3.connectionpool  https://books.google.com:443 "GET /books?jscmd=viewapi&bibkeys=OCLC%3A1191456301 HTTP/1.1" 200 None
2026-08-19 05:37:38  DEBUG     urllib3.connectionpool  Starting new HTTPS connection (1): api.themoviedb.org:443
2026-08-19 05:37:38  DEBUG     urllib3.connectionpool  https://api.themoviedb.org:443 "GET /3/search/multi?query=Raising+the+eleventh+pillar+%3A+the+ratification+debate+of+1788+%2F+John+Patrick+Coby%2C+Smith+College.&api_key=0270b36dd719e939d079b611ba56fa7c HTTP/1.1" 200 None
2026-08-19 05:37:39  DEBUG     urllib3.connectionpool  Starting new HTTPS connection (1): books.google.com:443
2026-08-19 05:37:40  DEBUG     urllib3.connectionpool  https://books.google.com:443 "GET /books?jscmd=viewapi&bibkeys=OCLC%3A808924324 HTTP/1.1" 200 None
2026-08-19 05:37:40  DEBUG     urllib3.connectionpool  Starting new HTTPS connection (1): books.google.com:443
2026-08-19 05:37:40  DEBUG     urllib3.connectionpool  https://books.google.com:443 "GET /books?jscmd=viewapi&bibkeys=ISBN%3A2024044769 HTTP/1.1" 200 None
2026-08-19 05:37:40  DEBUG     urllib3.connectionpool  Starting new HTTPS connection (1): books.google.com:443
2026-08-19 05:37:40  DEBUG     urllib3.connectionpool  https://books.google.com:443 "GET /books?jscmd=viewapi&bibkeys=OCLC%3A1466097097 HTTP/1.1" 200 None
2026-08-19 05:37:40  DEBUG     urllib3.connectionpool  Starting new HTTPS connection (1): books.google.com:443
2026-08-19 05:37:40  DEBUG     urllib3.connectionpool  https://books.google.com:443 "GET /books?jscmd=viewapi&bibkeys=ISBN%3A1324103388 HTTP/1.1" 200 None
2026-08-19 05:37:40  DEBUG     urllib3.connectionpool  Starting new HTTPS connection (1): books.google.com:443
2026-08-19 05:37:40  DEBUG     urllib3.connectionpool  https://books.google.com:443 "GET /books?jscmd=viewapi&bibkeys=ISBN%3A0865164339 HTTP/1.1" 200 None
2026-08-19 05:37:40  DEBUG     urllib3.connectionpool  Starting new HTTPS connection (1): books.google.com:443
2026-08-19 05:37:40  DEBUG     urllib3.connectionpool  https://books.google.com:443 "GET /books?jscmd=viewapi&bibkeys=ISBN%3A1027309594 HTTP/1.1" 200 None
2026-08-19 05:37:40  DEBUG     urllib3.connectionpool  Starting new HTTPS connection (1): books.google.com:443
2026-08-19 05:37:40  DEBUG     urllib3.connectionpool  https://books.google.com:443 "GET /books?jscmd=viewapi&bibkeys=OCLC%3A40756376 HTTP/1.1" 200 None
2026-08-19 05:37:40  DEBUG     urllib3.connectionpool  Starting new HTTPS connection (1): books.google.com:443
2026-08-19 05:37:40  DEBUG     urllib3.connectionpool  https://books.google.com:443 "GET /books?jscmd=viewapi&bibkeys=OCLC%3A29792423 HTTP/1.1" 200 None
2026-08-19 05:37:40  DEBUG     urllib3.connectionpool  Starting new HTTPS connection (1): books.google.com:443
2026-08-19 05:37:40  DEBUG     urllib3.connectionpool  https://books.google.com:443 "GET /books?jscmd=viewapi&bibkeys=ISBN%3A1035417239 HTTP/1.1" 200 None
2026-08-19 05:37:40  DEBUG     urllib3.connectionpool  Starting new HTTPS connection (1): books.google.com:443
2026-08-19 05:37:40  DEBUG     urllib3.connectionpool  https://books.google.com:443 "GET /books?jscmd=viewapi&bibkeys=OCLC%3A40248681 HTTP/1.1" 200 None
2026-08-19 05:37:40  DEBUG     urllib3.connectionpool  Starting new HTTPS connection (1): books.google.com:443
2026-08-19 05:37:40  DEBUG     urllib3.connectionpool  https://books.google.com:443 "GET /books?jscmd=viewapi&bibkeys=ISBN%3A1138650170 HTTP/1.1" 200 None
2026-08-19 05:37:40  DEBUG     urllib3.connectionpool  Starting new HTTPS connection (1): books.google.com:443
2026-08-19 05:37:41  DEBUG     urllib3.connectionpool  https://books.google.com:443 "GET /books?jscmd=viewapi&bibkeys=OCLC%3A1129459894 HTTP/1.1" 200 None
2026-08-19 05:37:41  DEBUG     urllib3.connectionpool  Starting new HTTPS connection (1): books.google.com:443
2026-08-19 05:37:41  DEBUG     urllib3.connectionpool  https://books.google.com:443 "GET /books?jscmd=viewapi&bibkeys=ISBN%3A1154290773 HTTP/1.1" 200 None
2026-08-19 05:37:41  DEBUG     urllib3.connectionpool  Starting new HTTPS connection (1): books.google.com:443
2026-08-19 05:37:41  DEBUG     urllib3.connectionpool  https://books.google.com:443 "GET /books?jscmd=viewapi&bibkeys=OCLC%3A17482829 HTTP/1.1" 200 None
2026-08-19 05:37:41  DEBUG     urllib3.connectionpool  Starting new HTTPS connection (1): books.google.com:443
2026-08-19 05:37:41  DEBUG     urllib3.connectionpool  https://books.google.com:443 "GET /books?jscmd=viewapi&bibkeys=ISBN%3A2020051054 HTTP/1.1" 200 None
2026-08-19 05:37:41  DEBUG     urllib3.connectionpool  Starting new HTTPS connection (1): books.google.com:443
2026-08-19 05:37:41  DEBUG     urllib3.connectionpool  https://books.google.com:443 "GET /books?jscmd=viewapi&bibkeys=OCLC%3A1224043158 HTTP/1.1" 200 None
2026-08-19 05:37:42  DEBUG     urllib3.connectionpool  Starting new HTTPS connection (1): books.google.com:443
2026-08-19 05:37:42  DEBUG     urllib3.connectionpool  https://books.google.com:443 "GET /books?jscmd=viewapi&bibkeys=OCLC%3A898086843 HTTP/1.1" 200 None
2026-08-19 05:37:42  DEBUG     urllib3.connectionpool  Starting new HTTPS connection (1): books.google.com:443
2026-08-19 05:37:42  DEBUG     urllib3.connectionpool  https://books.google.com:443 "GET /books?jscmd=viewapi&bibkeys=OCLC%3A1412257855 HTTP/1.1" 200 None
2026-08-19 05:37:42  DEBUG     urllib3.connectionpool  Starting new HTTPS connection (1): books.google.com:443
2026-08-19 05:37:42  DEBUG     urllib3.connectionpool  https://books.google.com:443 "GET /books?jscmd=viewapi&bibkeys=ISBN%3A1600041547 HTTP/1.1" 200 None
2026-08-19 05:37:42  DEBUG     urllib3.connectionpool  Starting new HTTPS connection (1): books.google.com:443
2026-08-19 05:37:42  DEBUG     urllib3.connectionpool  https://books.google.com:443 "GET /books?jscmd=viewapi&bibkeys=OCLC%3A41302618 HTTP/1.1" 200 None
2026-08-19 05:37:42  DEBUG     urllib3.connectionpool  Starting new HTTPS connection (1): books.google.com:443
2026-08-19 05:37:42  DEBUG     urllib3.connectionpool  https://books.google.com:443 "GET /books?jscmd=viewapi&bibkeys=ISBN%3A1255413457 HTTP/1.1" 200 None
2026-08-19 05:37:42  DEBUG     urllib3.connectionpool  Starting new HTTPS connection (1): books.google.com:443
2026-08-19 05:37:43  DEBUG     urllib3.connectionpool  https://books.google.com:443 "GET /books?jscmd=viewapi&bibkeys=OCLC%3A1057635605 HTTP/1.1" 200 None
2026-08-19 05:37:43  DEBUG     urllib3.connectionpool  Starting new HTTPS connection (1): books.google.com:443
2026-08-19 05:37:43  DEBUG     urllib3.connectionpool  https://books.google.com:443 "GET /books?jscmd=viewapi&bibkeys=ISBN%3A2017299760 HTTP/1.1" 200 None
2026-08-19 05:37:43  DEBUG     urllib3.connectionpool  Starting new HTTPS connection (1): books.google.com:443
2026-08-19 05:37:43  DEBUG     urllib3.connectionpool  https://books.google.com:443 "GET /books?jscmd=viewapi&bibkeys=OCLC%3A962008670 HTTP/1.1" 200 None
2026-08-19 05:37:43  DEBUG     urllib3.connectionpool  Starting new HTTPS connection (1): books.google.com:443
2026-08-19 05:37:43  DEBUG     urllib3.connectionpool  https://books.google.com:443 "GET /books?jscmd=viewapi&bibkeys=ISBN%3A2020049221 HTTP/1.1" 200 None
2026-08-19 05:37:43  DEBUG     urllib3.connectionpool  Starting new HTTPS connection (1): books.google.com:443
2026-08-19 05:37:43  DEBUG     urllib3.connectionpool  https://books.google.com:443 "GET /books?jscmd=viewapi&bibkeys=OCLC%3A1201298698 HTTP/1.1" 200 None
2026-08-19 05:37:43  DEBUG     urllib3.connectionpool  Starting new HTTPS connection (1): books.google.com:443
2026-08-19 05:37:43  DEBUG     urllib3.connectionpool  https://books.google.com:443 "GET /books?jscmd=viewapi&bibkeys=ISBN%3A1165622189 HTTP/1.1" 200 None
2026-08-19 05:37:43  DEBUG     urllib3.connectionpool  Starting new HTTPS connection (1): books.google.com:443
2026-08-19 05:37:43  DEBUG     urllib3.connectionpool  https://books.google.com:443 "GET /books?jscmd=viewapi&bibkeys=OCLC%3A1140193062 HTTP/1.1" 200 None
2026-08-19 05:37:43  DEBUG     urllib3.connectionpool  Starting new HTTPS connection (1): books.google.com:443
2026-08-19 05:37:43  DEBUG     urllib3.connectionpool  https://books.google.com:443 "GET /books?jscmd=viewapi&bibkeys=ISBN%3A2021051253 HTTP/1.1" 200 None
2026-08-19 05:37:43  DEBUG     urllib3.connectionpool  Starting new HTTPS connection (1): books.google.com:443
2026-08-19 05:37:43  DEBUG     urllib3.connectionpool  https://books.google.com:443 "GET /books?jscmd=viewapi&bibkeys=OCLC%3A1287744960 HTTP/1.1" 200 None
2026-08-19 05:37:43  DEBUG     urllib3.connectionpool  Starting new HTTPS connection (1): books.google.com:443
2026-08-19 05:37:43  DEBUG     urllib3.connectionpool  https://books.google.com:443 "GET /books?jscmd=viewapi&bibkeys=ISBN%3A2020935500 HTTP/1.1" 200 None
2026-08-19 05:37:43  DEBUG     urllib3.connectionpool  Starting new HTTPS connection (1): books.google.com:443
2026-08-19 05:37:44  DEBUG     urllib3.connectionpool  https://books.google.com:443 "GET /books?jscmd=viewapi&bibkeys=OCLC%3A1235880188 HTTP/1.1" 200 None
2026-08-19 05:37:44  DEBUG     urllib3.connectionpool  Starting new HTTPS connection (1): books.google.com:443
2026-08-19 05:37:44  DEBUG     urllib3.connectionpool  https://books.google.com:443 "GET /books?jscmd=viewapi&bibkeys=ISBN%3A2022051892 HTTP/1.1" 200 None
2026-08-19 05:37:44  DEBUG     urllib3.connectionpool  Starting new HTTPS connection (1): books.google.com:443
2026-08-19 05:37:44  DEBUG     urllib3.connectionpool  https://books.google.com:443 "GET /books?jscmd=viewapi&bibkeys=OCLC%3A1313902762 HTTP/1.1" 200 None
2026-08-19 05:37:44  DEBUG     urllib3.connectionpool  Starting new HTTPS connection (1): api.themoviedb.org:443
2026-08-19 05:37:44  DEBUG     urllib3.connectionpool  https://api.themoviedb.org:443 "GET /3/search/multi?query=Building+honor+in+academics+%3A+case+studies+in+academic+integrity+%2F+Valerie+P.+Denney%2C+Camilla+J.+Roberts.&api_key=0270b36dd719e939d079b611ba56fa7c HTTP/1.1" 200 None
2026-08-19 05:37:45  DEBUG     urllib3.connectionpool  Starting new HTTPS connection (1): books.google.com:443
2026-08-19 05:37:45  DEBUG     urllib3.connectionpool  https://books.google.com:443 "GET /books?jscmd=viewapi&bibkeys=ISBN%3A2025046546 HTTP/1.1" 200 None
2026-08-19 05:37:45  DEBUG     urllib3.connectionpool  Starting new HTTPS connection (1): books.google.com:443
2026-08-19 05:37:45  DEBUG     urllib3.connectionpool  https://books.google.com:443 "GET /books?jscmd=viewapi&bibkeys=OCLC%3A1573155706 HTTP/1.1" 200 None
2026-08-19 05:37:45  DEBUG     urllib3.connectionpool  Starting new HTTPS connection (1): api.themoviedb.org:443
2026-08-19 05:37:45  DEBUG     urllib3.connectionpool  https://api.themoviedb.org:443 "GET /3/search/multi?query=The+games+that+computers+%28and+humans%29+play+%3A+a+non-technical+introduction+to+artificial+intelligence+%2F+Jonathan+Schaeffer.&api_key=0270b36dd719e939d079b611ba56fa7c HTTP/1.1" 200 None
2026-08-19 05:37:45  DEBUG     urllib3.connectionpool  Starting new HTTPS connection (1): books.google.com:443
2026-08-19 05:37:45  DEBUG     urllib3.connectionpool  https://books.google.com:443 "GET /books?jscmd=viewapi&bibkeys=ISBN%3A2019051714 HTTP/1.1" 200 None
2026-08-19 05:37:45  DEBUG     urllib3.connectionpool  Starting new HTTPS connection (1): books.google.com:443
2026-08-19 05:37:45  DEBUG     urllib3.connectionpool  https://books.google.com:443 "GET /books?jscmd=viewapi&bibkeys=OCLC%3A1119533085 HTTP/1.1" 200 None
2026-08-19 05:37:45  DEBUG     urllib3.connectionpool  Starting new HTTPS connection (1): books.google.com:443
2026-08-19 05:37:45  DEBUG     urllib3.connectionpool  https://books.google.com:443 "GET /books?jscmd=viewapi&bibkeys=ISBN%3A1591829470 HTTP/1.1" 200 None
2026-08-19 05:37:45  DEBUG     urllib3.connectionpool  Starting new HTTPS connection (1): books.google.com:443
2026-08-19 05:37:46  DEBUG     urllib3.connectionpool  https://books.google.com:443 "GET /books?jscmd=viewapi&bibkeys=OCLC%3A1551446380 HTTP/1.1" 200 None
2026-08-19 05:37:46  DEBUG     urllib3.connectionpool  Starting new HTTPS connection (1): books.google.com:443
2026-08-19 05:37:46  DEBUG     urllib3.connectionpool  https://books.google.com:443 "GET /books?jscmd=viewapi&bibkeys=ISBN%3A1523045339 HTTP/1.1" 200 None
2026-08-19 05:37:46  DEBUG     urllib3.connectionpool  Starting new HTTPS connection (1): books.google.com:443
2026-08-19 05:37:46  DEBUG     urllib3.connectionpool  https://books.google.com:443 "GET /books?jscmd=viewapi&bibkeys=OCLC%3A1574784009 HTTP/1.1" 200 None
2026-08-19 05:37:46  DEBUG     urllib3.connectionpool  Starting new HTTPS connection (1): books.google.com:443
2026-08-19 05:37:46  DEBUG     urllib3.connectionpool  https://books.google.com:443 "GET /books?jscmd=viewapi&bibkeys=ISBN%3A2024009783 HTTP/1.1" 200 None
2026-08-19 05:37:46  DEBUG     urllib3.connectionpool  Starting new HTTPS connection (1): books.google.com:443
2026-08-19 05:37:46  DEBUG     urllib3.connectionpool  https://books.google.com:443 "GET /books?jscmd=viewapi&bibkeys=OCLC%3A1425246958 HTTP/1.1" 200 None
2026-08-19 05:37:46  DEBUG     urllib3.connectionpool  Starting new HTTPS connection (1): books.google.com:443
2026-08-19 05:37:46  DEBUG     urllib3.connectionpool  https://books.google.com:443 "GET /books?jscmd=viewapi&bibkeys=ISBN%3A2025015767 HTTP/1.1" 200 None
2026-08-19 05:37:46  DEBUG     urllib3.connectionpool  Starting new HTTPS connection (1): books.google.com:443
2026-08-19 05:37:46  DEBUG     urllib3.connectionpool  https://books.google.com:443 "GET /books?jscmd=viewapi&bibkeys=OCLC%3A1552153923 HTTP/1.1" 200 None
2026-08-19 05:37:46  DEBUG     urllib3.connectionpool  Starting new HTTPS connection (1): books.google.com:443
2026-08-19 05:37:46  DEBUG     urllib3.connectionpool  https://books.google.com:443 "GET /books?jscmd=viewapi&bibkeys=ISBN%3A1064489040 HTTP/1.1" 200 None
2026-08-19 05:37:46  DEBUG     urllib3.connectionpool  Starting new HTTPS connection (1): books.google.com:443
2026-08-19 05:37:46  DEBUG     urllib3.connectionpool  https://books.google.com:443 "GET /books?jscmd=viewapi&bibkeys=OCLC%3A894900970 HTTP/1.1" 200 None
2026-08-19 05:37:46  DEBUG     urllib3.connectionpool  Starting new HTTPS connection (1): books.google.com:443
2026-08-19 05:37:46  DEBUG     urllib3.connectionpool  https://books.google.com:443 "GET /books?jscmd=viewapi&bibkeys=ISBN%3A2025029822 HTTP/1.1" 200 None
2026-08-19 05:37:46  DEBUG     urllib3.connectionpool  Starting new HTTPS connection (1): books.google.com:443
2026-08-19 05:37:47  DEBUG     urllib3.connectionpool  https://books.google.com:443 "GET /books?jscmd=viewapi&bibkeys=OCLC%3A1530056475 HTTP/1.1" 200 None
2026-08-19 05:37:47  DEBUG     urllib3.connectionpool  Starting new HTTPS connection (1): api.themoviedb.org:443
2026-08-19 05:37:47  DEBUG     urllib3.connectionpool  https://api.themoviedb.org:443 "GET /3/search/multi?query=Leadership+lessons+from+the+Jesuits+%3A+cura+apostolica+and+the+mission-driven+organization+%2F+Matthew+E.+Carnes%2C+SJ%2C+editor+%3B+afterword+by+Michael+J.+Garanzini%2C+SJ+and+Arturo+Sosa%2C+SJ.&api_key=0270b36dd719e939d079b611ba56fa7c HTTP/1.1" 200 None
2026-08-19 05:37:47  DEBUG     urllib3.connectionpool  Starting new HTTPS connection (1): books.google.com:443
2026-08-19 05:37:47  DEBUG     urllib3.connectionpool  https://books.google.com:443 "GET /books?jscmd=viewapi&bibkeys=ISBN%3A1805265695 HTTP/1.1" 200 None
2026-08-19 05:37:47  DEBUG     urllib3.connectionpool  Starting new HTTPS connection (1): books.google.com:443
2026-08-19 05:37:47  DEBUG     urllib3.connectionpool  https://books.google.com:443 "GET /books?jscmd=viewapi&bibkeys=ISBN%3A2024036105 HTTP/1.1" 200 None
2026-08-19 05:37:47  DEBUG     urllib3.connectionpool  Starting new HTTPS connection (1): books.google.com:443
2026-08-19 05:37:47  DEBUG     urllib3.connectionpool  https://books.google.com:443 "GET /books?jscmd=viewapi&bibkeys=OCLC%3A1440028218 HTTP/1.1" 200 None
2026-08-19 05:37:48  INFO      src.html_generator  HTML written to /home/runner/work/folio-new-books/folio-new-books/output/new-materials.html
2026-08-19 05:37:48  DEBUG     src.html_generator  Assets copied to output/assets
2026-08-19 05:37:48  DEBUG     src.html_generator  Item data written to output/data/items.json
2026-08-19 05:37:48  INFO      __main__  Done — 111 items written to output/new-materials.html (plus assets/ and data/items.json)
